keyword,volume,competition,comp_index,tier,cluster,intent
custom photo products,500000,low,0,3,physical_products,HIGH
personalized photo products,500000,low,0,2,gift_personalized,HIGH
1 year anniversary gift,50000,high,100,2,gift_anniversary,MEDIUM
1 year anniversary present,50000,high,100,2,gift_anniversary,MEDIUM
10 year anniversary gift,50000,high,100,2,gift_anniversary,MEDIUM
10 year anniversary present,50000,high,100,2,gift_anniversary,MEDIUM
10th anniversary gift,50000,high,100,2,gift_anniversary,MEDIUM
11 year anniversary gift,50000,high,100,2,gift_anniversary,MEDIUM
11 year anniversary present,50000,high,100,2,gift_anniversary,MEDIUM
11th anniversary gift,50000,high,100,2,gift_anniversary,MEDIUM
15 year anniversary gift,50000,high,100,2,gift_anniversary,MEDIUM
15 year anniversary present,50000,high,100,2,gift_anniversary,MEDIUM
15 years married gift,50000,high,100,2,gift_anniversary,MEDIUM
1st anniversary gift,50000,high,100,2,gift_anniversary,MEDIUM
1st anniversary present,50000,high,100,2,gift_anniversary,MEDIUM
1st year anniversary gift,50000,high,100,2,gift_anniversary,MEDIUM
20 year anniversary gift,50000,high,100,2,gift_anniversary,MEDIUM
20 year anniversary present,50000,high,100,2,gift_anniversary,MEDIUM
20th anniversary gift,50000,high,100,2,gift_anniversary,MEDIUM
25 th anniversary gifts,50000,high,100,2,gift_anniversary,MEDIUM
25th anniversary gifts,50000,high,100,2,gift_anniversary,MEDIUM
3 year anniversary gift,50000,high,100,2,gift_anniversary,MEDIUM
3 year anniversary present,50000,high,100,2,gift_anniversary,MEDIUM
3rd year anniversary gift,50000,high,100,2,gift_anniversary,MEDIUM
4 year anniversary gift,50000,high,100,2,gift_anniversary,MEDIUM
4 year anniversary present,50000,high,100,2,gift_anniversary,MEDIUM
4 years married gift,50000,high,100,2,gift_anniversary,MEDIUM
4th year anniversary gift,50000,high,100,2,gift_anniversary,MEDIUM
5 year anniversary gift,50000,high,100,2,gift_anniversary,MEDIUM
5 year anniversary present,50000,high,100,2,gift_anniversary,MEDIUM
50 years married gift,50000,high,100,2,gift_anniversary,MEDIUM
50th anniversary gifts,50000,high,100,2,gift_anniversary,MEDIUM
50th wedding anniversary gifts,50000,high,100,2,gift_anniversary,MEDIUM
50th wedding anniversary present ideas,50000,high,100,2,gift_anniversary,MEDIUM
50th wedding anniversary presents,50000,high,100,2,gift_anniversary,MEDIUM
5th year anniversary gift,50000,high,100,2,gift_anniversary,MEDIUM
6 year anniversary gift,50000,high,100,2,gift_anniversary,MEDIUM
6 year anniversary present,50000,high,100,2,gift_anniversary,MEDIUM
6th year anniversary gift,50000,high,100,2,gift_anniversary,MEDIUM
7 year anniversary gift,50000,high,100,2,gift_anniversary,MEDIUM
7 year anniversary present,50000,high,100,2,gift_anniversary,MEDIUM
7 year gift anniversary,50000,high,100,3,gift_other,MEDIUM
7th year anniversary gift,50000,high,100,2,gift_anniversary,MEDIUM
8 year anniversary gift,50000,high,100,2,gift_anniversary,MEDIUM
8 year anniversary present,50000,high,100,2,gift_anniversary,MEDIUM
8 year wedding anniversary gift,50000,high,100,2,gift_anniversary,MEDIUM
8th year anniversary gift,50000,high,100,2,gift_anniversary,MEDIUM
8th year wedding anniversary gift,50000,high,100,2,gift_anniversary,MEDIUM
9 year anniversary gift,50000,high,100,2,gift_anniversary,MEDIUM
9 year anniversary present,50000,high,100,2,gift_anniversary,MEDIUM
9th year anniversary gift,50000,high,100,2,gift_anniversary,MEDIUM
anniversary gift ideas,50000,high,100,2,gift_anniversary,MEDIUM
anniversary gift suggestions,50000,high,100,2,gift_anniversary,MEDIUM
anniversary gifts by year,50000,high,96,2,gift_anniversary,MEDIUM
anniversary gifts for 25th anniversary,50000,high,100,2,gift_anniversary,MEDIUM
anniversary gifts per year,50000,high,96,2,gift_anniversary,MEDIUM
anniversary present for her,50000,high,100,2,gift_anniversary,MEDIUM
anniversary presents by year,50000,high,96,2,gift_anniversary,MEDIUM
change vhs to digital,50000,high,100,2,vhs_legacy,MEDIUM
changing vhs tapes to digital,50000,high,100,2,vhs_legacy,MEDIUM
commencement gifts,50000,high,100,2,gift_graduation,MEDIUM
convert super vhs to digital,50000,high,100,2,vhs_legacy,MEDIUM
convert vcr tapes to digital,50000,high,100,2,vhs_legacy,MEDIUM
convert vcr to digital,50000,high,100,2,vhs_legacy,MEDIUM
convert vcr video to digital,50000,high,100,2,vhs_legacy,MEDIUM
convert vhs into digital,50000,high,100,2,vhs_legacy,MEDIUM
convert vhs tapes to digital,50000,high,100,2,vhs_legacy,MEDIUM
convert vhs to digital,50000,high,100,2,vhs_legacy,MEDIUM
convert vhs video to digital,50000,high,100,2,vhs_legacy,MEDIUM
convert videotapes to digital,50000,high,100,2,vhs_legacy,MEDIUM
converter for vhs to digital,50000,high,100,2,vhs_legacy,HIGH
convocation gifts,50000,high,100,2,gift_graduation,MEDIUM
cool gifts for mothers,50000,high,100,3,gift_other,MEDIUM
cool mothers day gifts,50000,high,99,2,gift_mothers,MEDIUM
custom blankets with pictures,50000,high,100,3,physical_products,HIGH
custom coffee mugs,50000,high,100,3,other,HIGH
custom made photo blankets,50000,high,100,3,physical_products,HIGH
custom photo blankets,50000,high,100,3,physical_products,HIGH
custom photo presents,50000,high,100,2,gift_personalized,HIGH
decorative graduation cap,50000,high,88,3,other_graduation,MEDIUM
digital conversion of vhs tapes,50000,high,100,2,vhs_legacy,MEDIUM
digital transfer vhs,50000,high,100,2,vhs_legacy,MEDIUM
film super 8mm,50000,high,86,2,vhs_legacy,MEDIUM
first anniversary gift,50000,high,100,2,gift_anniversary,MEDIUM
first anniversary present,50000,high,100,2,gift_anniversary,MEDIUM
first year anniversary gifts,50000,high,100,2,gift_anniversary,MEDIUM
five year anniversary gift,50000,high,100,2,gift_anniversary,MEDIUM
grad gift ideas,50000,high,100,2,gift_graduation,MEDIUM
grad gift ideas for him,50000,high,100,2,gift_graduation,MEDIUM
grad gifts,50000,high,100,2,gift_graduation,MEDIUM
grad gifts for guys,50000,high,100,2,gift_graduation,MEDIUM
grad gifts for him,50000,high,100,2,gift_graduation,MEDIUM
grad gifts for men,50000,high,100,2,gift_graduation,MEDIUM
grad presents,50000,high,100,3,gift_other,MEDIUM
graduation ceremony gift ideas,50000,high,100,3,gift_other,MEDIUM
graduation ceremony gifts,50000,high,100,3,gift_other,MEDIUM
graduation gift ideas,50000,high,100,2,gift_graduation,MEDIUM
graduation gift ideas for him,50000,high,100,2,gift_graduation,MEDIUM
graduation gifts,50000,high,100,2,gift_graduation,MEDIUM
graduation gifts for guys,50000,high,100,2,gift_graduation,MEDIUM
graduation gifts for him,50000,high,100,2,gift_graduation,MEDIUM
graduation gifts for men,50000,high,100,2,gift_graduation,MEDIUM
graduation present ideas,50000,high,100,2,gift_graduation,MEDIUM
graduation present ideas for him,50000,high,100,2,gift_graduation,MEDIUM
graduation presents for guys,50000,high,100,2,gift_graduation,MEDIUM
graduation presents for him,50000,high,100,2,gift_graduation,MEDIUM
high graduation gifts,50000,high,100,2,gift_graduation,MEDIUM
hs grad gifts,50000,high,100,2,gift_graduation,MEDIUM
hs graduation gifts,50000,high,100,2,gift_graduation,MEDIUM
ideas gift for graduation,50000,high,100,3,gift_other,MEDIUM
marriage anniversary gifts by year,50000,high,76,2,gift_anniversary,MEDIUM
mugs customised,50000,high,100,3,other,HIGH
neat gifts for mom,50000,high,100,3,gift_other,MEDIUM
one year anniversary gift ideas,50000,high,100,2,gift_anniversary,MEDIUM
one year anniversary gifts,50000,high,100,2,gift_anniversary,MEDIUM
one year anniversary presents,50000,high,100,2,gift_anniversary,MEDIUM
paper anniversary gifts,50000,medium,50,2,gift_anniversary,MEDIUM
paper anniversary present,50000,medium,50,2,gift_anniversary,MEDIUM
paper wedding anniversary gifts,50000,medium,50,2,gift_anniversary,MEDIUM
personal gifts for mum,50000,medium,57,3,gift_other,MEDIUM
personalized blankets with pictures,50000,high,100,3,other,HIGH
personalized gifts for a mom,50000,medium,57,2,gift_personalized,HIGH
personalized gifts for mum,50000,medium,57,2,gift_personalized,HIGH
pet memorial gift,50000,high,100,2,gift_memorial,MEDIUM
photo blankets,50000,high,100,3,physical_products,MEDIUM
sympathy gift baskets,50000,high,100,2,gift_memorial,MEDIUM
sympathy gift packages,50000,high,100,2,gift_memorial,MEDIUM
sympathy gifts,50000,high,100,2,gift_memorial,MEDIUM
sympathy presents,50000,high,100,3,gift_other,MEDIUM
ten year anniversary gift,50000,high,100,2,gift_anniversary,MEDIUM
ten year anniversary present,50000,high,100,2,gift_anniversary,MEDIUM
three year anniversary gift,50000,high,100,2,gift_anniversary,MEDIUM
traditional anniversary gifts,50000,high,87,2,gift_anniversary,MEDIUM
traditional anniversary gifts by year,50000,low,31,2,gift_anniversary,MEDIUM
traditional anniversary gifts for each year,50000,low,31,2,gift_anniversary,MEDIUM
traditional anniversary gifts per year,50000,low,31,2,gift_anniversary,MEDIUM
traditional anniversary presents,50000,high,87,2,gift_anniversary,MEDIUM
transfer vcr to digital,50000,high,100,2,vhs_legacy,MEDIUM
transfer vhs to digital,50000,high,100,2,vhs_legacy,MEDIUM
turn vhs into digital,50000,high,100,3,other,MEDIUM
turn vhs to digital,50000,high,100,2,vhs_legacy,MEDIUM
twenty year anniversary gift,50000,high,100,2,gift_anniversary,MEDIUM
twenty year wedding anniversary gift,50000,high,100,2,gift_anniversary,MEDIUM
vcr digital conversion,50000,high,100,3,other,MEDIUM
vcr tape to digital converter,50000,high,100,2,vhs_legacy,HIGH
vcr to digital converter,50000,high,100,2,vhs_legacy,HIGH
vcr transfer to digital,50000,high,100,3,other,MEDIUM
vhs tape to digital converter,50000,high,100,2,vhs_legacy,HIGH
vhs to digital converters,50000,high,100,2,vhs_legacy,HIGH
vhs video to digital conversion,50000,high,100,3,other,MEDIUM
vhs video to digital converter,50000,high,100,3,other,HIGH
wedding anniversary gifts,50000,high,100,2,gift_anniversary,MEDIUM
wedding anniversary presents by year,50000,high,76,2,gift_anniversary,MEDIUM
year by year anniversary gift,50000,high,96,2,gift_anniversary,MEDIUM
year seven anniversary gift,50000,high,100,2,gift_anniversary,MEDIUM
1 year anniversary gift for her,5000,high,100,2,gift_anniversary,MEDIUM
1 year anniversary gift for him,5000,high,100,2,gift_anniversary,MEDIUM
1 year anniversary gift ideas,5000,high,100,2,gift_anniversary,MEDIUM
1 year anniversary ideas,5000,high,99,3,other,MEDIUM
1 year anniversary presents for him,5000,high,100,2,gift_anniversary,MEDIUM
1 year wedding anniversary gifts,5000,high,100,2,gift_anniversary,MEDIUM
10 th wedding anniversary,5000,high,98,2,gift_anniversary,MEDIUM
10 year anniversary gift for him,5000,high,100,2,gift_anniversary,MEDIUM
10 year anniversary gift for husband,5000,high,99,2,gift_anniversary,MEDIUM
10 year anniversary gift for men,5000,high,100,2,gift_anniversary,MEDIUM
10 year anniversary gift for wife,5000,high,100,2,gift_anniversary,MEDIUM
10 year anniversary gift modern and traditional,5000,high,100,2,gift_anniversary,MEDIUM
10 year anniversary gift traditional,5000,high,100,2,gift_anniversary,MEDIUM
10 year anniversary ideas,5000,high,99,3,other,MEDIUM
10 year anniversary wedding,5000,high,100,3,other,MEDIUM
10 year marriage anniversary gift,5000,high,100,2,gift_anniversary,MEDIUM
10 year wedding anniversary gift,5000,high,100,2,gift_anniversary,MEDIUM
10 year wedding anniversary gift for him,5000,high,100,2,gift_anniversary,MEDIUM
10 year wedding anniversary gift for husband,5000,high,99,2,gift_anniversary,MEDIUM
10th anniversary traditional gift,5000,high,100,3,gift_other,MEDIUM
10th wedding anniversary gift,5000,high,100,2,gift_anniversary,MEDIUM
11 year anniversary gift traditional and modern,5000,high,100,2,gift_anniversary,MEDIUM
11 year wedding anniversary gift,5000,high,99,2,gift_anniversary,MEDIUM
11 year wedding anniversary traditional gift,5000,high,100,2,gift_anniversary,MEDIUM
11th wedding anniversary gift,5000,high,100,2,gift_anniversary,MEDIUM
12 anniversary gift,5000,high,100,2,gift_anniversary,MEDIUM
12 wedding anniversary gift,5000,high,100,2,gift_anniversary,MEDIUM
12 year anniversary gift,5000,high,100,2,gift_anniversary,MEDIUM
12 year anniversary gift traditional and modern,5000,high,100,2,gift_anniversary,MEDIUM
12 year anniversary present,5000,high,100,2,gift_anniversary,MEDIUM
12 year wedding anniversary gift,5000,high,100,2,gift_anniversary,MEDIUM
12th anniversary present,5000,high,100,2,gift_anniversary,MEDIUM
12th anniversary traditional gift,5000,high,100,3,gift_other,MEDIUM
13 year anniversary,5000,high,90,3,other,MEDIUM
13 year anniversary gift,5000,high,100,2,gift_anniversary,MEDIUM
13 year anniversary gift traditional and modern,5000,high,100,2,gift_anniversary,MEDIUM
13 years marriage gift,5000,high,100,3,gift_other,MEDIUM
13th anniversary gift,5000,high,100,2,gift_anniversary,MEDIUM
13th anniversary gift traditional,5000,high,100,2,gift_anniversary,MEDIUM
13th wedding anniversary gift,5000,high,100,2,gift_anniversary,MEDIUM
14 wedding anniversary gift,5000,high,100,2,gift_anniversary,MEDIUM
14 year anniversary gift,5000,high,100,2,gift_anniversary,MEDIUM
14 year anniversary gift traditional and modern,5000,high,100,2,gift_anniversary,MEDIUM
14 year wedding anniversary gift,5000,high,100,2,gift_anniversary,MEDIUM
14th anniversary gift,5000,high,100,2,gift_anniversary,MEDIUM
14th anniversary traditional gift,5000,high,100,3,gift_other,MEDIUM
15 th wedding anniversary,5000,high,99,2,gift_anniversary,MEDIUM
15 year anniversary gift for him,5000,high,100,2,gift_anniversary,MEDIUM
15 year anniversary gift traditional and modern,5000,high,100,2,gift_anniversary,MEDIUM
15 year wedding anniversary gift,5000,high,100,2,gift_anniversary,MEDIUM
15th anniversary gift traditional,5000,high,100,2,gift_anniversary,MEDIUM
15th wedding anniversary gifts,5000,high,100,2,gift_anniversary,MEDIUM
16 year anniversary gift,5000,high,100,2,gift_anniversary,MEDIUM
16 year anniversary gift traditional and modern,5000,high,100,2,gift_anniversary,MEDIUM
16th anniversary gift,5000,high,100,2,gift_anniversary,MEDIUM
16th wedding anniversary gift,5000,high,100,2,gift_anniversary,MEDIUM
17 year anniversary gift,5000,high,100,2,gift_anniversary,MEDIUM
17 year wedding anniversary gift,5000,high,100,2,gift_anniversary,MEDIUM
17th anniversary gift,5000,high,100,2,gift_anniversary,MEDIUM
17th wedding anniversary gift ideas,5000,high,100,2,gift_anniversary,MEDIUM
18 year anniversary gift,5000,high,100,2,gift_anniversary,MEDIUM
18 years married gift,5000,high,100,2,gift_anniversary,MEDIUM
18th anniversary gift,5000,high,100,2,gift_anniversary,MEDIUM
18th anniversary present,5000,high,99,2,gift_anniversary,MEDIUM
18th wedding anniversary gifts,5000,high,99,2,gift_anniversary,MEDIUM
19 year anniversary gift,5000,high,100,2,gift_anniversary,MEDIUM
19 year anniversary gift traditional and modern,5000,high,100,2,gift_anniversary,MEDIUM
19th anniversary gift,5000,high,100,2,gift_anniversary,MEDIUM
19th anniversary traditional gift,5000,high,100,3,gift_other,MEDIUM
1sr anniversary gift,5000,high,100,2,gift_anniversary,MEDIUM
1st anniversary gift for husband,5000,high,100,2,gift_anniversary,MEDIUM
1st anniversary gift ideas,5000,high,100,2,gift_anniversary,MEDIUM
1st anniversary paper gifts,5000,high,100,3,gift_other,MEDIUM
1st wedding anniversary gift,5000,high,100,2,gift_anniversary,MEDIUM
1st wedding anniversary gift for husband,5000,high,100,2,gift_anniversary,MEDIUM
1st wedding anniversary present,5000,high,100,2,gift_anniversary,MEDIUM
1st year anniversary gift for her,5000,high,100,2,gift_anniversary,MEDIUM
1st year anniversary gift ideas,5000,high,100,2,gift_anniversary,MEDIUM
1st year anniversary gifts for him,5000,high,100,2,gift_anniversary,MEDIUM
1st year anniversary ideas,5000,high,99,3,other,MEDIUM
1yr wedding anniversary gift,5000,high,99,2,gift_anniversary,MEDIUM
2 year anniversary gift,5000,high,100,2,gift_anniversary,MEDIUM
2 year anniversary gift for him,5000,high,100,2,gift_anniversary,MEDIUM
2 year anniversary present,5000,high,100,2,gift_anniversary,MEDIUM
2 year wedding anniversary gift,5000,high,99,2,gift_anniversary,MEDIUM
20 year anniversary gift for husband,5000,high,100,2,gift_anniversary,MEDIUM
20 year anniversary gift traditional and modern,5000,high,100,2,gift_anniversary,MEDIUM
20 year wedding anniversary gift,5000,high,100,2,gift_anniversary,MEDIUM
20th anniversary gift for husband,5000,high,99,2,gift_anniversary,MEDIUM
20th anniversary traditional gift,5000,high,100,3,gift_other,MEDIUM
20th wedding anniversary gift,5000,high,100,2,gift_anniversary,MEDIUM
20th wedding anniversary presents,5000,high,100,2,gift_anniversary,MEDIUM
21 year anniversary gift,5000,high,100,2,gift_anniversary,MEDIUM
21 years of marriage gift,5000,high,100,3,gift_other,MEDIUM
21st anniversary gift,5000,high,100,2,gift_anniversary,MEDIUM
21st wedding anniversary gift,5000,high,100,2,gift_anniversary,MEDIUM
22 year anniversary gift,5000,high,100,2,gift_anniversary,MEDIUM
22nd anniversary gift,5000,high,100,2,gift_anniversary,MEDIUM
22nd wedding anniversary gifts,5000,high,100,2,gift_anniversary,MEDIUM
23 year anniversary gift,5000,high,100,2,gift_anniversary,MEDIUM
23 year wedding anniversary gift,5000,high,100,2,gift_anniversary,MEDIUM
23rd wedding anniversary gifts,5000,high,100,2,gift_anniversary,MEDIUM
24 year anniversary gift,5000,high,100,2,gift_anniversary,MEDIUM
24th wedding anniversary gift,5000,high,100,2,gift_anniversary,MEDIUM
25 year anniversary gift,5000,high,100,2,gift_anniversary,MEDIUM
25 year anniversary present,5000,high,100,2,gift_anniversary,MEDIUM
25 year wedding anniversary gift,5000,high,100,2,gift_anniversary,MEDIUM
25th anniversary gifts for him,5000,high,100,2,gift_anniversary,MEDIUM
25th anniversary gifts for men,5000,high,100,2,gift_anniversary,MEDIUM
25th anniversary gifts for wife,5000,high,100,2,gift_anniversary,MEDIUM
25th anniversary present,5000,high,100,2,gift_anniversary,MEDIUM
25th marriage anniversary gifts,5000,high,100,2,gift_anniversary,MEDIUM
25th wedding anniversary gifts,5000,high,100,2,gift_anniversary,MEDIUM
25th wedding anniversary gifts for him,5000,high,100,2,gift_anniversary,MEDIUM
25th wedding anniversary gifts for wife,5000,high,100,2,gift_anniversary,MEDIUM
25th wedding anniversary ideas,5000,high,100,2,gift_anniversary,MEDIUM
25th wedding anniversary presents,5000,high,100,2,gift_anniversary,MEDIUM
25th wedding anniversary traditional gift,5000,high,100,2,gift_anniversary,MEDIUM
27 year anniversary gift,5000,high,100,2,gift_anniversary,MEDIUM
28 anniversary gift,5000,high,100,2,gift_anniversary,MEDIUM
2nd anniversary cotton gifts,5000,high,100,3,gift_other,MEDIUM
2nd anniversary gift,5000,high,100,2,gift_anniversary,MEDIUM
2nd anniversary present,5000,high,100,2,gift_anniversary,MEDIUM
2nd anniversary traditional gift,5000,high,100,3,gift_other,MEDIUM
2nd wedding anniversary gift,5000,high,100,2,gift_anniversary,MEDIUM
2nd year anniversary gift,5000,high,100,2,gift_anniversary,MEDIUM
2nd year anniversary gift for him,5000,high,100,2,gift_anniversary,MEDIUM
2nd year wedding anniversary gift,5000,high,99,2,gift_anniversary,MEDIUM
3 year anniversary gift for him,5000,high,99,2,gift_anniversary,MEDIUM
3 year anniversary gift traditional,5000,high,100,2,gift_anniversary,MEDIUM
3 year wedding anniversary gift,5000,high,100,2,gift_anniversary,MEDIUM
30 year anniversary gift,5000,high,100,2,gift_anniversary,MEDIUM
30 year anniversary gift traditional,5000,high,100,2,gift_anniversary,MEDIUM
30 year anniversary present,5000,high,100,2,gift_anniversary,MEDIUM
30 year wedding anniversary gift,5000,high,100,2,gift_anniversary,MEDIUM
30th anniversary gift,5000,high,100,2,gift_anniversary,MEDIUM
30th anniversary present,5000,high,100,2,gift_anniversary,MEDIUM
30th wedding anniversary gift,5000,high,100,2,gift_anniversary,MEDIUM
35 th wedding anniversary,5000,high,100,2,gift_anniversary,MEDIUM
35 year anniversary gift,5000,high,100,2,gift_anniversary,MEDIUM
35th anniversary gift,5000,high,100,2,gift_anniversary,MEDIUM
35th wedding anniversary gifts,5000,high,100,2,gift_anniversary,MEDIUM
3d crystal photo,5000,high,100,3,other,MEDIUM
3rd anniversary gift,5000,high,100,2,gift_anniversary,MEDIUM
3rd anniversary gift traditional,5000,high,100,2,gift_anniversary,MEDIUM
3rd anniversary present,5000,high,100,2,gift_anniversary,MEDIUM
3rd marriage anniversary gift,5000,high,100,2,gift_anniversary,MEDIUM
3rd wedding anniversary gift,5000,high,100,2,gift_anniversary,MEDIUM
3rd wedding anniversary present,5000,high,100,2,gift_anniversary,MEDIUM
3rd wedding anniversary traditional and modern gifts,5000,high,100,2,gift_anniversary,MEDIUM
3rd year anniversary gift for him,5000,high,99,2,gift_anniversary,MEDIUM
3rd year wedding anniversary gift,5000,high,100,2,gift_anniversary,MEDIUM
4 year anniversary gift for him,5000,high,100,2,gift_anniversary,MEDIUM
4 year wedding anniversary gift,5000,high,100,2,gift_anniversary,MEDIUM
4 year wedding anniversary gift ideas,5000,high,100,2,gift_anniversary,MEDIUM
4 years anniversary gift for him,5000,high,100,2,gift_anniversary,MEDIUM
40 th wedding anniversary,5000,high,100,2,gift_anniversary,MEDIUM
40 year anniversary gift,5000,high,100,2,gift_anniversary,MEDIUM
40 years marriage anniversary,5000,high,100,3,other,MEDIUM
40th anniversary gift,5000,high,100,2,gift_anniversary,MEDIUM
40th wedding anniversary gift,5000,high,100,2,gift_anniversary,MEDIUM
45th anniversary gift,5000,high,100,2,gift_anniversary,MEDIUM
45th wedding anniversary gift,5000,high,100,2,gift_anniversary,MEDIUM
4th anniversary gift,5000,high,100,2,gift_anniversary,MEDIUM
4th anniversary gift ideas,5000,high,100,2,gift_anniversary,MEDIUM
4th anniversary gift traditional,5000,high,100,2,gift_anniversary,MEDIUM
4th anniversary present,5000,high,100,2,gift_anniversary,MEDIUM
4th wedding anniversary gift ideas,5000,high,100,2,gift_anniversary,MEDIUM
4th wedding anniversary gifts,5000,high,100,2,gift_anniversary,MEDIUM
4th wedding anniversary present,5000,high,100,2,gift_anniversary,MEDIUM
4th wedding anniversary traditional gift,5000,high,100,2,gift_anniversary,MEDIUM
4th year anniversary gift for him,5000,high,100,2,gift_anniversary,MEDIUM
4th year anniversary gift traditional,5000,high,100,2,gift_anniversary,MEDIUM
4th year wedding anniversary gift,5000,high,100,2,gift_anniversary,MEDIUM
5 year anniversary gift for him,5000,high,100,2,gift_anniversary,MEDIUM
5 year anniversary gift for wife,5000,high,98,2,gift_anniversary,MEDIUM
5 year anniversary gift traditional and modern,5000,high,100,2,gift_anniversary,MEDIUM
5 year wedding anniversary,5000,high,100,2,gift_anniversary,MEDIUM
5 year wedding anniversary gift,5000,high,100,2,gift_anniversary,MEDIUM
50 year anniversary gift,5000,high,100,2,gift_anniversary,MEDIUM
50 year anniversary gift ideas,5000,high,100,2,gift_anniversary,MEDIUM
50 year wedding anniversary ideas,5000,high,100,2,gift_anniversary,MEDIUM
50th anniversary gift for parents,5000,high,100,2,gift_anniversary,MEDIUM
50th anniversary gift ideas,5000,high,100,2,gift_anniversary,MEDIUM
50th anniversary present for parents,5000,high,100,2,gift_anniversary,MEDIUM
50th anniversary present ideas for parents,5000,high,100,2,gift_anniversary,MEDIUM
50th marriage anniversary gift,5000,high,100,2,gift_anniversary,MEDIUM
50th wedding anniversary gifts for parents,5000,high,100,2,gift_anniversary,MEDIUM
50th wedding anniversary ideas,5000,high,100,2,gift_anniversary,MEDIUM
50th wedding anniversary present for parents,5000,high,100,2,gift_anniversary,MEDIUM
5th anniversary gift,5000,high,100,2,gift_anniversary,MEDIUM
5th anniversary traditional gift,5000,high,100,3,gift_other,MEDIUM
5th wedding anniversary gift,5000,high,100,2,gift_anniversary,MEDIUM
5th wedding anniversary present,5000,high,100,2,gift_anniversary,MEDIUM
5th year anniversary gift for him,5000,high,100,2,gift_anniversary,MEDIUM
5th year wedding anniversary gift,5000,high,100,2,gift_anniversary,MEDIUM
6 anniversary gift,5000,high,100,2,gift_anniversary,MEDIUM
6 year anniversary gift traditional and modern,5000,high,100,2,gift_anniversary,MEDIUM
6 year wedding anniversary gift,5000,high,100,2,gift_anniversary,MEDIUM
60 th wedding anniversary,5000,high,100,2,gift_anniversary,MEDIUM
60th anniversary gift,5000,high,100,2,gift_anniversary,MEDIUM
60th wedding anniversary gifts,5000,high,100,2,gift_anniversary,MEDIUM
6th anniversary gift,5000,high,100,2,gift_anniversary,MEDIUM
6th anniversary present,5000,high,100,2,gift_anniversary,MEDIUM
6th anniversary traditional gift,5000,high,100,3,gift_other,MEDIUM
6th wedding anniversary gifts,5000,high,100,2,gift_anniversary,MEDIUM
6th year wedding anniversary gift,5000,high,100,2,gift_anniversary,MEDIUM
7 wedding anniversary gifts,5000,high,99,2,gift_anniversary,MEDIUM
7 year anniversary gift for him,5000,high,100,2,gift_anniversary,MEDIUM
7 year anniversary gift traditional and modern,5000,high,100,2,gift_anniversary,MEDIUM
7 year wedding anniversary gift,5000,high,100,2,gift_anniversary,MEDIUM
7th anniversary present,5000,high,99,2,gift_anniversary,MEDIUM
7th anniversary traditional gift,5000,high,100,3,gift_other,MEDIUM
7th wedding anniversary gift,5000,high,99,2,gift_anniversary,MEDIUM
7th year anniversary gift for him,5000,high,100,2,gift_anniversary,MEDIUM
7th year wedding anniversary gifts,5000,high,100,2,gift_anniversary,MEDIUM
8 anniversary gift,5000,high,100,2,gift_anniversary,MEDIUM
8 year anniversary gift traditional and modern,5000,high,100,2,gift_anniversary,MEDIUM
8mm film digital conversion,5000,high,100,2,vhs_legacy,MEDIUM
8mm film to digital,5000,high,100,2,vhs_legacy,MEDIUM
8mm movie film to digital,5000,high,100,2,vhs_legacy,MEDIUM
8mm movies to digital conversion,5000,high,100,3,other,MEDIUM
8mm vhs converter,5000,high,100,3,other,HIGH
8th anniversary gifts,5000,high,100,2,gift_anniversary,MEDIUM
8th anniversary present,5000,high,100,2,gift_anniversary,MEDIUM
8th anniversary traditional gift,5000,high,100,3,gift_other,MEDIUM
8th wedding anniversary traditional gift,5000,high,100,2,gift_anniversary,MEDIUM
9 wedding anniversary gifts,5000,high,100,2,gift_anniversary,MEDIUM
9 year anniversary gift traditional,5000,high,100,2,gift_anniversary,MEDIUM
9 year anniversary gift traditional and modern,5000,high,100,2,gift_anniversary,MEDIUM
9 year wedding anniversary gift,5000,high,100,2,gift_anniversary,MEDIUM
9 year wedding anniversary traditional gift,5000,high,100,2,gift_anniversary,MEDIUM
9th anniversary present,5000,high,100,2,gift_anniversary,MEDIUM
9th anniversary traditional gift,5000,high,100,3,gift_other,MEDIUM
9th wedding anniversary gift,5000,high,100,2,gift_anniversary,MEDIUM
9th year wedding anniversary gift,5000,high,100,2,gift_anniversary,MEDIUM
add music to picture,5000,medium,45,3,other,MEDIUM
anniversary gift for couple,5000,high,100,2,gift_anniversary,MEDIUM
anniversary gift for wife,5000,high,100,2,gift_anniversary,MEDIUM
anniversary gift ideas by year,5000,high,74,2,gift_anniversary,MEDIUM
anniversary gift ideas for couples,5000,high,100,2,gift_anniversary,MEDIUM
anniversary gift ideas for wife,5000,high,100,2,gift_anniversary,MEDIUM
anniversary gift items,5000,high,100,2,gift_anniversary,MEDIUM
anniversary gift suggestions for couple,5000,high,100,2,gift_anniversary,MEDIUM
anniversary gift traditional modern,5000,high,79,2,gift_anniversary,MEDIUM
anniversary gifts by year list,5000,low,21,2,gift_anniversary,MEDIUM
anniversary gifts by year modern,5000,high,84,2,gift_anniversary,MEDIUM
anniversary gifts by year traditional and modern,5000,high,79,2,gift_anniversary,MEDIUM
anniversary gifts for each year,5000,high,74,2,gift_anniversary,MEDIUM
anniversary present for wife,5000,high,100,2,gift_anniversary,MEDIUM
anniversary presents for couples,5000,high,100,2,gift_anniversary,MEDIUM
anniversary themes by year,5000,low,14,3,other,MEDIUM
best friend graduation gift ideas,5000,high,100,2,gift_graduation,MEDIUM
best gift basket for sympathy,5000,high,100,3,gift_other,MEDIUM
best gift for wife anniversary,5000,high,100,3,gift_other,MEDIUM
best grad gift ideas,5000,high,100,2,gift_graduation,MEDIUM
best grad gifts,5000,high,100,2,gift_graduation,MEDIUM
best grad gifts for guys,5000,high,100,2,gift_graduation,MEDIUM
best grad presents,5000,high,100,3,gift_other,MEDIUM
best graduation gift for best friend,5000,high,100,2,gift_graduation,MEDIUM
best graduation gift for girlfriend,5000,high,100,2,gift_graduation,MEDIUM
best graduation gift ideas,5000,high,100,2,gift_graduation,MEDIUM
best graduation gifts,5000,high,100,2,gift_graduation,MEDIUM
best graduation gifts for guys,5000,high,100,2,gift_graduation,MEDIUM
best graduation gifts for men,5000,high,100,2,gift_graduation,MEDIUM
best graduation presents,5000,high,100,2,gift_graduation,MEDIUM
best male graduation gifts,5000,high,100,2,gift_graduation,MEDIUM
best slideshow makers,5000,high,79,3,tools_comparison,MEDIUM
best sympathy gift,5000,high,100,2,gift_memorial,MEDIUM
best wife anniversary gifts,5000,high,100,2,gift_anniversary,MEDIUM
bronze 8th anniversary gift,5000,medium,46,2,gift_anniversary,MEDIUM
bronze anniversary gift for him,5000,high,100,2,gift_anniversary,MEDIUM
bronze gifts for him,5000,high,100,3,gift_other,MEDIUM
bronze wedding anniversary gifts,5000,high,100,2,gift_anniversary,MEDIUM
camcorder with tapes,5000,high,90,3,other,HIGH
candy bar graduation ideas,5000,high,100,3,other,MEDIUM
cash for graduation gift,5000,high,70,2,gift_graduation,MEDIUM
change vcr to digital,5000,high,100,2,vhs_legacy,MEDIUM
change vhs to dvd,5000,high,100,2,vhs_legacy,MEDIUM
cheap grad gift ideas,5000,high,100,2,gift_graduation,MEDIUM
cheap graduation gift,5000,high,100,2,gift_graduation,MEDIUM
cheap graduation gift ideas,5000,high,100,2,gift_graduation,MEDIUM
cheap graduation presents,5000,high,100,2,gift_graduation,MEDIUM
coffee mug with picture,5000,high,100,3,other,MEDIUM
condolence gift ideas,5000,high,100,2,gift_memorial,MEDIUM
condolence gifts for loss of dog,5000,high,100,2,gift_memorial,MEDIUM
condolence gifts for loss of father,5000,high,100,2,gift_memorial,MEDIUM
condolences gift for loss of mother,5000,high,100,2,gift_memorial,MEDIUM
convert 8mm film to digital,5000,high,100,2,vhs_legacy,MEDIUM
convert 8mm movies to digital,5000,high,100,3,other,MEDIUM
convert 8mm to digital,5000,high,100,3,other,MEDIUM
convert vcr to dvd,5000,high,100,2,vhs_legacy,MEDIUM
convert vcr to dvd service,5000,high,100,2,vhs_legacy,HIGH
convert vhs into dvd,5000,high,100,2,vhs_legacy,MEDIUM
convert vhs to digital near me,5000,high,100,2,vhs_legacy,HIGH
convert vhs to digital service,5000,high,68,2,vhs_legacy,HIGH
convert vhs to dvd,5000,high,100,2,vhs_legacy,MEDIUM
convert vhs to dvd service,5000,high,100,2,vhs_legacy,HIGH
convert vhs video to dvd,5000,high,100,2,vhs_legacy,MEDIUM
converting 8 millimeter film to digital,5000,high,100,2,vhs_legacy,MEDIUM
converting vhs tapes to dvd,5000,high,100,2,vhs_legacy,MEDIUM
convocation gifts for friends,5000,high,100,2,gift_graduation,MEDIUM
convocation gifts for her,5000,high,100,2,gift_graduation,MEDIUM
cool gift ideas for mom,5000,high,100,3,gift_other,MEDIUM
cool gifts for mom,5000,high,100,3,gift_other,MEDIUM
cool gifts for moms birthday,5000,high,100,3,gift_other,MEDIUM
cool gifts for your mom,5000,high,100,3,gift_other,MEDIUM
cool grad gifts,5000,high,100,2,gift_graduation,MEDIUM
cool graduation gifts,5000,high,100,2,gift_graduation,MEDIUM
cool new mom gifts,5000,high,100,2,gift_mothers,MEDIUM
copper anniversary gifts,5000,high,99,2,gift_anniversary,MEDIUM
copper wedding anniversary gifts,5000,high,100,2,gift_anniversary,MEDIUM
copy vhs to dvd,5000,high,100,2,vhs_legacy,MEDIUM
coral anniversary gifts,5000,high,100,2,gift_anniversary,MEDIUM
coral wedding anniversary gift,5000,high,100,2,gift_anniversary,MEDIUM
cotton anniversary gift for him,5000,high,100,2,gift_anniversary,MEDIUM
cotton anniversary gifts,5000,high,100,2,gift_anniversary,MEDIUM
cotton anniversary presents,5000,high,100,2,gift_anniversary,MEDIUM
cotton wedding anniversary gifts,5000,high,100,2,gift_anniversary,MEDIUM
creative mother's day gifts,5000,low,33,2,gift_mothers,MEDIUM
crystal anniversary gifts,5000,high,100,2,gift_anniversary,MEDIUM
custom animal pillow,5000,high,100,3,other,HIGH
custom bobblehead from photo,5000,high,100,3,other,HIGH
custom canvas wall art,5000,high,100,3,tools_comparison,LOW
custom coffee mugs with pictures,5000,high,100,3,other,HIGH
custom dog portraits,5000,high,100,3,other,HIGH
custom keychain picture,5000,high,100,3,other,HIGH
custom mugs with pictures,5000,high,100,3,physical_products,HIGH
custom pet portrait,5000,high,100,3,other,HIGH
custom photo album,5000,high,100,3,physical_products,HIGH
custom photo calendar,5000,high,100,3,physical_products,HIGH
custom photo coaster,5000,high,100,3,other,HIGH
custom photo coffee mugs,5000,high,100,3,other,HIGH
custom photo keychain,5000,high,100,3,other,HIGH
custom photo keyring,5000,high,100,3,other,HIGH
custom photo magnets,5000,high,100,3,other,HIGH
custom photo mug,5000,high,100,3,physical_products,HIGH
custom photo pillow,5000,high,100,3,other,HIGH
custom picture magnets,5000,high,100,3,other,HIGH
custom pillow pets,5000,high,100,3,other,HIGH
custom pillow with pictures,5000,high,100,3,other,HIGH
custom socks with photo,5000,high,100,3,other,HIGH
custom wall calendars,5000,high,100,3,other,HIGH
customisable photo frame,5000,high,100,3,physical_products,HIGH
customised keychain with photo,5000,high,100,3,other,HIGH
customized fridge magnets,5000,high,100,3,other,HIGH
customized mug printing,5000,high,100,3,other,HIGH
customized photo canvas,5000,high,100,3,tools_comparison,LOW
customized puzzle picture,5000,high,100,3,other,HIGH
customized rubik's cube,5000,high,100,3,other,HIGH
cute grad gifts,5000,high,100,2,gift_graduation,MEDIUM
cute graduation gifts,5000,high,100,2,gift_graduation,MEDIUM
cute graduation presents,5000,high,100,2,gift_graduation,MEDIUM
cvs custom mugs,5000,low,16,3,physical_products,HIGH
diamond anniversary gifts,5000,high,75,2,gift_anniversary,MEDIUM
diamond anniversary presents,5000,high,75,2,gift_anniversary,MEDIUM
digitise vhs,5000,high,100,3,other,MEDIUM
digitise vhs tapes,5000,high,100,2,vhs_legacy,MEDIUM
digitize vcr,5000,high,100,3,other,MEDIUM
digitize vcr tapes,5000,high,100,2,vhs_legacy,MEDIUM
digitize vhs,5000,high,100,2,vhs_legacy,MEDIUM
digitize vhs tapes,5000,high,100,2,vhs_legacy,MEDIUM
digitize vhs video,5000,high,100,2,vhs_legacy,MEDIUM
diy graduation gifts,5000,high,87,2,gift_graduation,LOW
dog photo pillows,5000,high,100,3,other,MEDIUM
dvd to vcr converter,5000,high,100,3,other,HIGH
dvd to vhs conversion,5000,high,100,2,vhs_legacy,MEDIUM
engraved photo frame,5000,high,100,3,physical_products,MEDIUM
engraved picture frames,5000,high,100,3,physical_products,MEDIUM
etsy grad gifts,5000,high,100,2,gift_graduation,MEDIUM
fathers day photo frame,5000,high,98,2,gift_fathers,MEDIUM
fathers day picture frame,5000,high,98,2,gift_fathers,MEDIUM
fifth anniversary gift,5000,high,100,2,gift_anniversary,MEDIUM
first anniversary gift ideas,5000,high,100,2,gift_anniversary,MEDIUM
first marriage anniversary gift,5000,high,100,2,gift_anniversary,MEDIUM
first marriage anniversary gift for husband,5000,high,100,2,gift_anniversary,MEDIUM
first wedding anniversary gift,5000,high,100,2,gift_anniversary,MEDIUM
first wedding anniversary gift for husband,5000,high,100,2,gift_anniversary,MEDIUM
first wedding anniversary present,5000,high,100,2,gift_anniversary,MEDIUM
first year anniversary gift ideas,5000,high,100,2,gift_anniversary,MEDIUM
first year marriage anniversary,5000,high,98,3,other,MEDIUM
first year marriage anniversary gifts,5000,high,100,2,gift_anniversary,MEDIUM
first year wedding anniversary,5000,high,98,2,gift_anniversary,MEDIUM
first year wedding anniversary gift,5000,high,100,2,gift_anniversary,MEDIUM
five year anniversary gift for him,5000,high,100,2,gift_anniversary,MEDIUM
five year anniversary gift for wife,5000,high,98,2,gift_anniversary,MEDIUM
five year wedding anniversary gift,5000,high,100,2,gift_anniversary,MEDIUM
fleece photo blankets,5000,high,100,3,physical_products,MEDIUM
four year anniversary gift,5000,high,100,2,gift_anniversary,MEDIUM
four year wedding anniversary gift,5000,high,100,2,gift_anniversary,MEDIUM
fourth anniversary gift,5000,high,100,2,gift_anniversary,MEDIUM
fourth anniversary gift ideas,5000,high,100,2,gift_anniversary,MEDIUM
fourth wedding anniversary gift ideas,5000,high,100,2,gift_anniversary,MEDIUM
fridge photo magnets,5000,high,100,3,other,MEDIUM
funeral flower arrangement ideas,5000,high,100,3,other,MEDIUM
gift baskets for graduation,5000,high,100,3,gift_other,MEDIUM
gift cards for graduates,5000,high,93,3,gift_other,MEDIUM
gift for 17th wedding anniversary,5000,high,100,2,gift_anniversary,MEDIUM
gift for 23rd anniversary,5000,high,100,3,gift_other,MEDIUM
gift for 24th anniversary,5000,high,100,3,gift_other,MEDIUM
gift for 9th anniversary,5000,high,100,3,gift_other,MEDIUM
gift for a bereaved friend,5000,high,100,3,gift_other,MEDIUM
gift for doctorate graduate,5000,high,100,3,gift_other,MEDIUM
gift for graduation boyfriend,5000,high,100,3,gift_other,MEDIUM
gift for grieving friend,5000,high,100,3,gift_other,MEDIUM
gift for lost pet,5000,high,100,3,gift_other,MEDIUM
gift for mourning friend,5000,high,100,3,gift_other,MEDIUM
gift ideas for doctorate graduate,5000,high,100,3,gift_other,MEDIUM
gift ideas for graduating nurses,5000,high,100,3,gift_other,MEDIUM
gift ideas for graduating seniors,5000,high,100,3,gift_other,MEDIUM
gift ideas for husband anniversary,5000,high,100,3,gift_other,MEDIUM
gift ideas for masters graduate,5000,high,100,3,gift_other,MEDIUM
gift ideas for parents anniversary,5000,high,99,3,gift_other,MEDIUM
gift ideas for phd graduates,5000,high,100,3,gift_other,MEDIUM
gift items for 25th wedding anniversary,5000,high,100,2,gift_anniversary,MEDIUM
gifts for 7th anniversary,5000,high,99,3,gift_other,MEDIUM
gifts for 8th wedding anniversary,5000,high,100,2,gift_anniversary,MEDIUM
gifts for a funeral,5000,high,100,3,gift_other,MEDIUM
gifts for a teacher graduation,5000,high,100,3,gift_other,MEDIUM
gifts for bereaved friend,5000,high,100,3,gift_other,MEDIUM
gifts for bereavement,5000,high,100,3,gift_other,MEDIUM
gifts for condolences,5000,high,100,3,gift_other,MEDIUM
gifts for death of mother,5000,high,100,3,gift_other,MEDIUM
gifts for dog death,5000,high,100,3,gift_other,MEDIUM
gifts for each anniversary,5000,medium,59,3,gift_other,MEDIUM
gifts for elementary graduation,5000,high,100,3,gift_other,MEDIUM
gifts for graduating seniors,5000,high,100,3,gift_other,MEDIUM
gifts for graduation party,5000,high,94,3,gift_other,MEDIUM
gifts for grief,5000,high,100,3,gift_other,MEDIUM
gifts for guys on graduation,5000,high,100,3,gift_other,MEDIUM
gifts for hs seniors,5000,high,100,3,gift_other,MEDIUM
gifts for mourning,5000,high,100,3,gift_other,MEDIUM
gifts for phd graduates,5000,high,100,3,gift_other,MEDIUM
gifts for rn graduate,5000,high,100,3,gift_other,MEDIUM
gifts for someone that lost a pet,5000,high,100,3,gift_other,MEDIUM
gifts for someone who lost a loved one,5000,high,100,3,gift_other,MEDIUM
gifts for sympathy loss of mother,5000,high,100,2,gift_memorial,MEDIUM
gifts for those who lost a loved one,5000,high,100,3,gift_other,MEDIUM
gifts to give at a funeral,5000,high,100,3,gift_other,MEDIUM
gold 50th anniversary gifts,5000,high,98,2,gift_anniversary,MEDIUM
gold gifts for 50th wedding anniversary,5000,high,98,2,gift_anniversary,MEDIUM
gold gifts for wedding anniversary,5000,high,97,2,gift_anniversary,MEDIUM
golden anniversary gifts,5000,high,100,2,gift_anniversary,MEDIUM
golden anniversary presents,5000,high,100,2,gift_anniversary,MEDIUM
golden wedding anniversary gift ideas,5000,high,97,2,gift_anniversary,MEDIUM
golden wedding anniversary gifts,5000,high,97,2,gift_anniversary,MEDIUM
golden wedding anniversary present ideas,5000,high,97,2,gift_anniversary,MEDIUM
golden wedding anniversary presents,5000,high,97,2,gift_anniversary,MEDIUM
good grad gift ideas,5000,high,100,2,gift_graduation,MEDIUM
good grad gifts,5000,high,100,2,gift_graduation,MEDIUM
good grad presents,5000,high,100,3,gift_other,MEDIUM
good graduation gift ideas,5000,high,100,2,gift_graduation,MEDIUM
good graduation gifts,5000,high,100,2,gift_graduation,MEDIUM
good graduation gifts for friends,5000,high,100,2,gift_graduation,MEDIUM
good graduation gifts for girlfriend,5000,high,100,2,gift_graduation,MEDIUM
good graduation presents,5000,high,100,2,gift_graduation,MEDIUM
good graduation presents for guys,5000,high,100,2,gift_graduation,MEDIUM
grad gift box,5000,high,97,2,gift_graduation,MEDIUM
grad gift for boyfriend,5000,high,100,2,gift_graduation,MEDIUM
grad gift for daughter,5000,high,100,2,gift_graduation,MEDIUM
grad gift for son,5000,high,100,2,gift_graduation,MEDIUM
grad gift ideas for friends,5000,high,100,2,gift_graduation,MEDIUM
grad gift ideas for her,5000,high,100,2,gift_graduation,MEDIUM
grad gift ideas for son,5000,high,100,2,gift_graduation,MEDIUM
grad gifts for best friend,5000,high,100,2,gift_graduation,MEDIUM
grad gifts for friends,5000,high,100,2,gift_graduation,MEDIUM
grad gifts for girlfriend,5000,high,100,2,gift_graduation,MEDIUM
grad gifts for her,5000,high,100,2,gift_graduation,MEDIUM
grad gifts for masters degree,5000,high,100,2,gift_graduation,MEDIUM
grad money gift ideas,5000,high,100,3,gift_other,MEDIUM
grad party favors ideas,5000,high,100,3,other,MEDIUM
grad party gift ideas,5000,high,94,3,gift_other,MEDIUM
grad party gifts,5000,high,94,3,gift_other,MEDIUM
grad present for boyfriend,5000,high,100,3,gift_other,MEDIUM
grad presents for friends,5000,high,100,3,gift_other,MEDIUM
grad presents for guys,5000,high,100,3,gift_other,MEDIUM
graduation cash gift ideas,5000,high,100,3,gift_other,MEDIUM
graduation gift for boyfriend,5000,high,100,2,gift_graduation,MEDIUM
graduation gift for doctorate degree,5000,high,100,2,gift_graduation,MEDIUM
graduation gift for girlfriend,5000,high,100,2,gift_graduation,MEDIUM
graduation gift for son,5000,high,100,2,gift_graduation,MEDIUM
graduation gift ideas for boyfriend,5000,high,100,2,gift_graduation,MEDIUM
graduation gift ideas for friends,5000,high,100,2,gift_graduation,MEDIUM
graduation gift ideas for her,5000,high,100,2,gift_graduation,MEDIUM
graduation gift ideas for son,5000,high,100,2,gift_graduation,MEDIUM
graduation gift wrap,5000,high,100,2,gift_graduation,MEDIUM
graduation gifts for best friend,5000,high,100,2,gift_graduation,MEDIUM
graduation gifts for bf,5000,high,100,2,gift_graduation,MEDIUM
graduation gifts for daughter,5000,high,100,2,gift_graduation,MEDIUM
graduation gifts for friends,5000,high,100,2,gift_graduation,MEDIUM
graduation gifts for her,5000,high,100,2,gift_graduation,MEDIUM
graduation gifts for medical students,5000,high,100,2,gift_graduation,MEDIUM
graduation gifts for middle schoolers,5000,high,100,2,gift_graduation,MEDIUM
graduation gifts for your best friend,5000,high,100,2,gift_graduation,MEDIUM
graduation gifts from teachers,5000,high,100,2,gift_graduation,MEDIUM
graduation gifts near me,5000,high,100,2,gift_graduation,HIGH
graduation gifts with money,5000,high,70,2,gift_graduation,MEDIUM
graduation ideas,5000,high,100,3,other,MEDIUM
graduation ideas for daughter,5000,high,100,3,other,MEDIUM
graduation keepsakes for guests,5000,high,100,3,other,MEDIUM
graduation money gift ideas,5000,high,100,3,gift_other,MEDIUM
graduation party favors,5000,high,100,3,other_graduation,MEDIUM
graduation party favors ideas,5000,high,100,3,other_graduation,MEDIUM
graduation party gift ideas,5000,high,94,3,gift_other,MEDIUM
graduation present for daughter,5000,high,100,2,gift_graduation,MEDIUM
graduation present for masters degree,5000,high,100,2,gift_graduation,MEDIUM
graduation present for nurse,5000,high,100,2,gift_graduation,MEDIUM
graduation present for son,5000,high,100,2,gift_graduation,MEDIUM
graduation present ideas for best friend,5000,high,100,2,gift_graduation,MEDIUM
graduation present ideas for boyfriend,5000,high,100,2,gift_graduation,MEDIUM
graduation present ideas for friends,5000,high,100,2,gift_graduation,MEDIUM
graduation present ideas for her,5000,high,100,2,gift_graduation,MEDIUM
graduation present ideas for son,5000,high,100,2,gift_graduation,MEDIUM
graduation presents,5000,high,100,2,gift_graduation,MEDIUM
graduation presents for boyfriend,5000,high,100,2,gift_graduation,MEDIUM
graduation presents for friends,5000,high,100,2,gift_graduation,MEDIUM
graduation presents for her,5000,high,100,2,gift_graduation,MEDIUM
graduation presents for men,5000,high,100,2,gift_graduation,MEDIUM
graduation presents for teachers,5000,high,100,2,gift_graduation,MEDIUM
great gift ideas for mom,5000,high,100,3,gift_other,MEDIUM
great grad gifts,5000,high,100,2,gift_graduation,MEDIUM
great grad gifts for guys,5000,high,100,2,gift_graduation,MEDIUM
great graduation gift ideas,5000,high,100,2,gift_graduation,MEDIUM
great graduation gifts,5000,high,100,2,gift_graduation,MEDIUM
great graduation gifts for guys,5000,high,100,2,gift_graduation,MEDIUM
great graduation presents,5000,high,100,2,gift_graduation,MEDIUM
great mother gift ideas,5000,high,100,3,gift_other,MEDIUM
great mother's day gift ideas,5000,high,100,2,gift_mothers,MEDIUM
happy anniversary gifts,5000,high,100,2,gift_anniversary,MEDIUM
hi8 to vhs converter,5000,high,100,2,vhs_legacy,HIGH
how do i convert vhs tapes to digital,5000,high,100,2,vhs_legacy,MEDIUM
how do i convert vhs to digital,5000,high,100,2,vhs_legacy,MEDIUM
how do you convert vhs tapes to digital,5000,high,100,2,vhs_legacy,MEDIUM
how to change vhs tapes to digital,5000,high,100,2,vhs_legacy,LOW
how to convert vcr tapes to digital,5000,high,100,2,vhs_legacy,LOW
how to convert vhs tapes to digital,5000,high,100,2,vhs_legacy,LOW
how to copy vhs to digital,5000,high,100,2,vhs_legacy,LOW
husband anniversary gifts,5000,high,100,2,gift_anniversary,MEDIUM
ideas for senior gifts,5000,high,100,3,gift_other,MEDIUM
inexpensive grad gifts,5000,high,100,2,gift_graduation,MEDIUM
inexpensive graduation gift ideas,5000,high,100,2,gift_graduation,MEDIUM
inexpensive graduation gifts,5000,high,100,2,gift_graduation,MEDIUM
interesting gifts for mom,5000,high,100,3,gift_other,MEDIUM
interesting mother's day gifts,5000,high,100,2,gift_mothers,MEDIUM
iron anniversary gifts,5000,high,100,2,gift_anniversary,MEDIUM
iron anniversary gifts for him,5000,high,100,2,gift_anniversary,MEDIUM
iron wedding anniversary gift,5000,high,100,2,gift_anniversary,MEDIUM
jr high graduation gifts,5000,high,100,2,gift_graduation,MEDIUM
key ring with picture,5000,high,100,3,other,MEDIUM
kindergarten grad gifts,5000,high,84,2,gift_graduation,MEDIUM
kindergarten graduation gift ideas,5000,high,84,2,gift_graduation,MEDIUM
kindergarten graduation gifts,5000,high,84,2,gift_graduation,MEDIUM
lace wedding anniversary gifts,5000,high,99,2,gift_anniversary,MEDIUM
last minute 50th wedding anniversary gifts,5000,high,100,2,gift_anniversary,MEDIUM
law student graduation gifts,5000,high,100,2,gift_graduation,MEDIUM
leather anniversary gifts,5000,high,100,2,gift_anniversary,MEDIUM
leather anniversary gifts for her,5000,high,100,2,gift_anniversary,MEDIUM
leather wedding anniversary gifts,5000,high,100,2,gift_anniversary,MEDIUM
loss of father memorial gifts,5000,high,100,2,gift_memorial,MEDIUM
luxury graduation gifts for her,5000,high,100,2,gift_graduation,MEDIUM
luxury graduation gifts for him,5000,high,100,2,gift_graduation,MEDIUM
male graduation gifts,5000,high,100,2,gift_graduation,MEDIUM
male graduation presents,5000,high,100,2,gift_graduation,MEDIUM
marriage anniversary gift for wife,5000,high,100,2,gift_anniversary,MEDIUM
marriage anniversary gift ideas,5000,high,100,2,gift_anniversary,MEDIUM
marriage anniversary gifts,5000,high,100,2,gift_anniversary,MEDIUM
marriage anniversary gifts for husband,5000,high,100,2,gift_anniversary,MEDIUM
marriage anniversary ideas,5000,high,100,3,other,MEDIUM
masters degree graduation gift,5000,high,100,2,gift_graduation,MEDIUM
masters degree graduation gift ideas,5000,high,100,2,gift_graduation,MEDIUM
masters grad gifts,5000,high,100,2,gift_graduation,MEDIUM
masters graduation gifts,5000,high,100,2,gift_graduation,MEDIUM
masters graduation present,5000,high,100,2,gift_graduation,MEDIUM
memorial gift for loss of mother,5000,high,100,2,gift_memorial,MEDIUM
memorial gifts for loss,5000,high,100,2,gift_memorial,MEDIUM
memorial gifts for loss of father,5000,high,100,2,gift_memorial,MEDIUM
memorial gifts for loss of mom,5000,high,100,2,gift_memorial,MEDIUM
mother's day fun gifts,5000,high,93,2,gift_mothers,MEDIUM
mother's day personalized gifts,5000,high,78,2,gift_mothers,HIGH
mousemat photo,5000,high,100,3,other,MEDIUM
mousepad picture,5000,high,100,3,other,MEDIUM
move vhs to dvd,5000,high,100,2,vhs_legacy,MEDIUM
music and slideshow maker,5000,high,76,3,tools_comparison,MEDIUM
nice grad gifts,5000,high,100,2,gift_graduation,MEDIUM
nice graduation gifts,5000,high,100,2,gift_graduation,MEDIUM
nice graduation presents,5000,high,100,2,gift_graduation,MEDIUM
nine year anniversary gift traditional,5000,high,100,2,gift_anniversary,MEDIUM
nurse graduation gifts,5000,high,100,2,gift_graduation,MEDIUM
nursing grad gift ideas,5000,high,100,2,gift_graduation,MEDIUM
nursing grad gifts,5000,high,100,2,gift_graduation,MEDIUM
one year anniversary gifts for her,5000,high,100,2,gift_anniversary,MEDIUM
one year anniversary gifts for him,5000,high,100,2,gift_anniversary,MEDIUM
one year anniversary ideas,5000,high,99,3,other,MEDIUM
one year anniversary presents for him,5000,high,100,2,gift_anniversary,MEDIUM
one year paper anniversary gifts,5000,high,99,2,gift_anniversary,MEDIUM
one year wedding anniversary gifts,5000,high,99,2,gift_anniversary,MEDIUM
paper anniversary gift ideas,5000,high,100,2,gift_anniversary,MEDIUM
paper anniversary gifts for him,5000,high,98,2,gift_anniversary,MEDIUM
paper gifts for first anniversary,5000,high,100,3,gift_other,MEDIUM
paper wedding anniversary gift ideas,5000,high,100,2,gift_anniversary,MEDIUM
paper wedding anniversary gifts for him,5000,high,98,2,gift_anniversary,MEDIUM
parents anniversary gift,5000,high,100,2,gift_anniversary,MEDIUM
pearl anniversary gifts,5000,high,95,2,gift_anniversary,MEDIUM
pearl anniversary presents,5000,high,95,2,gift_anniversary,MEDIUM
pearl wedding anniversary gifts,5000,high,95,2,gift_anniversary,MEDIUM
pearl wedding anniversary presents,5000,high,95,2,gift_anniversary,MEDIUM
personal gifts for mothers day,5000,high,78,2,gift_mothers,MEDIUM
personalised anniversary gifts,5000,high,100,2,gift_anniversary,HIGH
personalised dad photo gifts,5000,low,22,2,gift_personalized,HIGH
personalised key chain with photo,5000,high,100,3,other,HIGH
personalised keychain with photo,5000,high,100,3,other,HIGH
personalised photo blankets,5000,high,100,2,gift_personalized,HIGH
personalised photo frames,5000,high,100,2,gift_personalized,HIGH
personalised photo gifts for dad,5000,low,22,2,gift_personalized,HIGH
personalised photo keychain,5000,high,100,2,gift_personalized,HIGH
personalised photo pillow,5000,high,100,2,gift_personalized,HIGH
personalised photo puzzle,5000,high,100,2,gift_personalized,HIGH
personalised picture puzzle,5000,high,100,3,other,HIGH
personalized bobblehead from photo,5000,high,100,3,other,HIGH
personalized book with pictures,5000,low,20,3,other,HIGH
personalized canvas art,5000,high,100,3,tools_comparison,LOW
personalized canvas photos,5000,high,100,3,tools_comparison,LOW
personalized canvas pictures,5000,high,100,3,tools_comparison,LOW
personalized canvas wall art,5000,high,100,3,tools_comparison,LOW
personalized coffee mugs with pictures,5000,high,100,3,other,HIGH
personalized face pajamas,5000,high,100,3,other,HIGH
personalized frames,5000,high,100,3,other,HIGH
personalized gifts for mother birthday,5000,medium,65,2,gift_personalized,HIGH
personalized gifts for mother in law,5000,medium,52,2,gift_personalized,HIGH
personalized graduation gifts,5000,high,100,2,gift_graduation,HIGH
personalized magnets,5000,high,100,3,other,HIGH
personalized mouse pads,5000,high,100,3,other,HIGH
personalized mugs with pictures,5000,high,100,3,other,HIGH
personalized photo,5000,high,100,2,gift_personalized,HIGH
personalized photo albums,5000,high,100,2,gift_personalized,HIGH
personalized photo blankets,5000,high,100,2,gift_personalized,HIGH
personalized photo book,5000,low,20,2,gift_personalized,HIGH
personalized photo coffee mugs,5000,high,100,2,gift_personalized,HIGH
personalized photo cup,5000,high,100,2,gift_personalized,HIGH
personalized photo gifts for dad,5000,low,22,2,gift_personalized,HIGH
personalized photo magnets,5000,high,100,2,gift_personalized,HIGH
personalized photo pillow,5000,high,100,2,gift_personalized,HIGH
personalized photo pillow case,5000,high,100,2,gift_personalized,HIGH
personalized photo puzzle,5000,high,100,2,gift_personalized,HIGH
personalized photo t shirts,5000,high,100,2,gift_personalized,HIGH
personalized picture album,5000,high,100,3,other,HIGH
personalized picture frames for boyfriend,5000,low,2,3,physical_products,HIGH
personalized picture frames for grandparents,5000,low,6,2,gift_grandparents,HIGH
personalized picture frames for mom,5000,low,1,3,physical_products,HIGH
personalized picture t shirts,5000,high,100,3,other,HIGH
personalized socks with photos,5000,high,100,3,other,HIGH
phd grad gifts,5000,high,100,2,gift_graduation,MEDIUM
photo and video editing app,5000,low,9,3,other,MEDIUM
photo blankets collage,5000,high,100,3,physical_products,MEDIUM
photo blankets shutterfly,5000,high,100,3,physical_products,MEDIUM
photo blankets walmart,5000,high,100,3,physical_products,MEDIUM
photo coffee cup,5000,high,100,3,other,MEDIUM
photo coffee mugs,5000,high,100,3,other,MEDIUM
photo frames fathers day,5000,high,98,2,gift_fathers,MEDIUM
photo key chain,5000,high,100,3,other,MEDIUM
photo magnets personalised,5000,high,100,3,other,HIGH
photo mouse mat,5000,high,100,3,other,MEDIUM
photo mouse pad,5000,high,100,3,other,MEDIUM
photo mug,5000,high,100,3,physical_products,MEDIUM
photo of mug,5000,high,100,3,other,MEDIUM
photo pillow,5000,high,100,3,other,MEDIUM
photo shirts personalized,5000,high,100,3,other,HIGH
photo to video editing app,5000,low,9,3,other,MEDIUM
photo video editor app,5000,low,9,3,tools_comparison,MEDIUM
photograph mugs,5000,high,100,3,other,MEDIUM
pic mug,5000,high,100,3,other,MEDIUM
picture collage blankets,5000,high,100,3,other,MEDIUM
picture mugs,5000,high,100,3,other,MEDIUM
picture of blankets,5000,high,100,3,other,MEDIUM
popular graduation gifts,5000,high,100,2,gift_graduation,MEDIUM
porcelain anniversary gift,5000,high,100,2,gift_anniversary,MEDIUM
pottery anniversary gift,5000,high,100,2,gift_anniversary,MEDIUM
pre k grad gifts,5000,high,70,2,gift_graduation,MEDIUM
pre k graduation gift ideas,5000,high,70,2,gift_graduation,MEDIUM
pre k graduation gifts,5000,high,70,2,gift_graduation,MEDIUM
pre k graduation presents,5000,high,70,2,gift_graduation,MEDIUM
prek graduation gift,5000,high,70,2,gift_graduation,MEDIUM
preschool grad gifts,5000,high,82,2,gift_graduation,MEDIUM
preschool graduation gift,5000,high,82,2,gift_graduation,MEDIUM
preschool graduation gift ideas,5000,high,82,2,gift_graduation,MEDIUM
preschool graduation present,5000,high,82,2,gift_graduation,MEDIUM
present for parents anniversary,5000,high,100,3,gift_other,MEDIUM
present for phd graduation,5000,high,100,3,gift_other,MEDIUM
present for someone who lost a loved one,5000,high,100,3,gift_other,MEDIUM
presents for bereavement,5000,high,100,3,gift_other,MEDIUM
presents for grieving friends,5000,high,100,3,gift_other,MEDIUM
presents for someone who lost a loved one,5000,high,100,3,gift_other,MEDIUM
printed mug,5000,high,100,3,other,MEDIUM
put music to a picture,5000,medium,45,3,other,MEDIUM
putting vhs on dvd,5000,high,100,3,other,MEDIUM
remembrance gift for loss of mother,5000,high,100,2,gift_memorial,MEDIUM
remembrance gifts for loss of father,5000,high,100,2,gift_memorial,MEDIUM
retirement gift for colleague,5000,high,100,2,gift_retirement,MEDIUM
retirement gift for coworker,5000,high,100,2,gift_retirement,MEDIUM
retirement present for coworker,5000,high,100,2,gift_retirement,MEDIUM
rn gifts for graduation,5000,high,100,3,gift_other,MEDIUM
rn nurse graduation gifts,5000,high,100,2,gift_graduation,MEDIUM
ruby anniversary gifts,5000,high,100,2,gift_anniversary,MEDIUM
ruby anniversary presents,5000,high,100,2,gift_anniversary,MEDIUM
second anniversary gift,5000,high,100,2,gift_anniversary,MEDIUM
second anniversary gift cotton,5000,high,100,2,gift_anniversary,MEDIUM
second anniversary present,5000,high,100,2,gift_anniversary,MEDIUM
second anniversary traditional gift,5000,high,100,3,gift_other,MEDIUM
second wedding anniversary,5000,high,100,2,gift_anniversary,MEDIUM
second wedding anniversary gift,5000,high,100,2,gift_anniversary,MEDIUM
second year anniversary gift,5000,high,100,2,gift_anniversary,MEDIUM
senior gift ideas,5000,high,100,3,gift_other,MEDIUM
senior gifts,5000,high,100,3,gift_other,MEDIUM
senior grad gifts,5000,high,100,2,gift_graduation,MEDIUM
seven year anniversary gift for him,5000,high,100,2,gift_anniversary,MEDIUM
seven year anniversary gift traditional,5000,high,100,2,gift_anniversary,MEDIUM
seventh anniversary gift,5000,high,99,2,gift_anniversary,MEDIUM
shutterfly custom blankets,5000,medium,42,3,physical_products,HIGH
shutterfly photo puzzle,5000,high,100,3,physical_products,MEDIUM
shutterfly picture blankets,5000,high,100,3,physical_products,MEDIUM
silk anniversary gift,5000,high,100,2,gift_anniversary,MEDIUM
silver anniversary gifts,5000,high,97,2,gift_anniversary,MEDIUM
silver anniversary presents,5000,high,97,2,gift_anniversary,MEDIUM
silver wedding anniversary gifts,5000,high,100,2,gift_anniversary,MEDIUM
six year anniversary gift,5000,high,99,2,gift_anniversary,MEDIUM
sixth anniversary gift,5000,high,100,2,gift_anniversary,MEDIUM
slideshow and music,5000,medium,53,3,other,MEDIUM
slideshow generator with music,5000,high,76,3,other,MEDIUM
slideshow maker with music,5000,high,76,1,direct_service,MEDIUM
slideshow maker with song,5000,high,76,3,tools_comparison,MEDIUM
slideshow music,5000,medium,53,3,other,MEDIUM
slideshow with music,5000,medium,53,1,direct_service,MEDIUM
super 8 film video,5000,low,27,2,vhs_legacy,MEDIUM
sympathy gift for loss of dog,5000,high,100,2,gift_memorial,MEDIUM
sympathy gift ideas,5000,high,100,2,gift_memorial,MEDIUM
sympathy gift ideas for loss of dog,5000,high,100,2,gift_memorial,MEDIUM
sympathy gift suggestions,5000,high,100,2,gift_memorial,MEDIUM
sympathy gifts for dog death,5000,high,100,2,gift_memorial,MEDIUM
sympathy gifts for loss of dad,5000,high,100,2,gift_memorial,MEDIUM
sympathy gifts for loss of father,5000,high,100,2,gift_memorial,MEDIUM
sympathy gifts for loss of mom,5000,high,100,2,gift_memorial,MEDIUM
sympathy present ideas,5000,high,100,3,gift_other,MEDIUM
teacher grad gifts,5000,high,100,2,gift_graduation,MEDIUM
teacher graduation gifts,5000,high,100,2,gift_graduation,MEDIUM
ten year anniversary gift for him,5000,high,100,2,gift_anniversary,MEDIUM
ten year anniversary gift for husband,5000,high,99,2,gift_anniversary,MEDIUM
ten year anniversary ideas,5000,high,99,3,other,MEDIUM
ten year wedding anniversary gift for him,5000,high,100,2,gift_anniversary,MEDIUM
tenth anniversary gifts,5000,high,100,2,gift_anniversary,MEDIUM
third anniversary gift traditional,5000,high,100,2,gift_anniversary,MEDIUM
third anniversary gifts,5000,high,100,2,gift_anniversary,MEDIUM
third wedding anniversary gift,5000,high,100,2,gift_anniversary,MEDIUM
third year anniversary gift,5000,high,100,2,gift_anniversary,MEDIUM
thirty year anniversary gifts,5000,high,100,2,gift_anniversary,MEDIUM
tin anniversary gift ideas,5000,high,100,2,gift_anniversary,MEDIUM
tin anniversary gifts,5000,high,100,2,gift_anniversary,MEDIUM
tin anniversary presents,5000,high,100,2,gift_anniversary,MEDIUM
tin wedding anniversary gifts,5000,high,100,2,gift_anniversary,MEDIUM
traditional 15 year anniversary gift,5000,high,100,2,gift_anniversary,MEDIUM
traditional 20 year anniversary gift,5000,high,100,2,gift_anniversary,MEDIUM
traditional 25th anniversary gifts,5000,high,100,2,gift_anniversary,MEDIUM
traditional 30th anniversary gift,5000,high,100,2,gift_anniversary,MEDIUM
traditional 6 year anniversary gift,5000,high,100,2,gift_anniversary,MEDIUM
traditional 7 year anniversary gift,5000,high,100,2,gift_anniversary,MEDIUM
traditional 7th year anniversary gift,5000,high,100,2,gift_anniversary,MEDIUM
traditional and modern anniversary gifts,5000,high,79,2,gift_anniversary,MEDIUM
traditional first anniversary gift,5000,high,100,2,gift_anniversary,MEDIUM
traditional first year anniversary gift,5000,high,100,2,gift_anniversary,MEDIUM
traditional five year anniversary gift,5000,high,100,2,gift_anniversary,MEDIUM
traditional fourth anniversary gift,5000,high,100,2,gift_anniversary,MEDIUM
traditional marriage anniversary gifts,5000,high,95,2,gift_anniversary,MEDIUM
traditional sixth anniversary gift,5000,high,100,2,gift_anniversary,MEDIUM
traditional ten year anniversary gift,5000,high,100,2,gift_anniversary,MEDIUM
traditional wedding anniversary gifts,5000,high,95,2,gift_anniversary,MEDIUM
traditional wedding anniversary gifts by year,5000,medium,50,2,gift_anniversary,MEDIUM
traditional wedding gift by year,5000,low,16,3,gift_other,MEDIUM
traditional wedding gifts,5000,high,88,3,gift_other,MEDIUM
transfer 8mm to digital,5000,high,100,3,other,MEDIUM
transfer vcr to dvd service,5000,high,100,3,other,HIGH
transfer vhs into dvd,5000,high,100,2,vhs_legacy,MEDIUM
transfer vhs onto dvd,5000,high,100,2,vhs_legacy,MEDIUM
transfer vhs to dvd,5000,high,100,2,vhs_legacy,MEDIUM
transfer vhs to dvd converter,5000,high,100,2,vhs_legacy,HIGH
transfer vhs video to dvd,5000,high,100,2,vhs_legacy,MEDIUM
turn vhs into dvd service,5000,high,100,3,other,HIGH
two year anniversary gift,5000,high,100,2,gift_anniversary,MEDIUM
uni graduation gifts for her,5000,high,100,2,gift_graduation,MEDIUM
unique 25th anniversary gift ideas,5000,high,100,2,gift_anniversary,MEDIUM
unique 50th anniversary gifts for parents,5000,high,100,2,gift_anniversary,MEDIUM
unique 50th wedding anniversary gifts for parents,5000,high,100,2,gift_anniversary,MEDIUM
unique birthday gifts for mom,5000,high,100,2,gift_birthday,MEDIUM
unique birthday presents for mum,5000,high,100,2,gift_birthday,MEDIUM
unique gift ideas for mother,5000,high,100,2,gift_personalized,MEDIUM
unique gifts for mom,5000,high,100,2,gift_personalized,MEDIUM
unique gifts for mother,5000,high,100,2,gift_personalized,MEDIUM
unique gifts mothers day,5000,high,100,2,gift_mothers,MEDIUM
unique grad gifts,5000,high,100,2,gift_graduation,MEDIUM
unique graduation gifts,5000,high,100,2,gift_graduation,MEDIUM
unique graduation presents,5000,high,100,2,gift_graduation,MEDIUM
unique memorial gifts,5000,high,100,2,gift_memorial,MEDIUM
unique mom gift ideas,5000,high,100,2,gift_mothers,MEDIUM
unique moms day gifts,5000,high,100,3,gift_other,MEDIUM
unique mother s day gifts,5000,high,100,3,gift_other,MEDIUM
unique mother's day gift,5000,high,100,2,gift_mothers,MEDIUM
unique mothers day gifts for mom,5000,high,100,2,gift_mothers,MEDIUM
unique mothers day present,5000,high,100,2,gift_mothers,MEDIUM
unique mothersday gifts,5000,high,100,3,gift_other,MEDIUM
unique presents for mothers day,5000,high,100,2,gift_mothers,MEDIUM
university graduation gifts for her,5000,high,100,2,gift_graduation,MEDIUM
university graduation gifts for him,5000,high,100,2,gift_graduation,MEDIUM
university graduation presents for her,5000,high,100,2,gift_graduation,MEDIUM
unusual golden wedding anniversary gift ideas,5000,high,100,2,gift_anniversary,MEDIUM
unusual graduation gifts,5000,high,100,2,gift_graduation,MEDIUM
unusual memorial gifts,5000,high,100,2,gift_memorial,MEDIUM
vcr converter,5000,high,100,3,other,HIGH
vcr converter tape,5000,high,97,3,other,HIGH
vcr tape conversion,5000,high,97,2,vhs_legacy,MEDIUM
vcr tape to digital,5000,high,100,2,vhs_legacy,MEDIUM
vcr tape to dvd service,5000,high,100,2,vhs_legacy,HIGH
vcr to dvd,5000,high,100,3,other,MEDIUM
vhs and dvd converter,5000,high,100,3,other,HIGH
vhs converter,5000,high,100,3,other,HIGH
vhs into dvd,5000,high,100,3,other,MEDIUM
vhs tape conversion,5000,high,97,2,vhs_legacy,MEDIUM
vhs tape to dvd service,5000,high,100,2,vhs_legacy,HIGH
vhs tapes to digital,5000,high,100,2,vhs_legacy,MEDIUM
vhs to converter,5000,high,100,3,other,HIGH
vhs to digital,5000,high,100,2,vhs_legacy,MEDIUM
vhs to digital conversion service,5000,high,68,2,vhs_legacy,HIGH
vhs to digital near me,5000,high,100,2,vhs_legacy,HIGH
vhs to digital service,5000,high,100,2,vhs_legacy,HIGH
vhs to digital transfer service,5000,high,68,2,vhs_legacy,HIGH
vhs to dvd,5000,high,100,2,vhs_legacy,MEDIUM
vhs to dvd converter,5000,high,100,2,vhs_legacy,HIGH
vhs to dvd service,5000,high,100,2,vhs_legacy,HIGH
vhs to dvd transfer service,5000,high,100,2,vhs_legacy,HIGH
vhs transfer to digital service,5000,high,68,2,vhs_legacy,HIGH
vhs video conversion,5000,high,100,3,other,MEDIUM
vhs video to digital,5000,high,100,3,other,MEDIUM
vhs video to dvd,5000,high,100,3,other,MEDIUM
vhs video to dvd converter,5000,high,100,3,other,HIGH
vhs video to dvd service,5000,high,100,3,other,HIGH
video cassette to dvd service,5000,high,100,3,other,HIGH
video photo editing app,5000,low,9,3,other,MEDIUM
video transfer service near me,5000,high,98,3,other,HIGH
walgreens photo mugs,5000,high,100,3,physical_products,MEDIUM
walgreens picture mugs,5000,high,100,3,other,MEDIUM
walmart custom blankets,5000,high,100,3,physical_products,HIGH
walmart personalized blankets,5000,high,100,3,other,HIGH
wedding anniversary gift by year,5000,medium,59,2,gift_anniversary,MEDIUM
wedding anniversary gift for hubby,5000,high,100,2,gift_anniversary,MEDIUM
wedding anniversary gift for husband,5000,high,100,2,gift_anniversary,MEDIUM
wedding anniversary gift ideas,5000,high,100,2,gift_anniversary,MEDIUM
wedding anniversary gifts for men,5000,high,100,2,gift_anniversary,MEDIUM
wedding anniversary gifts for wife,5000,high,100,2,gift_anniversary,MEDIUM
wedding anniversary ideas,5000,high,100,2,gift_anniversary,MEDIUM
wedding anniversary present for husband,5000,high,100,2,gift_anniversary,MEDIUM
wedding day gift for husband,5000,high,100,3,gift_other,MEDIUM
wedding gift for hubby,5000,high,100,3,gift_other,MEDIUM
wedding gifts for husband,5000,high,100,3,gift_other,MEDIUM
wedding gifts for wife,5000,high,100,3,gift_other,MEDIUM
wedding gifts men,5000,high,100,3,gift_other,MEDIUM
wedding gifts per year,5000,medium,46,3,gift_other,MEDIUM
wedding year gifts,5000,medium,46,3,gift_other,MEDIUM
wood anniversary gifts for him,5000,high,100,2,gift_anniversary,MEDIUM
wood anniversary present,5000,high,100,2,gift_anniversary,MEDIUM
wood gifts for anniversary,5000,high,100,3,gift_other,MEDIUM
wood wedding anniversary gifts,5000,high,100,2,gift_anniversary,MEDIUM
year 6 wedding anniversary gift,5000,high,100,2,gift_anniversary,MEDIUM
1 year anniversary gift for husband,500,high,100,2,gift_anniversary,MEDIUM
1 year anniversary gift for wife,500,high,100,2,gift_anniversary,MEDIUM
1 year anniversary gift ideas for her,500,high,100,2,gift_anniversary,MEDIUM
1 year anniversary gift ideas for him,500,high,100,2,gift_anniversary,MEDIUM
1 year anniversary ideas for him,500,high,100,3,other,MEDIUM
1 year marriage anniversary gift,500,high,100,2,gift_anniversary,MEDIUM
1 year marriage anniversary ideas,500,high,100,3,other,MEDIUM
1 year paper anniversary gifts,500,high,100,2,gift_anniversary,MEDIUM
1 year wedding anniversary,500,high,99,2,gift_anniversary,MEDIUM
1 year wedding anniversary gift ideas,500,high,100,2,gift_anniversary,MEDIUM
1 year wedding anniversary gifts for her,500,high,99,2,gift_anniversary,MEDIUM
1 year wedding anniversary gifts for him,500,high,91,2,gift_anniversary,MEDIUM
1 year wedding anniversary gifts for husband,500,high,93,2,gift_anniversary,MEDIUM
1 year wedding anniversary ideas,500,high,100,2,gift_anniversary,MEDIUM
10 year anniversary celebration ideas,500,medium,59,3,other,MEDIUM
10 year anniversary gift for couple,500,high,100,2,gift_anniversary,MEDIUM
10 year anniversary gift for friends,500,high,100,2,gift_anniversary,MEDIUM
10 year anniversary gift for her,500,high,100,2,gift_anniversary,MEDIUM
10 year anniversary gift ideas,500,high,100,2,gift_anniversary,MEDIUM
10 year anniversary gift ideas for couple,500,high,100,2,gift_anniversary,MEDIUM
10 year anniversary gift ideas for him,500,high,100,2,gift_anniversary,MEDIUM
10 year anniversary gift modern,500,high,99,2,gift_anniversary,MEDIUM
10 year anniversary gift tin,500,high,100,2,gift_anniversary,MEDIUM
10 year anniversary ideas for couple,500,high,100,3,other,MEDIUM
10 year anniversary traditional,500,high,77,3,other,MEDIUM
10 year wedding anniversary gift for wife,500,high,100,2,gift_anniversary,MEDIUM
10 year wedding anniversary gift ideas,500,high,100,2,gift_anniversary,MEDIUM
10 year wedding anniversary ideas,500,high,100,2,gift_anniversary,MEDIUM
10 year wedding anniversary present,500,high,100,2,gift_anniversary,MEDIUM
10 year wedding anniversary traditional gift,500,high,100,2,gift_anniversary,MEDIUM
10 year wedding gift,500,high,100,3,gift_other,MEDIUM
10 years of marriage gift,500,high,100,3,gift_other,MEDIUM
10th anniversary gift for couple,500,high,100,2,gift_anniversary,MEDIUM
10th anniversary gift for him,500,high,93,2,gift_anniversary,MEDIUM
10th anniversary gift for husband,500,high,100,2,gift_anniversary,MEDIUM
10th anniversary gift for wife,500,high,100,2,gift_anniversary,MEDIUM
10th anniversary gift ideas,500,high,100,2,gift_anniversary,MEDIUM
10th anniversary gift traditional and modern,500,high,100,2,gift_anniversary,MEDIUM
10th anniversary gifts for her,500,high,100,2,gift_anniversary,MEDIUM
10th wedding anniversary gift for husband,500,high,100,2,gift_anniversary,MEDIUM
10th wedding anniversary gift for wife,500,high,100,2,gift_anniversary,MEDIUM
10th wedding anniversary gift ideas,500,high,100,2,gift_anniversary,MEDIUM
10th wedding anniversary ideas,500,high,100,2,gift_anniversary,MEDIUM
10th wedding anniversary presents,500,high,100,2,gift_anniversary,MEDIUM
10th wedding anniversary traditional gift,500,high,100,2,gift_anniversary,MEDIUM
10yr wedding anniversary gift,500,high,100,2,gift_anniversary,MEDIUM
11 year anniversary gift for her,500,high,100,2,gift_anniversary,MEDIUM
11 year anniversary gift for him,500,high,100,2,gift_anniversary,MEDIUM
11 year anniversary gift for husband,500,high,100,2,gift_anniversary,MEDIUM
11 year anniversary gift for wife,500,high,100,2,gift_anniversary,MEDIUM
11 year anniversary gift ideas,500,high,100,2,gift_anniversary,MEDIUM
11 year anniversary gift steel,500,high,100,2,gift_anniversary,MEDIUM
11 year anniversary gift traditional,500,high,100,2,gift_anniversary,MEDIUM
11th anniversary gift for her,500,high,100,2,gift_anniversary,MEDIUM
11th anniversary gift for him,500,high,100,2,gift_anniversary,MEDIUM
11th anniversary gift for husband,500,high,100,2,gift_anniversary,MEDIUM
11th anniversary gift for wife,500,high,100,2,gift_anniversary,MEDIUM
11th anniversary gift ideas,500,high,99,2,gift_anniversary,MEDIUM
11th anniversary gift traditional,500,high,100,2,gift_anniversary,MEDIUM
12 year anniversary gift for him,500,high,100,2,gift_anniversary,MEDIUM
12 year anniversary gift for husband,500,high,100,2,gift_anniversary,MEDIUM
12 year anniversary gift for wife,500,high,100,2,gift_anniversary,MEDIUM
12 year anniversary gift ideas,500,high,100,2,gift_anniversary,MEDIUM
12 year anniversary gift traditional,500,high,98,2,gift_anniversary,MEDIUM
12 years marriage anniversary,500,high,97,3,other,MEDIUM
12th anniversary gift for her,500,high,100,2,gift_anniversary,MEDIUM
12th anniversary gift for him,500,high,100,2,gift_anniversary,MEDIUM
12th anniversary gift ideas,500,high,100,2,gift_anniversary,MEDIUM
12th anniversary gift traditional and modern,500,high,100,2,gift_anniversary,MEDIUM
12th wedding anniversary gifts for him,500,high,100,2,gift_anniversary,MEDIUM
12th wedding anniversary traditional gift,500,high,100,2,gift_anniversary,MEDIUM
13 year anniversary gift for him,500,high,100,2,gift_anniversary,MEDIUM
13 year anniversary gift for wife,500,high,100,2,gift_anniversary,MEDIUM
13 year wedding anniversary gift for husband,500,high,100,2,gift_anniversary,MEDIUM
13th anniversary gift for him,500,high,100,2,gift_anniversary,MEDIUM
13th anniversary gift for wife,500,high,100,2,gift_anniversary,MEDIUM
13th wedding anniversary gift for her,500,high,100,2,gift_anniversary,MEDIUM
13th wedding anniversary gift for husband,500,high,100,2,gift_anniversary,MEDIUM
13th wedding anniversary gift for wife,500,high,100,2,gift_anniversary,MEDIUM
13th wedding anniversary gift traditional,500,high,100,2,gift_anniversary,MEDIUM
13th wedding anniversary gifts for him,500,high,100,2,gift_anniversary,MEDIUM
14 year anniversary gift for her,500,high,100,2,gift_anniversary,MEDIUM
14 year anniversary gift for him,500,high,100,2,gift_anniversary,MEDIUM
14 year anniversary gift for wife,500,high,100,2,gift_anniversary,MEDIUM
14 year anniversary traditional gift,500,high,98,3,gift_other,MEDIUM
14th anniversary gift for her,500,high,100,2,gift_anniversary,MEDIUM
14th anniversary gift for him,500,high,100,2,gift_anniversary,MEDIUM
14th anniversary gift for wife,500,high,100,2,gift_anniversary,MEDIUM
14th anniversary gift ideas,500,high,100,2,gift_anniversary,MEDIUM
14th wedding anniversary gift for him,500,high,100,2,gift_anniversary,MEDIUM
14th wedding anniversary gift for husband,500,high,100,2,gift_anniversary,MEDIUM
14th wedding anniversary gift for wife,500,high,100,2,gift_anniversary,MEDIUM
14th wedding anniversary traditional gift,500,high,100,2,gift_anniversary,MEDIUM
15 year anniversary gift for her,500,high,100,2,gift_anniversary,MEDIUM
15 year anniversary gift for husband,500,high,100,2,gift_anniversary,MEDIUM
15 year anniversary gift for wife,500,high,100,2,gift_anniversary,MEDIUM
15 year anniversary gift ideas,500,high,100,2,gift_anniversary,MEDIUM
15 year anniversary ideas,500,high,100,3,other,MEDIUM
15 year wedding anniversary gift for husband,500,high,100,2,gift_anniversary,MEDIUM
15 year wedding anniversary gift for wife,500,high,100,2,gift_anniversary,MEDIUM
15 year wedding anniversary ideas,500,high,100,2,gift_anniversary,MEDIUM
15 years of marriage gift,500,high,100,3,gift_other,MEDIUM
15th anniversary gift for her,500,high,100,2,gift_anniversary,MEDIUM
15th anniversary gift for him,500,high,99,2,gift_anniversary,MEDIUM
15th anniversary gift for husband,500,high,100,2,gift_anniversary,MEDIUM
15th anniversary gift for wife,500,high,100,2,gift_anniversary,MEDIUM
15th anniversary gift ideas,500,high,100,2,gift_anniversary,MEDIUM
15th wedding anniversary gift for him,500,high,100,2,gift_anniversary,MEDIUM
15th wedding anniversary gift for wife,500,high,100,2,gift_anniversary,MEDIUM
15th wedding anniversary gift ideas,500,high,100,2,gift_anniversary,MEDIUM
15th wedding anniversary ideas,500,high,100,2,gift_anniversary,MEDIUM
15th wedding anniversary traditional gift,500,high,100,2,gift_anniversary,MEDIUM
15yr anniversary gift,500,high,100,2,gift_anniversary,MEDIUM
16 year anniversary gift for her,500,high,100,2,gift_anniversary,MEDIUM
16 year anniversary gift for him,500,high,100,2,gift_anniversary,MEDIUM
16 year anniversary gift for wife,500,high,100,2,gift_anniversary,MEDIUM
16 year anniversary gift traditional,500,high,100,2,gift_anniversary,MEDIUM
16 year wedding anniversary gift,500,high,100,2,gift_anniversary,MEDIUM
16 year wedding anniversary traditional gift,500,high,99,2,gift_anniversary,MEDIUM
16th anniversary gift for him,500,high,100,2,gift_anniversary,MEDIUM
16th anniversary gift ideas,500,high,100,2,gift_anniversary,MEDIUM
16th anniversary traditional gift,500,high,100,3,gift_other,MEDIUM
16th wedding anniversary gift for him,500,high,100,2,gift_anniversary,MEDIUM
16th wedding anniversary gift ideas,500,high,100,2,gift_anniversary,MEDIUM
17 year anniversary gift for him,500,high,100,2,gift_anniversary,MEDIUM
17 year anniversary gift for wife,500,high,100,2,gift_anniversary,MEDIUM
17 year anniversary gift modern and traditional,500,high,100,2,gift_anniversary,MEDIUM
17 years of marriage gift,500,high,100,3,gift_other,MEDIUM
17th anniversary gift for husband,500,high,100,2,gift_anniversary,MEDIUM
17th anniversary gift traditional and modern,500,high,100,2,gift_anniversary,MEDIUM
17th anniversary traditional gift,500,high,100,3,gift_other,MEDIUM
17th wedding anniversary gift for him,500,high,100,2,gift_anniversary,MEDIUM
18 year anniversary gift for him,500,high,100,2,gift_anniversary,MEDIUM
18 year anniversary gift for husband,500,high,100,2,gift_anniversary,MEDIUM
18 year anniversary gift modern and traditional,500,high,100,2,gift_anniversary,MEDIUM
18 year anniversary gift traditional,500,high,100,2,gift_anniversary,MEDIUM
18 year anniversary gift traditional and modern,500,high,100,2,gift_anniversary,MEDIUM
18 year wedding anniversary gift,500,high,100,2,gift_anniversary,MEDIUM
18th anniversary gift for husband,500,high,100,2,gift_anniversary,MEDIUM
18th anniversary gift for wife,500,high,100,2,gift_anniversary,MEDIUM
18th anniversary gift traditional,500,high,99,2,gift_anniversary,MEDIUM
18th anniversary gift traditional and modern,500,high,100,2,gift_anniversary,MEDIUM
18th wedding anniversary gift for him,500,high,100,2,gift_anniversary,MEDIUM
18th wedding anniversary traditional gift,500,high,100,2,gift_anniversary,MEDIUM
19 year anniversary gift for him,500,high,100,2,gift_anniversary,MEDIUM
19 year anniversary gift for husband,500,high,100,2,gift_anniversary,MEDIUM
19 year anniversary gift for wife,500,high,100,2,gift_anniversary,MEDIUM
19 year anniversary gift traditional,500,high,100,2,gift_anniversary,MEDIUM
19 year wedding anniversary traditional gift,500,high,100,2,gift_anniversary,MEDIUM
19 years wedding anniversary gift,500,high,100,2,gift_anniversary,MEDIUM
19th anniversary gift for him,500,high,100,2,gift_anniversary,MEDIUM
19th anniversary gift for husband,500,high,100,2,gift_anniversary,MEDIUM
19th anniversary gift for wife,500,high,100,2,gift_anniversary,MEDIUM
19th anniversary gift traditional and modern,500,high,100,2,gift_anniversary,MEDIUM
19th wedding anniversary gift traditional,500,high,100,2,gift_anniversary,MEDIUM
1st anniversary gift for couple,500,high,100,2,gift_anniversary,MEDIUM
1st anniversary gift for son and daughter in law,500,high,100,2,gift_anniversary,MEDIUM
1st anniversary gift for wife,500,high,100,2,gift_anniversary,MEDIUM
1st anniversary gift ideas for couples,500,medium,52,2,gift_anniversary,MEDIUM
1st anniversary gift ideas for him,500,high,100,2,gift_anniversary,MEDIUM
1st anniversary gifts for her,500,high,100,2,gift_anniversary,MEDIUM
1st anniversary gifts for him,500,high,97,2,gift_anniversary,MEDIUM
1st anniversary ideas,500,high,99,3,other,MEDIUM
1st wedding anniversary gift ideas,500,high,100,2,gift_anniversary,MEDIUM
1st wedding anniversary gifts for him,500,high,100,2,gift_anniversary,MEDIUM
1st wedding anniversary gifts for wife,500,high,100,2,gift_anniversary,MEDIUM
1st wedding anniversary ideas,500,high,100,2,gift_anniversary,MEDIUM
1st year anniversary gift for husband,500,high,100,2,gift_anniversary,MEDIUM
1st year anniversary gift for wife,500,high,100,2,gift_anniversary,MEDIUM
1st year anniversary gift paper,500,high,100,2,gift_anniversary,MEDIUM
1st year marriage anniversary gifts,500,high,100,2,gift_anniversary,MEDIUM
1st year of marriage gift,500,high,100,3,gift_other,MEDIUM
1st year wedding anniversary gift,500,high,100,2,gift_anniversary,MEDIUM
1st year wedding anniversary gift ideas,500,high,100,2,gift_anniversary,MEDIUM
2 anniversary gift,500,high,100,2,gift_anniversary,MEDIUM
2 year anniversary gift for girlfriend,500,high,100,2,gift_anniversary,MEDIUM
2 year anniversary gift for her,500,high,100,2,gift_anniversary,MEDIUM
2 year anniversary gift for wife,500,high,99,2,gift_anniversary,MEDIUM
2 year anniversary gift ideas,500,high,100,2,gift_anniversary,MEDIUM
2 year anniversary gift traditional,500,high,100,2,gift_anniversary,MEDIUM
2 year anniversary gift traditional and modern,500,high,100,2,gift_anniversary,MEDIUM
2 year anniversary ideas,500,high,99,3,other,MEDIUM
2 year marriage anniversary gift,500,high,100,2,gift_anniversary,MEDIUM
2 year wedding anniversary gift for husband,500,high,100,2,gift_anniversary,MEDIUM
2 year wedding anniversary traditional gift,500,high,100,2,gift_anniversary,MEDIUM
20 year anniversary gift for him,500,high,100,2,gift_anniversary,MEDIUM
20 year anniversary gift for wife,500,high,100,2,gift_anniversary,MEDIUM
20 year anniversary gift ideas,500,high,100,2,gift_anniversary,MEDIUM
20 year anniversary ideas,500,high,100,3,other,MEDIUM
20 year wedding anniversary gift for husband,500,high,100,2,gift_anniversary,MEDIUM
20 year wedding anniversary gift for wife,500,high,100,2,gift_anniversary,MEDIUM
20 year wedding gift,500,high,100,3,gift_other,MEDIUM
20th anniversary gift for him,500,high,100,2,gift_anniversary,MEDIUM
20th anniversary gift for men,500,high,100,2,gift_anniversary,MEDIUM
20th anniversary gift for wife,500,high,100,2,gift_anniversary,MEDIUM
20th anniversary gift ideas,500,high,97,2,gift_anniversary,MEDIUM
20th anniversary gifts for her,500,high,100,2,gift_anniversary,MEDIUM
20th wedding anniversary gift for husband,500,high,100,2,gift_anniversary,MEDIUM
20th wedding anniversary gift for wife,500,high,100,2,gift_anniversary,MEDIUM
20th wedding anniversary gift ideas,500,high,97,2,gift_anniversary,MEDIUM
20th wedding anniversary gifts for him,500,high,100,2,gift_anniversary,MEDIUM
20th wedding anniversary ideas,500,high,100,2,gift_anniversary,MEDIUM
20th wedding anniversary traditional gift,500,high,100,2,gift_anniversary,MEDIUM
21 year anniversary gift for husband,500,high,100,2,gift_anniversary,MEDIUM
21 year anniversary gift for wife,500,high,100,2,gift_anniversary,MEDIUM
21st anniversary gift for him,500,high,100,2,gift_anniversary,MEDIUM
21st anniversary gift for wife,500,high,100,2,gift_anniversary,MEDIUM
21st anniversary gift traditional and modern,500,high,100,2,gift_anniversary,MEDIUM
21st wedding anniversary traditional gift,500,high,100,2,gift_anniversary,MEDIUM
22 year anniversary gift for husband,500,high,100,2,gift_anniversary,MEDIUM
22 year anniversary gift for wife,500,high,100,2,gift_anniversary,MEDIUM
23rd anniversary gift for husband,500,high,100,2,gift_anniversary,MEDIUM
23rd anniversary gift for wife,500,high,100,2,gift_anniversary,MEDIUM
23rd wedding anniversary gift traditional,500,high,100,2,gift_anniversary,MEDIUM
23rd wedding anniversary traditional gift,500,high,100,2,gift_anniversary,MEDIUM
24th anniversary gift for him,500,high,100,2,gift_anniversary,MEDIUM
24th anniversary gift for wife,500,high,100,2,gift_anniversary,MEDIUM
24th wedding anniversary gift for husband,500,high,100,2,gift_anniversary,MEDIUM
24th wedding anniversary traditional gift,500,high,100,2,gift_anniversary,MEDIUM
25 year anniversary gift for him,500,high,100,2,gift_anniversary,MEDIUM
25 year anniversary gift for husband,500,high,100,2,gift_anniversary,MEDIUM
25 year anniversary gift for parents,500,high,100,2,gift_anniversary,MEDIUM
25 year anniversary gift for wife,500,high,100,2,gift_anniversary,MEDIUM
25 year anniversary gift ideas,500,high,100,2,gift_anniversary,MEDIUM
25 year anniversary gift traditional,500,high,100,2,gift_anniversary,MEDIUM
25 year anniversary ideas,500,high,100,3,other,MEDIUM
25 year wedding anniversary ideas,500,high,100,2,gift_anniversary,MEDIUM
25 years married gift,500,high,100,2,gift_anniversary,MEDIUM
25th anniversary gift for husband,500,high,100,2,gift_anniversary,MEDIUM
25th anniversary gift ideas,500,high,100,2,gift_anniversary,MEDIUM
25th anniversary gifts for couples,500,high,100,2,gift_anniversary,MEDIUM
25th anniversary gifts for friends,500,high,100,2,gift_anniversary,MEDIUM
25th anniversary gifts for her,500,high,100,2,gift_anniversary,MEDIUM
25th anniversary gifts for parents,500,high,100,2,gift_anniversary,MEDIUM
25th anniversary ideas,500,high,100,3,other,MEDIUM
25th marriage anniversary gifts for couple,500,high,100,2,gift_anniversary,MEDIUM
25th wedding anniversary gift for husband,500,high,100,2,gift_anniversary,MEDIUM
25th wedding anniversary gift ideas,500,high,100,2,gift_anniversary,MEDIUM
25th wedding anniversary gifts for couple,500,high,100,2,gift_anniversary,MEDIUM
25th wedding anniversary gifts for friends,500,high,99,2,gift_anniversary,MEDIUM
25th wedding anniversary gifts for her,500,high,100,2,gift_anniversary,MEDIUM
25th wedding anniversary gifts for men,500,high,100,2,gift_anniversary,MEDIUM
25th wedding anniversary gifts for parents,500,high,100,2,gift_anniversary,MEDIUM
25th wedding anniversary gifts traditional and modern,500,high,100,2,gift_anniversary,MEDIUM
26 year anniversary gift,500,high,100,2,gift_anniversary,MEDIUM
26 year wedding anniversary gift,500,high,100,2,gift_anniversary,MEDIUM
26th anniversary gift for husband,500,high,100,2,gift_anniversary,MEDIUM
26th wedding anniversary gifts,500,high,100,2,gift_anniversary,MEDIUM
26th wedding anniversary traditional gift,500,high,100,2,gift_anniversary,MEDIUM
27 year wedding anniversary gift,500,high,100,2,gift_anniversary,MEDIUM
27th wedding anniversary gift,500,high,100,2,gift_anniversary,MEDIUM
27th wedding anniversary traditional gift,500,high,100,2,gift_anniversary,MEDIUM
28 year anniversary gift,500,high,100,2,gift_anniversary,MEDIUM
28 year wedding anniversary,500,high,100,2,gift_anniversary,MEDIUM
28 year wedding anniversary gift,500,high,100,2,gift_anniversary,MEDIUM
28th wedding anniversary gifts,500,high,100,2,gift_anniversary,MEDIUM
29 year anniversary gift,500,high,100,2,gift_anniversary,MEDIUM
29th anniversary gift,500,high,100,2,gift_anniversary,MEDIUM
29th anniversary gift for husband,500,high,100,2,gift_anniversary,MEDIUM
2nd anniversary gift for her,500,high,100,2,gift_anniversary,MEDIUM
2nd anniversary gift for him,500,high,97,2,gift_anniversary,MEDIUM
2nd anniversary gift for husband,500,high,100,2,gift_anniversary,MEDIUM
2nd anniversary gift for wife,500,high,100,2,gift_anniversary,MEDIUM
2nd anniversary gift ideas,500,high,100,2,gift_anniversary,MEDIUM
2nd anniversary ideas,500,high,100,3,other,MEDIUM
2nd marriage anniversary gift for wife,500,high,100,2,gift_anniversary,MEDIUM
2nd wedding anniversary cotton gifts,500,high,100,2,gift_anniversary,MEDIUM
2nd wedding anniversary for husband,500,high,95,2,gift_anniversary,MEDIUM
2nd wedding anniversary gift for husband,500,high,100,2,gift_anniversary,MEDIUM
2nd wedding anniversary gift for wife,500,high,100,2,gift_anniversary,MEDIUM
2nd wedding anniversary gift ideas,500,high,100,2,gift_anniversary,MEDIUM
2nd wedding anniversary gifts traditional and modern,500,high,100,2,gift_anniversary,MEDIUM
2nd wedding gift ideas,500,high,100,3,gift_other,MEDIUM
2nd year anniversary gift for her,500,high,100,2,gift_anniversary,MEDIUM
2nd year anniversary gift for wife,500,high,99,2,gift_anniversary,MEDIUM
2nd year anniversary gift ideas,500,high,100,2,gift_anniversary,MEDIUM
2nd year anniversary gift traditional,500,high,100,2,gift_anniversary,MEDIUM
2nd year anniversary ideas,500,high,99,3,other,MEDIUM
2nd year wedding anniversary traditional gift,500,high,100,2,gift_anniversary,MEDIUM
3 year anniversary gift for girlfriend,500,high,100,2,gift_anniversary,MEDIUM
3 year anniversary gift for her,500,high,100,2,gift_anniversary,MEDIUM
3 year anniversary gift for husband,500,high,97,2,gift_anniversary,MEDIUM
3 year anniversary gift for wife,500,high,100,2,gift_anniversary,MEDIUM
3 year anniversary gift ideas,500,high,100,2,gift_anniversary,MEDIUM
3 year anniversary ideas,500,high,100,3,other,MEDIUM
3 year marriage anniversary gift,500,high,99,2,gift_anniversary,MEDIUM
3 year wedding anniversary gift for husband,500,high,100,2,gift_anniversary,MEDIUM
3 year wedding anniversary gift for wife,500,high,100,2,gift_anniversary,MEDIUM
3 year wedding anniversary traditional gift,500,high,100,2,gift_anniversary,MEDIUM
3 years of marriage gift,500,high,98,3,gift_other,MEDIUM
30 year anniversary gift for him,500,high,100,2,gift_anniversary,MEDIUM
30 year anniversary gift for husband,500,high,100,2,gift_anniversary,MEDIUM
30 year anniversary gift for parents,500,high,100,2,gift_anniversary,MEDIUM
30 year anniversary gift for wife,500,high,100,2,gift_anniversary,MEDIUM
30 year anniversary gift ideas,500,high,100,2,gift_anniversary,MEDIUM
30 year anniversary ideas,500,high,100,3,other,MEDIUM
30 year marriage gift,500,high,100,3,gift_other,MEDIUM
30 year wedding anniversary gift for husband,500,high,100,2,gift_anniversary,MEDIUM
30 year wedding anniversary gift for wife,500,high,100,2,gift_anniversary,MEDIUM
30th anniversary gift for husband,500,high,100,2,gift_anniversary,MEDIUM
30th anniversary gift for parents,500,high,100,2,gift_anniversary,MEDIUM
30th anniversary gift for wife,500,high,100,2,gift_anniversary,MEDIUM
30th anniversary gift ideas,500,high,100,2,gift_anniversary,MEDIUM
30th anniversary gift traditional and modern,500,high,100,2,gift_anniversary,MEDIUM
30th wedding anniversary gift for couple,500,high,100,2,gift_anniversary,MEDIUM
30th wedding anniversary gift for husband,500,high,100,2,gift_anniversary,MEDIUM
30th wedding anniversary gift for parents,500,high,100,2,gift_anniversary,MEDIUM
30th wedding anniversary gift for wife,500,high,100,2,gift_anniversary,MEDIUM
30th wedding anniversary gift ideas,500,high,100,2,gift_anniversary,MEDIUM
30th wedding anniversary gifts for him,500,high,100,2,gift_anniversary,MEDIUM
30th wedding anniversary ideas,500,high,100,2,gift_anniversary,MEDIUM
30th wedding anniversary traditional gift,500,high,99,2,gift_anniversary,MEDIUM
31 year anniversary gift,500,high,100,2,gift_anniversary,MEDIUM
31st wedding anniversary gifts,500,high,100,2,gift_anniversary,MEDIUM
32 wedding anniversary gift,500,high,100,2,gift_anniversary,MEDIUM
32 year anniversary gift,500,high,100,2,gift_anniversary,MEDIUM
32nd anniversary gift,500,high,99,2,gift_anniversary,MEDIUM
33 year anniversary gift,500,high,100,2,gift_anniversary,MEDIUM
33rd anniversary gift,500,high,100,2,gift_anniversary,MEDIUM
33rd wedding anniversary gift,500,high,100,2,gift_anniversary,MEDIUM
34 year anniversary gift,500,high,100,2,gift_anniversary,MEDIUM
34th anniversary gift,500,high,100,2,gift_anniversary,MEDIUM
34th anniversary gift for husband,500,high,100,2,gift_anniversary,MEDIUM
35 year anniversary gift for husband,500,high,100,2,gift_anniversary,MEDIUM
35 year anniversary gift for wife,500,high,100,2,gift_anniversary,MEDIUM
35 year anniversary gift traditional,500,high,99,2,gift_anniversary,MEDIUM
35 year wedding anniversary gift,500,high,100,2,gift_anniversary,MEDIUM
35 years of marriage gift,500,high,100,3,gift_other,MEDIUM
35th wedding anniversary gift for husband,500,high,100,2,gift_anniversary,MEDIUM
35th wedding anniversary gift for wife,500,high,100,2,gift_anniversary,MEDIUM
35th wedding anniversary traditional gift,500,high,100,2,gift_anniversary,MEDIUM
36 wedding anniversary gift,500,high,100,2,gift_anniversary,MEDIUM
36th wedding anniversary gift,500,high,100,2,gift_anniversary,MEDIUM
38th wedding anniversary gift,500,high,100,2,gift_anniversary,MEDIUM
39 year anniversary gift,500,high,100,2,gift_anniversary,MEDIUM
39th anniversary gift,500,high,100,2,gift_anniversary,MEDIUM
39th anniversary gift for wife,500,high,100,2,gift_anniversary,MEDIUM
3d crystal photo cube near me,500,high,100,3,other,HIGH
3d crystal photo near me,500,high,100,3,other,HIGH
3d crystals near me,500,high,100,3,other,HIGH
3d laser engraved crystal,500,high,100,3,other,MEDIUM
3d photo crystal near me,500,high,100,3,other,HIGH
3rd anniversary gift for him,500,high,99,2,gift_anniversary,MEDIUM
3rd anniversary gift for husband,500,high,100,2,gift_anniversary,MEDIUM
3rd anniversary gift for wife,500,high,100,2,gift_anniversary,MEDIUM
3rd anniversary gift ideas,500,high,100,2,gift_anniversary,MEDIUM
3rd anniversary gifts for her,500,high,100,2,gift_anniversary,MEDIUM
3rd wedding anniversary gift for wife,500,high,100,2,gift_anniversary,MEDIUM
3rd wedding anniversary traditional gift,500,high,100,2,gift_anniversary,MEDIUM
3rd year anniversary gift for her,500,high,100,2,gift_anniversary,MEDIUM
3rd year anniversary gift for wife,500,high,100,2,gift_anniversary,MEDIUM
3rd year of marriage gift,500,high,98,3,gift_other,MEDIUM
3rd year wedding anniversary traditional gift,500,high,100,2,gift_anniversary,MEDIUM
4 wedding anniversary gift,500,high,100,2,gift_anniversary,MEDIUM
4 year anniversary gift for boyfriend,500,high,100,2,gift_anniversary,MEDIUM
4 year anniversary gift for her,500,high,100,2,gift_anniversary,MEDIUM
4 year anniversary gift for husband,500,high,100,2,gift_anniversary,MEDIUM
4 year anniversary gift for wife,500,high,100,2,gift_anniversary,MEDIUM
4 year anniversary gift ideas,500,high,100,2,gift_anniversary,MEDIUM
4 year anniversary ideas,500,high,100,3,other,MEDIUM
4 year marriage anniversary gift,500,high,100,2,gift_anniversary,MEDIUM
4 year wedding anniversary gift for husband,500,high,100,2,gift_anniversary,MEDIUM
4 year wedding anniversary gift for wife,500,high,100,2,gift_anniversary,MEDIUM
4 year wedding anniversary gift traditional,500,high,100,2,gift_anniversary,MEDIUM
4 years of marriage gift,500,high,98,3,gift_other,MEDIUM
40 year anniversary gift for husband,500,high,100,2,gift_anniversary,MEDIUM
40 year anniversary gift for parents,500,high,100,2,gift_anniversary,MEDIUM
40 year anniversary gift for wife,500,high,100,2,gift_anniversary,MEDIUM
40 year anniversary gift traditional,500,high,100,2,gift_anniversary,MEDIUM
40 year wedding anniversary gift,500,high,100,2,gift_anniversary,MEDIUM
40th anniversary gift for husband,500,high,100,2,gift_anniversary,MEDIUM
40th anniversary gift for parents,500,high,100,2,gift_anniversary,MEDIUM
40th anniversary gift for wife,500,high,100,2,gift_anniversary,MEDIUM
40th anniversary gift ideas,500,high,97,2,gift_anniversary,MEDIUM
40th anniversary gift ideas for parents,500,high,100,2,gift_anniversary,MEDIUM
40th anniversary gift modern,500,high,100,2,gift_anniversary,MEDIUM
40th anniversary gifts for friends,500,high,95,2,gift_anniversary,MEDIUM
40th anniversary ideas,500,high,100,3,other,MEDIUM
40th anniversary traditional gift,500,high,100,3,gift_other,MEDIUM
40th wedding anniversary gift for husband,500,high,100,2,gift_anniversary,MEDIUM
40th wedding anniversary gift for parents,500,high,100,2,gift_anniversary,MEDIUM
40th wedding anniversary gift ideas,500,high,100,2,gift_anniversary,MEDIUM
40th wedding anniversary gifts for wife,500,high,100,2,gift_anniversary,MEDIUM
40th wedding anniversary ideas,500,high,100,2,gift_anniversary,MEDIUM
41 year anniversary gift,500,high,100,2,gift_anniversary,MEDIUM
41st wedding anniversary gift,500,high,100,2,gift_anniversary,MEDIUM
42nd wedding anniversary gift,500,high,100,2,gift_anniversary,MEDIUM
43 year anniversary gift,500,high,100,2,gift_anniversary,MEDIUM
43rd wedding anniversary gift,500,high,100,2,gift_anniversary,MEDIUM
44 wedding anniversary gift,500,high,100,2,gift_anniversary,MEDIUM
44 year anniversary gift,500,high,100,2,gift_anniversary,MEDIUM
44th wedding anniversary gift,500,high,100,2,gift_anniversary,MEDIUM
45 year anniversary gift,500,high,100,2,gift_anniversary,MEDIUM
45 year wedding anniversary gift,500,high,100,2,gift_anniversary,MEDIUM
45th anniversary gift for parents,500,high,100,2,gift_anniversary,MEDIUM
45th anniversary gift for wife,500,high,100,2,gift_anniversary,MEDIUM
45th wedding anniversary gift for parents,500,high,100,2,gift_anniversary,MEDIUM
46 wedding anniversary gift,500,high,100,2,gift_anniversary,MEDIUM
46th anniversary gifts,500,high,100,2,gift_anniversary,MEDIUM
46th wedding anniversary gift,500,high,100,2,gift_anniversary,MEDIUM
47th wedding anniversary gift,500,high,100,2,gift_anniversary,MEDIUM
48th anniversary gift,500,high,100,2,gift_anniversary,MEDIUM
4th anniversary gift for her,500,high,100,2,gift_anniversary,MEDIUM
4th anniversary gift for him,500,high,100,2,gift_anniversary,MEDIUM
4th anniversary gift for husband,500,high,100,2,gift_anniversary,MEDIUM
4th anniversary gift for wife,500,high,100,2,gift_anniversary,MEDIUM
4th wedding anniversary for husband,500,high,100,2,gift_anniversary,MEDIUM
4th wedding anniversary gifts for her,500,high,100,2,gift_anniversary,MEDIUM
4th wedding anniversary gifts for him,500,high,100,2,gift_anniversary,MEDIUM
4th year anniversary gift for her,500,high,100,2,gift_anniversary,MEDIUM
5 anniversary gift,500,high,99,2,gift_anniversary,MEDIUM
5 year anniversary gift for boyfriend,500,high,100,2,gift_anniversary,MEDIUM
5 year anniversary gift for her,500,high,100,2,gift_anniversary,MEDIUM
5 year anniversary gift for husband,500,high,100,2,gift_anniversary,MEDIUM
5 year anniversary gift ideas,500,high,100,2,gift_anniversary,MEDIUM
5 year anniversary ideas,500,high,100,3,other,MEDIUM
5 year marriage anniversary gift,500,high,100,2,gift_anniversary,MEDIUM
5 year wedding anniversary gift for him,500,high,100,2,gift_anniversary,MEDIUM
5 year wedding anniversary gift for husband,500,high,100,2,gift_anniversary,MEDIUM
5 year wedding anniversary gift for wife,500,high,100,2,gift_anniversary,MEDIUM
5 year wedding anniversary gift ideas,500,high,100,2,gift_anniversary,MEDIUM
5 year wedding anniversary ideas,500,high,100,2,gift_anniversary,MEDIUM
5 year wedding anniversary present,500,high,100,2,gift_anniversary,MEDIUM
5 year wedding anniversary traditional gift,500,high,100,2,gift_anniversary,MEDIUM
5 year wedding gift,500,high,95,3,gift_other,MEDIUM
5 year wood anniversary gifts,500,high,100,2,gift_anniversary,MEDIUM
5 year wood anniversary gifts for him,500,high,100,2,gift_anniversary,MEDIUM
50 year anniversary gift for parents,500,high,100,2,gift_anniversary,MEDIUM
50 year anniversary gift parents,500,high,100,2,gift_anniversary,MEDIUM
50 year anniversary gift traditional,500,high,100,2,gift_anniversary,MEDIUM
50 year anniversary ideas,500,high,100,3,other,MEDIUM
50 year anniversary present,500,high,100,2,gift_anniversary,MEDIUM
50 year anniversary present for parents,500,high,100,2,gift_anniversary,MEDIUM
50 year wedding anniversary gift,500,high,100,2,gift_anniversary,MEDIUM
50th anniversary favors ideas,500,high,100,3,other,MEDIUM
50th anniversary gift ideas for couples,500,high,100,2,gift_anniversary,MEDIUM
50th anniversary gift ideas for parents,500,high,100,2,gift_anniversary,MEDIUM
50th anniversary gifts for friends,500,high,100,2,gift_anniversary,MEDIUM
50th anniversary gifts for grandparents,500,high,96,2,gift_anniversary,MEDIUM
50th anniversary gifts for husband,500,high,100,2,gift_anniversary,MEDIUM
50th anniversary gifts for parents from daughter,500,high,98,2,gift_anniversary,MEDIUM
50th anniversary gifts for wife,500,high,100,2,gift_anniversary,MEDIUM
50th anniversary ideas,500,high,100,3,other,MEDIUM
50th anniversary ideas for parents,500,high,100,3,other,MEDIUM
50th anniversary present ideas,500,high,100,2,gift_anniversary,MEDIUM
50th wedding anniversary favors,500,high,100,2,gift_anniversary,MEDIUM
50th wedding anniversary gift ideas,500,high,100,2,gift_anniversary,MEDIUM
50th wedding anniversary gift ideas for friends,500,high,100,2,gift_anniversary,MEDIUM
50th wedding anniversary gifts for friends,500,high,100,2,gift_anniversary,MEDIUM
50th wedding anniversary gifts for grandparents,500,high,96,2,gift_anniversary,MEDIUM
50th wedding anniversary gifts for husband,500,high,100,2,gift_anniversary,MEDIUM
50th wedding anniversary gifts for wife,500,high,100,2,gift_anniversary,MEDIUM
50th wedding anniversary ideas for parents,500,high,100,2,gift_anniversary,MEDIUM
50th wedding gift ideas,500,high,100,3,gift_other,MEDIUM
50th wedding gifts,500,high,100,3,gift_other,MEDIUM
55th anniversary gifts,500,high,100,2,gift_anniversary,MEDIUM
55th wedding anniversary gifts,500,high,100,2,gift_anniversary,MEDIUM
59th wedding anniversary gift,500,high,100,2,gift_anniversary,MEDIUM
5oth anniversary gifts,500,high,100,2,gift_anniversary,MEDIUM
5th anniversary gift for her,500,high,100,2,gift_anniversary,MEDIUM
5th anniversary gift for him,500,high,100,2,gift_anniversary,MEDIUM
5th anniversary gift for wife,500,high,100,2,gift_anniversary,MEDIUM
5th anniversary gift ideas,500,high,100,2,gift_anniversary,MEDIUM
5th wedding anniversary,500,high,99,2,gift_anniversary,MEDIUM
5th wedding anniversary gift for husband,500,high,100,2,gift_anniversary,MEDIUM
5th wedding anniversary gift ideas,500,high,100,2,gift_anniversary,MEDIUM
5th wedding anniversary gift traditional,500,high,100,2,gift_anniversary,MEDIUM
5th year anniversary gift for her,500,high,100,2,gift_anniversary,MEDIUM
5th year anniversary gift ideas,500,high,100,2,gift_anniversary,MEDIUM
5th year anniversary ideas,500,high,100,3,other,MEDIUM
6 month wedding anniversary gift,500,high,100,2,gift_anniversary,MEDIUM
6 wedding anniversary gift,500,high,100,2,gift_anniversary,MEDIUM
6 year anniversary gift for her,500,high,98,2,gift_anniversary,MEDIUM
6 year anniversary gift for him,500,high,99,2,gift_anniversary,MEDIUM
6 year anniversary gift for wife,500,high,100,2,gift_anniversary,MEDIUM
6 year anniversary gift ideas,500,high,98,2,gift_anniversary,MEDIUM
6 year wedding anniversary gift for him,500,high,100,2,gift_anniversary,MEDIUM
6 year wedding anniversary gift for husband,500,high,100,2,gift_anniversary,MEDIUM
6 year wedding anniversary gift ideas,500,high,100,2,gift_anniversary,MEDIUM
6 year wedding anniversary traditional gift,500,high,100,2,gift_anniversary,MEDIUM
6 year wedding gift,500,high,100,3,gift_other,MEDIUM
6 years of marriage gift,500,high,100,3,gift_other,MEDIUM
60 year anniversary gift,500,high,100,2,gift_anniversary,MEDIUM
60 year wedding anniversary gift,500,high,100,2,gift_anniversary,MEDIUM
60th anniversary gift for parents,500,high,100,2,gift_anniversary,MEDIUM
60th anniversary gift ideas,500,high,100,2,gift_anniversary,MEDIUM
60th anniversary gift traditional,500,high,100,2,gift_anniversary,MEDIUM
60th anniversary present,500,high,100,2,gift_anniversary,MEDIUM
60th wedding anniversary color,500,high,83,2,gift_anniversary,MEDIUM
60th wedding anniversary gift ideas,500,high,100,2,gift_anniversary,MEDIUM
60th wedding anniversary gifts for friends,500,high,100,2,gift_anniversary,MEDIUM
60th wedding anniversary gifts for parents,500,high,100,2,gift_anniversary,MEDIUM
60th wedding anniversary ideas,500,high,100,2,gift_anniversary,MEDIUM
60th wedding anniversary presents,500,high,100,2,gift_anniversary,MEDIUM
65th anniversary gifts,500,high,100,2,gift_anniversary,MEDIUM
65th wedding anniversary gift,500,high,100,2,gift_anniversary,MEDIUM
6th anniversary gift for her,500,high,90,2,gift_anniversary,MEDIUM
6th anniversary gift for him,500,high,100,2,gift_anniversary,MEDIUM
6th anniversary gift for wife,500,high,100,2,gift_anniversary,MEDIUM
6th anniversary gift ideas,500,high,99,2,gift_anniversary,MEDIUM
6th wedding anniversary gift for wife,500,high,100,2,gift_anniversary,MEDIUM
6th wedding anniversary gift ideas,500,high,100,2,gift_anniversary,MEDIUM
6th wedding anniversary iron gifts,500,high,100,2,gift_anniversary,MEDIUM
6th year anniversary gift for her,500,high,98,2,gift_anniversary,MEDIUM
6th year anniversary gift for him,500,high,99,2,gift_anniversary,MEDIUM
7 year anniversary gift copper,500,high,100,2,gift_anniversary,MEDIUM
7 year anniversary gift for her,500,high,99,2,gift_anniversary,MEDIUM
7 year anniversary gift for husband,500,high,100,2,gift_anniversary,MEDIUM
7 year anniversary gift for wife,500,high,100,2,gift_anniversary,MEDIUM
7 year anniversary gift ideas,500,high,100,2,gift_anniversary,MEDIUM
7 year anniversary ideas,500,high,100,3,other,MEDIUM
7 year marriage gift,500,high,100,3,gift_other,MEDIUM
7 year wedding anniversary gift for her,500,high,100,2,gift_anniversary,MEDIUM
7 year wedding anniversary gift for him,500,high,100,2,gift_anniversary,MEDIUM
7 year wedding anniversary traditional gift,500,high,100,2,gift_anniversary,MEDIUM
70 year anniversary gift,500,high,100,2,gift_anniversary,MEDIUM
70th anniversary gifts,500,high,100,2,gift_anniversary,MEDIUM
70th wedding anniversary gifts,500,high,100,2,gift_anniversary,MEDIUM
7th anniversary gift for her,500,high,100,2,gift_anniversary,MEDIUM
7th anniversary gift for him,500,high,100,2,gift_anniversary,MEDIUM
7th anniversary gift for husband,500,high,100,2,gift_anniversary,MEDIUM
7th anniversary gift for wife,500,high,100,2,gift_anniversary,MEDIUM
7th anniversary gift ideas,500,high,100,2,gift_anniversary,MEDIUM
7th wedding anniversary gift ideas,500,high,100,2,gift_anniversary,MEDIUM
7th wedding anniversary traditional,500,high,100,2,gift_anniversary,MEDIUM
7th wedding anniversary traditional gift,500,high,100,2,gift_anniversary,MEDIUM
8 millimeter film to digital,500,high,98,2,vhs_legacy,MEDIUM
8 millimeter film to dvd converter,500,high,97,3,other,HIGH
8 millimeter tape converter,500,high,97,3,other,HIGH
8 millimeter to dvd,500,high,96,3,other,MEDIUM
8 mm conversion to dvd,500,high,97,3,other,MEDIUM
8 mm film to dvd,500,high,96,3,other,MEDIUM
8 mm tape converter,500,high,97,3,other,HIGH
8 mm video conversion,500,high,100,3,other,MEDIUM
8 mm video tape,500,high,90,2,vhs_legacy,MEDIUM
8 wedding anniversary gift,500,high,98,2,gift_anniversary,MEDIUM
8 year anniversary gift bronze,500,high,72,2,gift_anniversary,MEDIUM
8 year anniversary gift for her,500,high,95,2,gift_anniversary,MEDIUM
8 year anniversary gift for him,500,high,99,2,gift_anniversary,MEDIUM
8 year anniversary gift for husband,500,high,100,2,gift_anniversary,MEDIUM
8 year anniversary gift for wife,500,high,100,2,gift_anniversary,MEDIUM
8 year anniversary gift ideas,500,high,100,2,gift_anniversary,MEDIUM
8 year wedding anniversary gift for husband,500,high,100,2,gift_anniversary,MEDIUM
8 year wedding anniversary gift for wife,500,high,100,2,gift_anniversary,MEDIUM
8 year wedding anniversary gift traditional,500,high,100,2,gift_anniversary,MEDIUM
8 year wedding gift,500,high,100,3,gift_other,MEDIUM
8mm conversion,500,high,98,3,other,MEDIUM
8mm conversion dvd,500,high,96,3,other,MEDIUM
8mm convert dvd,500,high,96,3,other,MEDIUM
8mm convert film,500,high,98,3,other,MEDIUM
8mm digital,500,high,98,3,other,MEDIUM
8mm film conversion,500,high,98,2,vhs_legacy,MEDIUM
8mm film conversion service,500,high,96,2,vhs_legacy,HIGH
8mm film digitize,500,high,99,2,vhs_legacy,MEDIUM
8mm film dvd,500,high,96,2,vhs_legacy,MEDIUM
8mm film dvd transfer,500,high,96,2,vhs_legacy,MEDIUM
8mm film scanning,500,high,99,2,vhs_legacy,MEDIUM
8mm film to digital near me,500,high,100,2,vhs_legacy,HIGH
8mm film to digital service,500,high,100,2,vhs_legacy,HIGH
8mm film to dvd,500,high,96,2,vhs_legacy,MEDIUM
8mm film to dvd near me,500,high,98,2,vhs_legacy,HIGH
8mm film transfer,500,high,100,2,vhs_legacy,MEDIUM
8mm film transfer near me,500,medium,43,2,vhs_legacy,HIGH
8mm film transfer to dvd near me,500,high,79,2,vhs_legacy,HIGH
8mm movie conversion,500,high,98,3,other,MEDIUM
8mm movie film to digital conversion,500,high,99,2,vhs_legacy,MEDIUM
8mm movie film transfer,500,high,100,3,other,MEDIUM
8mm movie reels,500,high,80,3,other,MEDIUM
8mm movie transfer,500,high,100,3,other,MEDIUM
8mm movie transfer to dvd,500,medium,62,3,other,MEDIUM
8mm movies to digital,500,high,98,3,other,MEDIUM
8mm movies to dvd,500,high,96,3,other,MEDIUM
8mm on dvd,500,high,96,3,other,MEDIUM
8mm scanning,500,high,99,3,other,MEDIUM
8mm tape converter,500,high,97,3,other,HIGH
8mm tape to digital,500,high,100,3,other,MEDIUM
8mm tapes to dvd,500,high,100,3,other,MEDIUM
8mm to digital,500,high,98,3,other,MEDIUM
8mm to digital film conversion,500,high,99,3,other,MEDIUM
8mm to digital service,500,high,100,3,other,HIGH
8mm to dvd,500,high,96,3,other,MEDIUM
8mm to dvd near me,500,high,98,3,other,HIGH
8mm to vhs,500,high,82,3,other,MEDIUM
8mm transfer dvd,500,high,96,3,other,MEDIUM
8mm vhs tapes,500,high,79,2,vhs_legacy,MEDIUM
8mm vhs to dvd,500,high,100,2,vhs_legacy,MEDIUM
8mm video cassette converter,500,high,97,3,other,HIGH
8mm video cassette player to digital,500,high,100,3,other,MEDIUM
8mm video cassette to digital,500,high,100,3,other,MEDIUM
8mm video cassette to digital converter,500,high,100,3,other,HIGH
8mm video cassettes,500,high,90,3,other,MEDIUM
8mm video conversion,500,high,100,3,other,MEDIUM
8mm video tape converter,500,high,97,2,vhs_legacy,HIGH
8mm video tape to digital,500,high,100,2,vhs_legacy,MEDIUM
8mm video tape to dvd,500,high,100,2,vhs_legacy,MEDIUM
8mm video tapes,500,high,90,2,vhs_legacy,MEDIUM
8mm video tapes to digital converter,500,high,100,2,vhs_legacy,HIGH
8mm video to digital,500,high,100,3,other,MEDIUM
8mm video to digital conversion,500,high,96,3,other,MEDIUM
8th anniversary gift for her,500,high,100,2,gift_anniversary,MEDIUM
8th anniversary gift for him,500,high,90,2,gift_anniversary,MEDIUM
8th anniversary gift for wife,500,high,100,2,gift_anniversary,MEDIUM
8th anniversary gift ideas,500,high,100,2,gift_anniversary,MEDIUM
8th anniversary gift traditional and modern,500,high,100,2,gift_anniversary,MEDIUM
8th wedding anniversary gifts for him,500,high,100,2,gift_anniversary,MEDIUM
9 anniversary gift,500,high,100,2,gift_anniversary,MEDIUM
9 th wedding anniversary,500,high,100,2,gift_anniversary,MEDIUM
9 year anniversary gift for her,500,high,100,2,gift_anniversary,MEDIUM
9 year anniversary gift for him,500,high,99,2,gift_anniversary,MEDIUM
9 year anniversary gift for husband,500,high,100,2,gift_anniversary,MEDIUM
9 year anniversary gift for wife,500,high,100,2,gift_anniversary,MEDIUM
9 year anniversary gift ideas,500,high,100,2,gift_anniversary,MEDIUM
9 year anniversary gift pottery,500,high,96,2,gift_anniversary,MEDIUM
9 year anniversary ideas,500,high,100,3,other,MEDIUM
9 year wedding anniversary gift for husband,500,high,100,2,gift_anniversary,MEDIUM
9 year wedding anniversary gift for wife,500,high,100,2,gift_anniversary,MEDIUM
9 year wedding gift,500,high,100,3,gift_other,MEDIUM
9 years married gift,500,high,100,2,gift_anniversary,MEDIUM
9th anniversary gift for her,500,high,100,2,gift_anniversary,MEDIUM
9th anniversary gift for him,500,high,100,2,gift_anniversary,MEDIUM
9th anniversary gift for husband,500,high,100,2,gift_anniversary,MEDIUM
9th anniversary gift for wife,500,high,100,2,gift_anniversary,MEDIUM
9th anniversary gift ideas,500,high,100,2,gift_anniversary,MEDIUM
9th anniversary gift traditional and modern,500,high,90,2,gift_anniversary,MEDIUM
9th anniversary ideas,500,high,100,3,other,MEDIUM
9th wedding anniversary gift for him,500,high,100,2,gift_anniversary,MEDIUM
9th wedding anniversary gift ideas,500,high,100,2,gift_anniversary,MEDIUM
9th wedding anniversary traditional gift,500,high,100,2,gift_anniversary,MEDIUM
9th year anniversary gift for her,500,high,100,2,gift_anniversary,MEDIUM
9th year anniversary gift for him,500,high,99,2,gift_anniversary,MEDIUM
add music to google photo slideshow,500,low,12,1,direct_service,MEDIUM
add music to google photos slideshow,500,low,12,3,tools_comparison,LOW
add music to photo iphone,500,medium,41,3,other,LOW
add music to photo online free,500,medium,45,3,other,LOW
add music to photos slideshow,500,low,31,3,other,MEDIUM
add music to pictures online,500,low,17,3,other,LOW
aluminium wedding anniversary gifts,500,high,100,2,gift_anniversary,MEDIUM
aluminum anniversary gifts for him,500,high,100,2,gift_anniversary,MEDIUM
aluminum wedding anniversary gifts,500,high,100,2,gift_anniversary,MEDIUM
amazing gifts for mothers day,500,high,100,2,gift_mothers,MEDIUM
amazon 50th anniversary gifts,500,high,100,2,gift_anniversary,MEDIUM
amazon grad gifts,500,high,100,2,gift_graduation,MEDIUM
amazon graduation gifts for her,500,high,100,2,gift_graduation,MEDIUM
amazon graduation gifts for him,500,high,100,2,gift_graduation,MEDIUM
anniversary gift for friend couple,500,high,100,2,gift_anniversary,MEDIUM
anniversary gift for old couple,500,high,100,2,gift_anniversary,MEDIUM
anniversary gift themes,500,low,31,2,gift_anniversary,MEDIUM
anniversary gift themes by year,500,low,19,2,gift_anniversary,MEDIUM
anniversary gift traditional list,500,medium,44,2,gift_anniversary,MEDIUM
anniversary gifts by year for him,500,high,87,2,gift_anniversary,MEDIUM
anniversary gifts for my wife,500,high,100,2,gift_anniversary,MEDIUM
anniversary gifts for wife by year,500,high,100,2,gift_anniversary,MEDIUM
anniversary ideas for wife,500,high,100,3,other,MEDIUM
annual anniversary gifts,500,high,100,2,gift_anniversary,MEDIUM
app for pics and music,500,low,28,3,other,LOW
app photo music,500,low,28,3,other,MEDIUM
app to make a video with photos and music,500,medium,59,3,other,MEDIUM
app to make a video with pictures and music,500,medium,59,3,other,MEDIUM
app to make photo video with music,500,medium,59,3,other,MEDIUM
app to make picture video with music,500,medium,59,3,other,MEDIUM
app to make pictures video with music,500,medium,59,3,other,MEDIUM
appropriate graduation gift,500,high,91,2,gift_graduation,MEDIUM
appropriate sympathy gifts,500,high,100,2,gift_memorial,MEDIUM
apps for creating slideshows with music,500,high,79,3,other,MEDIUM
apps for photo with music,500,low,28,3,other,MEDIUM
apps to make video with photos and music,500,medium,59,3,other,MEDIUM
artpix 3d crystal photo,500,high,100,3,other,MEDIUM
average graduation gift,500,low,2,2,gift_graduation,MEDIUM
balloon graduation ideas,500,high,100,3,other,MEDIUM
bereavement basket ideas,500,high,100,3,other,MEDIUM
bereavement gift basket ideas,500,high,100,2,gift_memorial,MEDIUM
bereavement gift for male coworker,500,high,100,2,gift_memorial,MEDIUM
bereavement gift ideas,500,high,100,2,gift_memorial,MEDIUM
bereavement gifts for loss of dad,500,high,100,2,gift_memorial,MEDIUM
bereavement gifts for loss of father,500,high,100,2,gift_memorial,MEDIUM
bereavement gifts for loss of mother,500,high,100,2,gift_memorial,MEDIUM
bereavement gifts for men,500,high,100,2,gift_memorial,MEDIUM
bereavement present ideas,500,high,100,3,gift_other,MEDIUM
best 1 year anniversary gifts for her,500,high,100,2,gift_anniversary,MEDIUM
best 10 year anniversary gifts,500,high,100,2,gift_anniversary,MEDIUM
best 1st anniversary gifts,500,high,100,2,gift_anniversary,MEDIUM
best 1st year anniversary gifts,500,high,100,2,gift_anniversary,MEDIUM
best 2 year anniversary gifts,500,high,100,2,gift_anniversary,MEDIUM
best 20 year anniversary gift,500,high,100,2,gift_anniversary,MEDIUM
best 20th anniversary gifts,500,high,100,2,gift_anniversary,MEDIUM
best 25 year anniversary gifts,500,high,100,2,gift_anniversary,MEDIUM
best 25th anniversary gifts,500,high,100,2,gift_anniversary,MEDIUM
best 3 year anniversary gifts for her,500,high,100,2,gift_anniversary,MEDIUM
best 5 year anniversary gifts,500,high,100,2,gift_anniversary,MEDIUM
best 50th anniversary gifts,500,high,100,2,gift_anniversary,MEDIUM
best 50th wedding anniversary gifts,500,high,100,2,gift_anniversary,MEDIUM
best 8mm film to digital converter,500,high,99,2,vhs_legacy,HIGH
best 8mm to digital converter,500,high,99,3,other,HIGH
best app for making photo video,500,high,82,3,other,LOW
best app for making video from photos,500,high,82,1,direct_service,LOW
best app for making video with photos,500,high,82,3,other,LOW
best app for making videos with photos,500,high,82,3,other,LOW
best app for making videos with pictures,500,high,82,3,other,LOW
best app for making videos with pictures and music,500,high,84,3,other,LOW
best app for photo and video editing,500,high,88,3,other,LOW
best app for pictures and videos,500,high,80,3,other,LOW
best app to create video from photos,500,high,82,1,direct_service,LOW
best app to make a photo video,500,high,82,3,other,LOW
best app to make a picture video with music,500,high,84,3,other,LOW
best app to make a video with photos,500,high,82,3,other,LOW
best app to make a video with pictures,500,high,82,3,other,LOW
best app to make a video with pictures and music,500,high,84,3,other,LOW
best app to make video from photos,500,high,82,1,direct_service,LOW
best app to make video of photos,500,high,82,3,other,LOW
best app to make videos from pictures,500,high,82,3,other,LOW
best app to make videos with pictures,500,high,82,3,other,LOW
best app to make videos with pictures and music,500,high,84,3,other,LOW
best apps for making slideshows with music,500,high,80,3,other,LOW
best apps for making video with pictures and music,500,high,84,3,other,LOW
best bereavement gift,500,high,100,2,gift_memorial,MEDIUM
best company to transfer 8mm film to digital,500,high,100,2,vhs_legacy,MEDIUM
best company to transfer 8mm film to dvd near me,500,high,77,2,vhs_legacy,HIGH
best condolences gifts,500,high,100,3,gift_other,MEDIUM
best cotton anniversary gifts,500,high,100,2,gift_anniversary,MEDIUM
best first anniversary gift for wife,500,high,100,2,gift_anniversary,MEDIUM
best first anniversary gifts,500,high,100,2,gift_anniversary,MEDIUM
best first wedding anniversary gifts,500,high,100,2,gift_anniversary,MEDIUM
best first year anniversary gifts,500,high,100,2,gift_anniversary,MEDIUM
best free slideshow makers,500,medium,67,3,tools_comparison,LOW
best friend frames,500,high,100,3,other,MEDIUM
best funeral gifts,500,high,100,3,gift_other,MEDIUM
best gift for 25th wedding anniversary,500,high,100,2,gift_anniversary,MEDIUM
best gift for boyfriend's graduation,500,high,96,3,gift_other,MEDIUM
best gift for marriage anniversary,500,high,100,3,gift_other,MEDIUM
best gift for medical student graduation,500,high,100,3,gift_other,MEDIUM
best gift for phd graduate,500,high,100,3,gift_other,MEDIUM
best gift for police academy graduate,500,high,100,3,gift_other,MEDIUM
best gifts for 1 year anniversary,500,high,100,3,gift_other,MEDIUM
best gifts for grad students,500,high,100,3,gift_other,MEDIUM
best gifts for graduate students,500,high,100,3,gift_other,MEDIUM
best gifts for graduating seniors,500,high,93,3,gift_other,MEDIUM
best gifts for masters graduates,500,high,100,3,gift_other,MEDIUM
best gifts for nursing graduates,500,high,100,3,gift_other,MEDIUM
best grad gifts for her,500,high,100,2,gift_graduation,MEDIUM
best graduation gift cards,500,high,85,2,gift_graduation,MEDIUM
best graduation gift for boyfriend,500,high,96,2,gift_graduation,MEDIUM
best graduation gift for daughter,500,high,100,2,gift_graduation,MEDIUM
best graduation gift for granddaughter,500,high,100,2,gift_graduation,MEDIUM
best graduation gifts for her,500,high,100,2,gift_graduation,MEDIUM
best graduation gifts for him,500,medium,56,2,gift_graduation,MEDIUM
best graduation gifts for masters degree,500,high,100,2,gift_graduation,MEDIUM
best graduation party favors,500,high,100,3,other_graduation,MEDIUM
best husband anniversary gifts,500,high,100,2,gift_anniversary,MEDIUM
best kindergarten graduation gifts,500,low,0,2,gift_graduation,MEDIUM
best leather anniversary gifts,500,high,100,2,gift_anniversary,MEDIUM
best marriage anniversary gift for wife,500,high,100,2,gift_anniversary,MEDIUM
best memorial gifts,500,high,100,2,gift_memorial,MEDIUM
best one year anniversary gifts,500,high,100,2,gift_anniversary,MEDIUM
best one year anniversary gifts for her,500,high,100,2,gift_anniversary,MEDIUM
best one year anniversary gifts for him,500,high,100,2,gift_anniversary,MEDIUM
best paper anniversary gifts,500,high,100,2,gift_anniversary,MEDIUM
best paper gifts for first anniversary,500,high,100,3,gift_other,MEDIUM
best photo and video app,500,high,80,3,other,MEDIUM
best photo and video editing app,500,high,88,3,other,MEDIUM
best photo and video editing software,500,high,100,3,other,LOW
best photo blankets,500,high,100,3,physical_products,MEDIUM
best photo coffee mugs,500,high,100,3,other,MEDIUM
best photo mugs,500,high,100,3,physical_products,MEDIUM
best photo to video app,500,high,80,3,other,MEDIUM
best photo video editing app,500,high,88,3,other,MEDIUM
best photo video editing software,500,high,100,3,other,LOW
best picture and video app,500,high,80,3,other,MEDIUM
best picture to video app,500,high,80,3,other,MEDIUM
best program to create a slideshow with music,500,high,84,1,direct_service,MEDIUM
best program to make a slideshow with music,500,high,84,1,direct_service,MEDIUM
best senior gifts,500,high,100,3,gift_other,MEDIUM
best slideshow maker with music,500,high,85,1,direct_service,MEDIUM
best unique mother's day gifts,500,low,16,2,gift_mothers,MEDIUM
best vcr to dvd converter,500,high,100,3,other,HIGH
best vhs to digital converter,500,high,100,2,vhs_legacy,HIGH
best vhs to digital service,500,high,100,2,vhs_legacy,HIGH
best vhs to dvd converter,500,high,100,2,vhs_legacy,HIGH
best video and photo editing apps,500,high,88,3,other,MEDIUM
best video and picture editing software,500,high,100,3,other,LOW
best way to convert vcr to digital,500,high,100,2,vhs_legacy,MEDIUM
best way to convert vhs to digital,500,high,100,2,vhs_legacy,MEDIUM
best way to make a photo slideshow with music,500,medium,66,1,direct_service,MEDIUM
best way to make a picture slideshow with music,500,medium,66,1,direct_service,MEDIUM
best way to make a slideshow with music,500,medium,59,1,direct_service,MEDIUM
best way to transfer vhs to digital,500,high,100,2,vhs_legacy,MEDIUM
best wedding anniversary gift for wife,500,high,100,2,gift_anniversary,MEDIUM
best wedding anniversary gifts,500,high,100,2,gift_anniversary,MEDIUM
best wedding gift for wife,500,high,100,3,gift_other,MEDIUM
best wood anniversary gifts,500,high,100,2,gift_anniversary,MEDIUM
birthday collage photo,500,high,99,3,other,MEDIUM
boot camp graduation gifts,500,high,100,2,gift_graduation,MEDIUM
bracelet graduation gift,500,high,100,2,gift_graduation,MEDIUM
brass gifts for 21st anniversary,500,high,100,3,gift_other,MEDIUM
bronze and pottery anniversary gifts,500,high,100,2,gift_anniversary,MEDIUM
bronze anniversary gift for her,500,high,100,2,gift_anniversary,MEDIUM
bronze anniversary gift ideas,500,high,100,2,gift_anniversary,MEDIUM
bronze anniversary gifts for wife,500,high,100,2,gift_anniversary,MEDIUM
bronze gift for wife,500,high,100,3,gift_other,MEDIUM
bronze gift ideas,500,high,100,3,gift_other,MEDIUM
bronze gifts for 19th anniversary,500,high,100,3,gift_other,MEDIUM
bronze gifts for her,500,high,100,3,gift_other,MEDIUM
bronze pottery anniversary gifts,500,high,100,2,gift_anniversary,MEDIUM
bronze wedding anniversary gifts for him,500,high,100,2,gift_anniversary,MEDIUM
bronze wedding gift,500,high,100,3,gift_other,MEDIUM
bulk graduation gifts,500,high,100,2,gift_graduation,MEDIUM
camcorder cassette to dvd,500,medium,62,3,other,HIGH
camcorder video cassette converter,500,high,100,3,other,HIGH
camcorder video cassette to dvd,500,medium,62,3,other,HIGH
candy graduation ideas,500,high,76,3,other,MEDIUM
capture vhs to computer,500,high,100,3,other,MEDIUM
capture vhs to pc,500,high,100,3,other,MEDIUM
cash graduation money gift ideas,500,high,100,3,gift_other,MEDIUM
cassette tape to dvd,500,high,75,3,other,MEDIUM
cassette tape to dvd converter,500,high,100,3,other,HIGH
cassette to dvd,500,high,87,3,other,MEDIUM
catholic graduation gifts,500,high,100,2,gift_graduation,MEDIUM
change 8mm film to dvd,500,high,97,2,vhs_legacy,MEDIUM
change 8mm to dvd,500,medium,62,3,other,MEDIUM
change tapes to dvd,500,high,100,3,other,MEDIUM
change vcr to dvd,500,high,100,3,other,MEDIUM
change vhs into dvd,500,high,100,3,other,MEDIUM
change vhs tapes to dvd,500,high,100,2,vhs_legacy,MEDIUM
change vhs to cd,500,high,100,3,other,MEDIUM
change vhs to dvd at walmart,500,high,71,2,vhs_legacy,MEDIUM
change video cassette to dvd,500,high,100,3,other,MEDIUM
cheap graduation gift ideas for friends,500,high,100,2,gift_graduation,MEDIUM
cheap graduation gifts for friends,500,high,100,2,gift_graduation,MEDIUM
cheap graduation ideas,500,high,84,3,other,MEDIUM
cheap photo blankets,500,high,100,3,physical_products,MEDIUM
christian gifts for graduates,500,high,100,3,gift_other,MEDIUM
christian grad gifts,500,high,100,2,gift_graduation,MEDIUM
christmas ornament for loss of loved one,500,high,100,2,gift_memorial,MEDIUM
christmas photo mug,500,high,100,3,physical_products,MEDIUM
classic graduation gifts,500,high,100,2,gift_graduation,MEDIUM
classy phd gifts,500,high,100,3,gift_other,MEDIUM
clearclick vhs to digital converter,500,low,14,2,vhs_legacy,HIGH
clearclick video to digital,500,high,100,3,other,MEDIUM
clearclick video to digital converter,500,high,93,3,other,HIGH
clearclick video to digital converter 2.0,500,high,100,3,other,HIGH
clever graduation gifts,500,high,100,2,gift_graduation,MEDIUM
co worker retirement gift ideas,500,high,100,2,gift_retirement,MEDIUM
coffee mug custom design,500,high,100,3,other,HIGH
coffee mug picture printing,500,high,100,3,other,MEDIUM
collage mug photo,500,high,100,3,other,MEDIUM
collage photo and video,500,high,77,3,other,MEDIUM
collage photo with music,500,high,99,3,other,MEDIUM
collage video and photo app,500,medium,49,3,other,MEDIUM
comfort gifts for grief,500,high,100,3,gift_other,MEDIUM
companies that convert vhs to digital,500,high,100,2,vhs_legacy,MEDIUM
companies that transfer vhs to digital,500,high,100,2,vhs_legacy,MEDIUM
companies that transfer vhs to dvd,500,high,100,2,vhs_legacy,MEDIUM
company that converts vhs to dvd,500,high,100,2,vhs_legacy,MEDIUM
condolence basket ideas,500,high,100,3,other,MEDIUM
condolence care package ideas,500,high,100,3,other,MEDIUM
condolence gifts for a man,500,high,100,2,gift_memorial,MEDIUM
condolence gifts for loss of pet,500,high,100,2,gift_memorial,MEDIUM
condolences gift basket ideas,500,high,100,3,gift_other,MEDIUM
condolences gift for coworker,500,high,100,3,gift_other,MEDIUM
convert 8 mm film to dvd,500,high,97,3,other,MEDIUM
convert 8mm film to digital near me,500,high,95,2,vhs_legacy,HIGH
convert 8mm film to dvd near me,500,high,79,2,vhs_legacy,HIGH
convert 8mm movie film to digital,500,high,99,2,vhs_legacy,MEDIUM
convert 8mm movies to dvd,500,medium,62,3,other,MEDIUM
convert 8mm tapes to digital,500,high,94,3,other,MEDIUM
convert 8mm tapes to digital near me,500,high,91,3,other,HIGH
convert 8mm tapes to dvd,500,high,100,3,other,MEDIUM
convert 8mm to digital near me,500,high,95,3,other,HIGH
convert 8mm to dvd,500,high,97,3,other,MEDIUM
convert 8mm to dvd near me,500,high,79,3,other,HIGH
convert 8mm video cassette to digital,500,high,96,3,other,MEDIUM
convert 8mm video tape to dvd,500,high,100,2,vhs_legacy,MEDIUM
convert 8mm video to digital,500,high,96,3,other,MEDIUM
convert cassette video to digital,500,high,100,3,other,MEDIUM
convert digital to vhs,500,high,100,3,other,MEDIUM
convert dvd to vhs,500,high,100,3,other,MEDIUM
convert from 8mm film to dvd,500,high,97,2,vhs_legacy,MEDIUM
convert from vhs to dvd at home,500,high,100,2,vhs_legacy,MEDIUM
convert home videos to digital,500,high,100,3,other,MEDIUM
convert old film to digital,500,high,100,2,vhs_legacy,MEDIUM
convert old home movies to digital near me,500,high,100,2,vhs_legacy,HIGH
convert old movies to digital,500,high,100,2,vhs_legacy,MEDIUM
convert old tapes to digital,500,high,100,2,vhs_legacy,MEDIUM
convert old video tapes to digital,500,high,100,2,vhs_legacy,MEDIUM
convert old videos to digital,500,high,100,2,vhs_legacy,MEDIUM
convert super 8 film to digital,500,high,100,2,vhs_legacy,MEDIUM
convert super 8 film to digital near me,500,high,97,2,vhs_legacy,HIGH
convert super 8 to digital,500,high,100,2,vhs_legacy,MEDIUM
convert super 8 to dvd,500,high,100,2,vhs_legacy,MEDIUM
convert super 8mm film to digital,500,high,100,2,vhs_legacy,MEDIUM
convert super 8mm to digital,500,high,100,2,vhs_legacy,MEDIUM
convert tapes into dvds,500,high,100,3,other,MEDIUM
convert tapes to digital near me,500,high,100,3,other,HIGH
convert tapes to dvd,500,high,100,3,other,MEDIUM
convert vcr cassette to dvd,500,high,100,2,vhs_legacy,MEDIUM
convert vcr tapes to dvd,500,high,100,2,vhs_legacy,MEDIUM
convert vcr to cd,500,high,100,2,vhs_legacy,MEDIUM
convert vcr to digital service,500,high,100,2,vhs_legacy,HIGH
convert vcr to dvd costco,500,high,67,2,vhs_legacy,HIGH
convert vcr to dvd near me,500,high,95,2,vhs_legacy,HIGH
convert vcr to dvd walgreens,500,high,100,2,vhs_legacy,MEDIUM
convert vcr to usb,500,high,98,2,vhs_legacy,MEDIUM
convert vhs c to digital,500,high,100,2,vhs_legacy,MEDIUM
convert vhs c to dvd,500,high,100,2,vhs_legacy,MEDIUM
convert vhs cassette to dvd,500,high,100,2,vhs_legacy,MEDIUM
convert vhs tapes into dvds,500,high,100,2,vhs_legacy,MEDIUM
convert vhs tapes to dvd at home,500,high,100,2,vhs_legacy,MEDIUM
convert vhs to cd,500,high,100,2,vhs_legacy,MEDIUM
convert vhs to computer,500,high,97,2,vhs_legacy,MEDIUM
convert vhs to digital at home,500,high,100,2,vhs_legacy,MEDIUM
convert vhs to disc,500,high,100,2,vhs_legacy,MEDIUM
convert vhs to disk,500,high,100,2,vhs_legacy,MEDIUM
convert vhs to dvd company,500,high,100,2,vhs_legacy,MEDIUM
convert vhs to dvd costco,500,high,92,2,vhs_legacy,HIGH
convert vhs to dvd near me,500,high,100,2,vhs_legacy,HIGH
convert vhs to dvd service near me,500,high,91,2,vhs_legacy,HIGH
convert vhs to dvd walmart,500,high,71,2,vhs_legacy,MEDIUM
convert vhs to flash drive,500,high,100,2,vhs_legacy,MEDIUM
convert vhs to mp4,500,high,100,2,vhs_legacy,MEDIUM
convert vhs to pc,500,high,97,2,vhs_legacy,MEDIUM
convert vhs to thumb drive,500,high,100,2,vhs_legacy,MEDIUM
convert vhs to usb,500,high,96,2,vhs_legacy,MEDIUM
convert vhs to usb stick,500,high,100,2,vhs_legacy,MEDIUM
convert vhs video to mp4,500,high,100,2,vhs_legacy,MEDIUM
convert video 8 tapes to digital,500,high,100,3,other,MEDIUM
convert video 8 to digital,500,high,96,3,other,MEDIUM
convert video camera tapes to digital,500,high,100,3,other,MEDIUM
convert video cassette to digital,500,high,100,3,other,MEDIUM
convert video cassette to dvd,500,high,100,3,other,MEDIUM
convert video tapes to digital,500,high,100,2,vhs_legacy,MEDIUM
convert video tapes to dvd,500,high,100,2,vhs_legacy,MEDIUM
convert video to digital,500,high,99,3,other,MEDIUM
convert videos to dvd,500,high,86,3,other,MEDIUM
converter for 8mm film to dvd,500,high,97,2,vhs_legacy,HIGH
converter video 8mm to digital,500,high,96,3,other,HIGH
converting 8mm film to digital near me,500,high,95,2,vhs_legacy,HIGH
converting camcorder tapes to dvd,500,low,25,2,vhs_legacy,HIGH
converting super 8 film to dvd,500,high,100,2,vhs_legacy,MEDIUM
converting vhs to digital near me,500,high,100,2,vhs_legacy,HIGH
converting vhs to usb,500,high,97,3,other,MEDIUM
cool gifts for mom amazon,500,high,100,3,gift_other,MEDIUM
cool gifts for mom to be,500,high,100,3,gift_other,MEDIUM
cool gifts to get your mom,500,high,100,3,gift_other,MEDIUM
cool grad gifts for guys,500,high,100,2,gift_graduation,MEDIUM
cool graduation gifts for guys,500,high,100,2,gift_graduation,MEDIUM
cool graduation ideas,500,high,100,3,other,MEDIUM
cool mom day gifts,500,high,74,3,gift_other,MEDIUM
cool mothers day gift ideas,500,high,67,2,gift_mothers,MEDIUM
cool mothers day ideas,500,medium,50,2,gift_mothers,MEDIUM
cool senior gifts,500,high,100,3,gift_other,MEDIUM
copper and wool anniversary gifts,500,high,100,2,gift_anniversary,MEDIUM
copper anniversary gift for her,500,high,100,2,gift_anniversary,MEDIUM
copper anniversary ideas,500,high,100,3,other,MEDIUM
copper gifts for 22nd anniversary,500,high,100,3,gift_other,MEDIUM
copper gifts for 7th anniversary,500,medium,41,3,gift_other,MEDIUM
copper wedding gifts,500,high,100,3,gift_other,MEDIUM
copy vcr to digital,500,high,100,2,vhs_legacy,MEDIUM
copy vhs to computer,500,high,97,3,other,MEDIUM
copy vhs to digital,500,high,100,2,vhs_legacy,MEDIUM
copy vhs to dvd near me,500,high,83,2,vhs_legacy,HIGH
copy vhs to pc,500,high,97,3,other,MEDIUM
copy vhs to usb,500,high,97,3,other,MEDIUM
copying vhs tapes,500,high,92,2,vhs_legacy,MEDIUM
coral gifts for 35th anniversary,500,high,96,3,gift_other,MEDIUM
cost of transferring vhs tapes to dvd,500,high,87,2,vhs_legacy,HIGH
cost of vhs to dvd conversion,500,high,87,2,vhs_legacy,HIGH
cost to convert vhs tape to dvd,500,high,87,2,vhs_legacy,HIGH
cost to convert vhs to dvd,500,high,87,2,vhs_legacy,HIGH
cost to transfer vhs to dvd,500,high,87,2,vhs_legacy,HIGH
costco convert vhs to dvd,500,high,67,2,vhs_legacy,HIGH
costco transfer vhs to dvd,500,high,67,2,vhs_legacy,HIGH
costco vcr to dvd,500,high,67,3,other,HIGH
costco vhs conversion,500,high,92,2,vhs_legacy,HIGH
costco vhs to digital,500,high,99,2,vhs_legacy,HIGH
costco vhs to dvd,500,high,67,2,vhs_legacy,HIGH
costco vhs to dvd conversion,500,high,67,2,vhs_legacy,HIGH
costco vhs transfer,500,high,67,2,vhs_legacy,HIGH
cotton anniversary gift ideas,500,high,100,2,gift_anniversary,MEDIUM
cotton anniversary gifts for her,500,high,100,2,gift_anniversary,MEDIUM
cotton anniversary gifts for wife,500,high,100,2,gift_anniversary,MEDIUM
cotton anniversary ideas,500,high,100,3,other,MEDIUM
cotton gift for husband,500,high,100,3,gift_other,MEDIUM
cotton gift ideas,500,high,100,3,gift_other,MEDIUM
cotton gifts,500,high,100,3,gift_other,MEDIUM
cotton wedding gift,500,high,99,3,gift_other,MEDIUM
country family reunion videos,500,low,0,1,life_events,MEDIUM
country family reunion youtube,500,low,0,3,other,MEDIUM
cousin graduation gift,500,high,95,2,gift_graduation,MEDIUM
coworker retirement ideas,500,high,100,3,other,MEDIUM
create a free video with pictures and music,500,high,76,3,other,LOW
create a slideshow with music on iphone,500,medium,55,1,direct_service,LOW
create a slideshow with pictures and music,500,high,86,1,direct_service,MEDIUM
create a video online with pictures and music free,500,high,79,3,other,LOW
create a video slideshow with music,500,high,84,1,direct_service,MEDIUM
create a video with photos and music free,500,high,76,3,other,LOW
create a video with pictures and music,500,high,77,3,other,MEDIUM
create free online video photo and music,500,high,79,3,other,LOW
create free slideshow with music,500,high,78,1,direct_service,LOW
create photo collage with music,500,high,82,3,other,MEDIUM
create photo montage with music,500,high,82,1,direct_service,MEDIUM
create photo slideshow with music,500,high,77,1,direct_service,MEDIUM
create photo video with music,500,high,77,3,other,MEDIUM
create photo video with music free,500,high,76,3,other,LOW
create picture collage with music,500,high,82,3,other,MEDIUM
create picture slideshow with music,500,high,77,1,direct_service,MEDIUM
create slideshow with music,500,high,77,1,direct_service,MEDIUM
create slideshow with music iphone,500,medium,55,1,direct_service,LOW
create slideshow with photos and music,500,high,86,3,other,MEDIUM
create video from pictures with music,500,high,77,3,other,MEDIUM
create video with photos and music,500,high,77,3,other,MEDIUM
create video with pics and music,500,high,77,3,other,MEDIUM
create wedding slideshow,500,high,67,1,life_events,MEDIUM
creation video photo,500,medium,61,3,other,MEDIUM
creative birthday gifts for mom,500,high,99,2,gift_birthday,MEDIUM
creative gifts for mom,500,high,100,3,gift_other,MEDIUM
creative gifts for mother,500,high,100,3,gift_other,MEDIUM
creative grad gifts,500,high,100,2,gift_graduation,MEDIUM
creative graduation gift ideas,500,high,100,2,gift_graduation,MEDIUM
creative graduation gifts,500,high,100,2,gift_graduation,MEDIUM
creative mother's day gift ideas,500,low,31,2,gift_mothers,MEDIUM
crystal anniversary gift for him,500,high,100,2,gift_anniversary,MEDIUM
crystal anniversary gifts for her,500,high,100,2,gift_anniversary,MEDIUM
crystal anniversary gifts for wife,500,high,100,2,gift_anniversary,MEDIUM
crystal engraved photo,500,high,100,3,other,MEDIUM
crystal gifts for 15th anniversary,500,high,99,3,gift_other,MEDIUM
crystal picture engraving,500,high,100,3,other,MEDIUM
crystal wedding anniversary gift,500,high,100,2,gift_anniversary,MEDIUM
custom 1 year anniversary gifts,500,high,99,2,gift_anniversary,HIGH
custom apron with picture,500,high,100,3,other,HIGH
custom blankets walgreens,500,high,100,3,physical_products,HIGH
custom canvas collage,500,high,100,3,tools_comparison,LOW
custom collage blankets,500,high,100,3,other,HIGH
custom crystal photo,500,high,100,3,other,HIGH
custom cup with picture,500,high,100,3,other,HIGH
custom dog photos,500,high,100,3,other,HIGH
custom engraved photo frame,500,high,100,3,physical_products,HIGH
custom engraved picture frames,500,high,100,3,physical_products,HIGH
custom face mug,500,high,100,3,other,HIGH
custom face wrapping paper,500,high,100,3,other,HIGH
custom family portrait,500,high,100,3,other,HIGH
custom father's day coffee mugs,500,high,71,2,gift_fathers,HIGH
custom glass photo,500,high,100,3,other,HIGH
custom graduation gifts for her,500,high,100,2,gift_graduation,HIGH
custom graduation gifts for him,500,high,100,2,gift_graduation,HIGH
custom large coffee mugs,500,high,100,3,other,HIGH
custom leather photo album,500,high,100,3,physical_products,HIGH
custom mug heat sensitive,500,high,100,3,physical_products,HIGH
custom mug printing near me,500,high,100,3,physical_products,HIGH
custom mugs online,500,high,98,3,physical_products,LOW
custom pandora charm with picture,500,high,100,3,other,HIGH
custom pandora charms photo,500,high,100,3,other,HIGH
custom photo album cover,500,high,100,3,physical_products,HIGH
custom photo apron,500,high,100,3,other,HIGH
custom photo bag,500,high,100,3,other,HIGH
custom photo block,500,high,100,3,other,HIGH
custom photo box,500,high,100,3,other,HIGH
custom photo collages,500,high,100,3,other,HIGH
custom photo cube,500,high,100,3,other,HIGH
custom photo fridge magnets,500,high,100,3,other,HIGH
custom photo gifts for dad,500,medium,41,2,gift_personalized,HIGH
custom photo luggage tags,500,high,100,3,other,HIGH
custom photo magnets for fridge,500,high,96,3,other,HIGH
custom photo mouse pads,500,high,100,3,other,HIGH
custom photo teddy bear,500,high,100,3,other,HIGH
custom photo travel mug,500,high,100,3,other,HIGH
custom photo wallet,500,high,100,3,other,HIGH
custom photo wrapping paper,500,high,100,3,other,HIGH
custom picture wallet,500,high,100,3,other,HIGH
custom printed coffee mugs,500,high,100,3,other,HIGH
custom teddy bear with picture,500,high,100,3,other,HIGH
custom travel mugs with pictures,500,high,100,3,other,HIGH
custom water bottle with picture,500,high,100,3,other,HIGH
custom wedding anniversary gifts,500,high,92,2,gift_anniversary,HIGH
customised photo,500,high,86,3,other,HIGH
customizable photo shot glass,500,high,100,3,other,HIGH
customized coffee mugs near me,500,high,100,3,other,HIGH
customized memory book,500,high,100,3,other,HIGH
customized photo collage frames,500,high,100,3,other,HIGH
customized wooden photo frames,500,high,100,3,physical_products,HIGH
cute 1 year anniversary gifts,500,high,100,2,gift_anniversary,MEDIUM
cute 1 year anniversary ideas,500,high,100,3,other,MEDIUM
cute 1st year anniversary ideas,500,high,100,3,other,MEDIUM
cute grad gift ideas,500,high,100,2,gift_graduation,MEDIUM
cute grad gifts for friends,500,high,100,2,gift_graduation,MEDIUM
cute graduation gift ideas,500,high,100,2,gift_graduation,MEDIUM
cute graduation gifts for friends,500,high,100,2,gift_graduation,MEDIUM
cute picture frames for boyfriend,500,high,100,3,physical_products,MEDIUM
cutting board gift basket ideas,500,high,100,3,gift_other,MEDIUM
cvs convert vhs to dvd,500,low,23,2,vhs_legacy,MEDIUM
cvs mug printing,500,high,100,3,other,MEDIUM
cvs photo mug,500,high,100,3,physical_products,MEDIUM
cvs transfer vhs to dvd,500,low,23,2,vhs_legacy,MEDIUM
cvs vhs to digital,500,low,32,2,vhs_legacy,MEDIUM
d vhs tape,500,high,71,2,vhs_legacy,MEDIUM
dad and daughter picture frame,500,high,100,3,physical_products,MEDIUM
dad bereavement gifts,500,high,100,2,gift_memorial,MEDIUM
dad memorial gifts,500,high,100,2,gift_memorial,MEDIUM
daddy frames for father's day,500,high,100,2,gift_fathers,MEDIUM
desk calendar shutterfly,500,high,100,3,other,MEDIUM
diamond wedding anniversary gift ideas,500,high,96,2,gift_anniversary,MEDIUM
diamond wedding anniversary presents,500,high,96,2,gift_anniversary,MEDIUM
digital to vhs converter,500,high,100,3,other,HIGH
digital vhs,500,low,18,3,other,MEDIUM
digital vhs tape,500,high,71,2,vhs_legacy,MEDIUM
digital video cassette converter,500,high,100,3,other,HIGH
digital video tape conversion,500,high,100,2,vhs_legacy,MEDIUM
digitise 8mm film,500,high,99,2,vhs_legacy,MEDIUM
digitise super 8 film,500,high,100,2,vhs_legacy,MEDIUM
digitise vhs service,500,high,99,3,other,HIGH
digitise video tapes,500,high,100,2,vhs_legacy,MEDIUM
digitize 8mm,500,high,99,3,other,MEDIUM
digitize 8mm film,500,high,99,2,vhs_legacy,MEDIUM
digitize 8mm film near me,500,high,100,2,vhs_legacy,HIGH
digitize 8mm movies,500,high,99,3,other,MEDIUM
digitize 8mm tapes,500,high,100,3,other,MEDIUM
digitize cassette tapes near me,500,high,99,3,other,HIGH
digitize home movies,500,high,100,2,vhs_legacy,MEDIUM
digitize super 8 film,500,high,100,2,vhs_legacy,MEDIUM
digitize super 8 movies,500,high,100,2,vhs_legacy,MEDIUM
digitize super 8mm film,500,high,100,2,vhs_legacy,MEDIUM
digitize tapes,500,high,100,2,vhs_legacy,MEDIUM
digitize vhs near me,500,high,100,2,vhs_legacy,HIGH
digitize vhs tapes near me,500,high,100,2,vhs_legacy,HIGH
digitize video 8 tapes,500,high,95,3,other,MEDIUM
digitize video tapes,500,high,100,2,vhs_legacy,MEDIUM
digitizing vhs near me,500,high,100,3,other,HIGH
digitizing video cassettes,500,high,100,3,other,MEDIUM
diploma frame ideas,500,high,100,3,other,MEDIUM
disney graduation gifts,500,high,100,2,gift_graduation,MEDIUM
diy grad gifts,500,high,80,2,gift_graduation,LOW
diy graduation favors,500,high,100,3,other,LOW
diy graduation gift ideas,500,high,84,2,gift_graduation,LOW
diy graduation gifts for him,500,high,87,2,gift_graduation,LOW
diy graduation ideas,500,high,100,3,other,LOW
diy kindergarten graduation gift ideas,500,high,100,2,gift_graduation,LOW
diy memorial gifts,500,high,100,2,gift_memorial,LOW
doctor graduation gifts,500,high,100,2,gift_graduation,MEDIUM
doctor graduation present,500,high,100,2,gift_graduation,MEDIUM
doctoral gifts,500,high,100,3,gift_other,MEDIUM
doctorate degree gift ideas,500,high,100,3,gift_other,MEDIUM
doctorate gift ideas,500,high,100,3,gift_other,MEDIUM
dog memorial gift ideas,500,high,100,2,gift_memorial,MEDIUM
dog photo blankets,500,high,100,3,physical_products,MEDIUM
dog picture blankets,500,high,100,3,physical_products,MEDIUM
easiest way to make a slideshow with music,500,medium,64,1,direct_service,LOW
easy grad gifts,500,high,94,2,gift_graduation,MEDIUM
easy graduation gifts,500,high,94,2,gift_graduation,MEDIUM
easy way to create slideshow with music,500,medium,64,1,direct_service,LOW
eight year wedding anniversary gift,500,high,100,2,gift_anniversary,MEDIUM
eleven year anniversary gift,500,high,100,2,gift_anniversary,MEDIUM
elgato vhs converter,500,high,100,3,other,HIGH
elgato vhs to digital converter,500,medium,47,2,vhs_legacy,HIGH
emerald anniversary gifts,500,high,100,2,gift_anniversary,MEDIUM
emerald wedding anniversary gifts,500,high,100,2,gift_anniversary,MEDIUM
engagement frames personalized,500,high,100,3,other,HIGH
engraved 3d crystal,500,high,100,3,other,MEDIUM
engraved graduation gifts,500,high,100,2,gift_graduation,MEDIUM
engraved photo album,500,high,100,3,physical_products,MEDIUM
engraved photo frame wooden,500,high,99,3,physical_products,MEDIUM
engraved photo keyring,500,high,100,3,other,MEDIUM
engraved picture frames near me,500,high,100,3,physical_products,HIGH
engraved remembrance gifts,500,high,100,2,gift_memorial,MEDIUM
engraved wood frame,500,high,100,3,other,MEDIUM
etsy custom picture frames,500,high,100,3,physical_products,HIGH
etsy custom portraits,500,high,99,3,other,HIGH
etsy personalized picture frames,500,high,100,3,physical_products,HIGH
expensive grad gifts,500,high,100,2,gift_graduation,MEDIUM
facebook slideshow with music,500,low,29,1,direct_service,MEDIUM
family photo puzzle,500,high,100,3,physical_products,MEDIUM
family portrait personalised,500,high,100,3,other,HIGH
father memorial gift,500,high,100,2,gift_memorial,MEDIUM
father remembrance gifts,500,high,100,2,gift_memorial,MEDIUM
father to daughter graduation gift,500,high,100,2,gift_graduation,MEDIUM
father's day blessings images,500,low,0,2,gift_fathers,MEDIUM
father's day frame ideas,500,low,32,2,gift_fathers,MEDIUM
father's day photo book,500,medium,33,2,gift_fathers,MEDIUM
father's day photo gift,500,high,71,2,gift_fathers,MEDIUM
father's day picture gifts,500,high,71,2,gift_fathers,MEDIUM
father's day portrait,500,high,81,2,gift_fathers,MEDIUM
fathers day frame,500,high,100,2,gift_fathers,MEDIUM
fathers day photo present,500,high,71,2,gift_fathers,MEDIUM
fathers day picture frame ideas,500,low,32,2,gift_fathers,MEDIUM
female graduation gift ideas,500,high,100,2,gift_graduation,MEDIUM
female graduation gifts,500,high,100,2,gift_graduation,MEDIUM
female graduation presents,500,high,100,2,gift_graduation,MEDIUM
fifth anniversary ideas,500,high,100,3,other,MEDIUM
fifth wedding anniversary gift,500,high,100,2,gift_anniversary,MEDIUM
fifth year anniversary gift,500,high,100,2,gift_anniversary,MEDIUM
fiftieth anniversary gifts,500,high,100,2,gift_anniversary,MEDIUM
fifty wedding anniversary gifts,500,high,100,2,gift_anniversary,MEDIUM
fifty year anniversary gift,500,high,100,2,gift_anniversary,MEDIUM
fireman graduation gifts,500,high,100,2,gift_graduation,MEDIUM
first anniversary dating gift ideas,500,high,100,3,gift_other,MEDIUM
first anniversary gift for couple,500,high,100,2,gift_anniversary,MEDIUM
first anniversary gift for her,500,high,100,2,gift_anniversary,MEDIUM
first anniversary gift for him,500,high,97,2,gift_anniversary,MEDIUM
first anniversary gift for hubby,500,high,99,2,gift_anniversary,MEDIUM
first anniversary gift for husband,500,high,99,2,gift_anniversary,MEDIUM
first anniversary gift for wife,500,high,94,2,gift_anniversary,MEDIUM
first anniversary gift ideas for boyfriend,500,high,98,2,gift_anniversary,MEDIUM
first anniversary gift ideas for her,500,high,100,2,gift_anniversary,MEDIUM
first anniversary gift ideas for him,500,high,100,2,gift_anniversary,MEDIUM
first anniversary gift ideas for husband,500,high,100,2,gift_anniversary,MEDIUM
first anniversary gift ideas for wife,500,high,100,2,gift_anniversary,MEDIUM
first anniversary ideas,500,high,99,3,other,MEDIUM
first anniversary present for husband,500,high,99,2,gift_anniversary,MEDIUM
first wedding anniversary gift for him,500,high,100,2,gift_anniversary,MEDIUM
first wedding anniversary gift for wife,500,high,100,2,gift_anniversary,MEDIUM
first wedding anniversary gift ideas,500,high,100,2,gift_anniversary,MEDIUM
first wedding anniversary gift paper,500,high,100,2,gift_anniversary,MEDIUM
first wedding anniversary ideas,500,high,100,2,gift_anniversary,MEDIUM
first year anniversary gifts for her,500,high,100,2,gift_anniversary,MEDIUM
first year anniversary gifts for him,500,high,100,2,gift_anniversary,MEDIUM
first year anniversary gifts paper,500,high,100,2,gift_anniversary,MEDIUM
first year anniversary ideas,500,high,100,3,other,MEDIUM
first year anniversary paper,500,high,94,3,other,MEDIUM
first year anniversary presents,500,high,100,2,gift_anniversary,MEDIUM
first year marriage gift,500,high,100,3,gift_other,MEDIUM
first year wedding anniversary gifts for husband,500,high,93,2,gift_anniversary,MEDIUM
first year wedding anniversary gifts for wife,500,high,100,2,gift_anniversary,MEDIUM
first year wedding anniversary ideas,500,high,100,2,gift_anniversary,MEDIUM
five year anniversary ideas,500,high,100,3,other,MEDIUM
flowers for loss of pet,500,high,100,2,gift_memorial,MEDIUM
food for sympathy gift,500,high,100,2,gift_memorial,MEDIUM
fotor video editor,500,low,17,3,tools_comparison,MEDIUM
fourth anniversary gift for husband,500,high,100,2,gift_anniversary,MEDIUM
fourth wedding anniversary gift,500,high,100,2,gift_anniversary,MEDIUM
frame fathers day,500,high,100,2,gift_fathers,MEDIUM
free app to add music to photo,500,medium,65,3,other,LOW
free app to make music video with pictures,500,high,69,3,other,LOW
free apps to make videos with pictures and music,500,high,69,3,other,LOW
free online slideshow maker with music and effects,500,high,72,1,direct_service,LOW
free online video maker with music and pictures,500,high,79,3,other,LOW
free online video maker with photos and music,500,high,79,3,other,LOW
free photo and video editing apps,500,low,16,3,other,LOW
free photo video editor,500,medium,37,3,tools_comparison,LOW
free photo video maker with music,500,high,73,3,other,LOW
free slideshow maker with music,500,high,78,1,direct_service,LOW
free slideshow with music,500,high,74,1,direct_service,LOW
free video and photo editor,500,medium,37,3,tools_comparison,LOW
free video maker with photos and music,500,high,73,3,other,LOW
fridge magnets custom photo,500,high,100,3,other,HIGH
fun gifts for a mom,500,high,100,3,gift_other,MEDIUM
fun gifts for mom,500,high,100,3,gift_other,MEDIUM
fun grad gifts,500,high,100,2,gift_graduation,MEDIUM
fun graduation gift ideas,500,high,100,2,gift_graduation,MEDIUM
fun graduation gifts,500,high,100,2,gift_graduation,MEDIUM
funeral flower ideas for a man,500,high,100,3,other,MEDIUM
funeral flower keepsake ideas,500,high,100,3,other,MEDIUM
funeral flowers ideas,500,high,100,3,other,MEDIUM
funeral flowers keepsake ideas,500,high,100,3,other,MEDIUM
funeral gift ideas,500,high,100,3,gift_other,MEDIUM
funeral gift ideas for family,500,high,100,3,gift_other,MEDIUM
funeral gifts for family,500,high,100,3,gift_other,MEDIUM
funeral gifts to family,500,high,100,3,gift_other,MEDIUM
funeral keepsakes ideas,500,high,100,3,other,MEDIUM
funeral sympathy basket ideas,500,high,100,3,other,MEDIUM
funny 50th anniversary gifts,500,high,100,2,gift_anniversary,MEDIUM
funny 50th wedding anniversary gifts,500,high,100,2,gift_anniversary,MEDIUM
funny graduation presents,500,high,100,2,gift_graduation,MEDIUM
gag graduation gifts,500,high,93,2,gift_graduation,MEDIUM
gift basket for death in family,500,high,100,3,gift_other,MEDIUM
gift basket for grieving family,500,high,100,3,gift_other,MEDIUM
gift basket for someone who lost a loved one,500,high,99,3,gift_other,MEDIUM
gift baskets for funeral,500,high,100,3,gift_other,MEDIUM
gift for friend who lost father,500,high,100,3,gift_other,MEDIUM
gift for friend who lost mom,500,high,100,3,gift_other,MEDIUM
gift for grieving mom,500,high,100,3,gift_other,MEDIUM
gift for grieving pet owner,500,high,100,3,gift_other,MEDIUM
gift for grieving wife,500,high,100,3,gift_other,MEDIUM
gift for medical resident,500,high,100,3,gift_other,MEDIUM
gift for new grad,500,high,100,3,gift_other,MEDIUM
gift for new nurse graduate,500,high,100,3,gift_other,MEDIUM
gift for phd advisor,500,high,100,3,gift_other,MEDIUM
gift for physician assistant graduate,500,high,100,3,gift_other,MEDIUM
gift for someone grieving,500,high,100,3,gift_other,MEDIUM
gift for someone who lost dog,500,high,100,3,gift_other,MEDIUM
gift for someone who lost mother,500,high,100,3,gift_other,MEDIUM
gift for someone who lost their father,500,high,100,3,gift_other,MEDIUM
gift for someone who lost their husband,500,high,100,3,gift_other,MEDIUM
gift for someone who lost their mom,500,high,100,3,gift_other,MEDIUM
gift for someone whose dog passed away,500,high,100,3,gift_other,MEDIUM
gift ideas for bereaved friend,500,high,100,3,gift_other,MEDIUM
gift ideas for class,500,high,100,3,gift_other,MEDIUM
gift ideas for grad students,500,high,100,3,gift_other,MEDIUM
gift ideas for graduate students,500,high,100,3,gift_other,MEDIUM
gift ideas for graduating doctors,500,high,100,3,gift_other,MEDIUM
gift ideas for grieving friend,500,high,100,3,gift_other,MEDIUM
gift ideas for law graduates,500,high,100,3,gift_other,MEDIUM
gift ideas for mba graduate,500,high,100,3,gift_other,MEDIUM
gift ideas for phd students,500,high,100,3,gift_other,MEDIUM
gift ideas for police academy graduation,500,high,100,3,gift_other,MEDIUM
gift ideas for rn graduate,500,high,100,3,gift_other,MEDIUM
gift ideas for sister graduation,500,high,100,3,gift_other,MEDIUM
gift ideas for someone who has lost a pet,500,high,100,3,gift_other,MEDIUM
gift ideas for someone who lost a loved one,500,high,100,3,gift_other,MEDIUM
gift suggestions for 50th wedding anniversary,500,high,100,2,gift_anniversary,MEDIUM
gift to give someone who lost a loved one,500,high,100,3,gift_other,MEDIUM
gifts for 50th anniversary couple,500,high,100,3,gift_other,MEDIUM
gifts for a new teacher graduate,500,high,100,3,gift_other,MEDIUM
gifts for bereaved family,500,high,100,3,gift_other,MEDIUM
gifts for bereaved mother,500,high,100,3,gift_other,MEDIUM
gifts for bereaved wife,500,high,100,3,gift_other,MEDIUM
gifts for death in family,500,high,100,3,gift_other,MEDIUM
gifts for death of father,500,high,100,3,gift_other,MEDIUM
gifts for diamond wedding anniversary,500,high,96,2,gift_anniversary,MEDIUM
gifts for doctorate degree,500,high,100,3,gift_other,MEDIUM
gifts for dog passing away,500,high,100,3,gift_other,MEDIUM
gifts for each year of marriage,500,medium,62,3,gift_other,MEDIUM
gifts for firefighter graduation,500,high,100,3,gift_other,MEDIUM
gifts for friend who lost mother,500,high,100,3,gift_other,MEDIUM
gifts for grad students,500,high,100,3,gift_other,MEDIUM
gifts for graduate students,500,high,100,3,gift_other,MEDIUM
gifts for grieving daughter,500,high,100,3,gift_other,MEDIUM
gifts for grieving family,500,high,100,3,gift_other,MEDIUM
gifts for grieving mother,500,high,100,3,gift_other,MEDIUM
gifts for grieving parents,500,high,100,3,gift_other,MEDIUM
gifts for grieving widow,500,high,100,3,gift_other,MEDIUM
gifts for lost loved ones,500,high,100,3,gift_other,MEDIUM
gifts for lpn graduates,500,high,100,3,gift_other,MEDIUM
gifts for masters degree,500,high,100,3,gift_other,MEDIUM
gifts for masters degree students,500,high,100,3,gift_other,MEDIUM
gifts for masters students,500,high,100,3,gift_other,MEDIUM
gifts for medical doctor graduates,500,high,100,3,gift_other,MEDIUM
gifts for medical graduates,500,high,100,3,gift_other,MEDIUM
gifts for memorial service,500,high,100,3,gift_other,HIGH
gifts for new grad nurses,500,high,100,3,gift_other,MEDIUM
gifts for new grads,500,high,100,3,gift_other,MEDIUM
gifts for new graduates,500,high,100,3,gift_other,MEDIUM
gifts for new rn graduates,500,high,100,3,gift_other,MEDIUM
gifts for pa graduates,500,high,100,3,gift_other,MEDIUM
gifts for passed loved ones,500,high,100,3,gift_other,MEDIUM
gifts for people who have lost a loved one,500,high,100,3,gift_other,MEDIUM
gifts for people who lost their mom,500,high,100,3,gift_other,MEDIUM
gifts for phd,500,high,100,3,gift_other,MEDIUM
gifts for phd students,500,high,100,3,gift_other,MEDIUM
gifts for police officers graduation,500,high,100,3,gift_other,MEDIUM
gifts for remembering a loved one,500,high,100,3,gift_other,MEDIUM
gifts for residency graduation,500,high,93,3,gift_other,MEDIUM
gifts for second wedding,500,high,100,3,gift_other,MEDIUM
gifts for someone who lost their mother,500,high,100,3,gift_other,MEDIUM
gifts for those grieving,500,high,100,3,gift_other,MEDIUM
gifts for those who have lost a pet,500,high,100,3,gift_other,MEDIUM
gifts for university graduates,500,high,100,3,gift_other,MEDIUM
gifts for when someone dies,500,high,100,3,gift_other,MEDIUM
gifts for when someone passes away,500,high,100,3,gift_other,MEDIUM
gifts to give when someone dies,500,high,100,3,gift_other,MEDIUM
gifts to send for condolences,500,high,100,3,gift_other,MEDIUM
glass photo blocks,500,high,100,3,other,MEDIUM
godson graduation gift,500,high,100,2,gift_graduation,MEDIUM
golden anniversary gift ideas,500,high,100,2,gift_anniversary,MEDIUM
golden anniversary gifts for parents,500,high,100,2,gift_anniversary,MEDIUM
golden anniversary gifts parents,500,high,100,2,gift_anniversary,MEDIUM
golden anniversary presents for parents,500,high,100,2,gift_anniversary,MEDIUM
golden wedding gift ideas,500,high,100,3,gift_other,MEDIUM
golden wedding present ideas,500,high,100,3,gift_other,MEDIUM
golden wedding presents,500,high,100,3,gift_other,MEDIUM
good 1 year anniversary gifts for her,500,high,100,2,gift_anniversary,MEDIUM
good 10 year anniversary gifts,500,high,100,2,gift_anniversary,MEDIUM
good 1st anniversary gifts,500,high,100,2,gift_anniversary,MEDIUM
good 25th anniversary gifts,500,high,100,2,gift_anniversary,MEDIUM
good 3 year anniversary gifts for her,500,high,100,2,gift_anniversary,MEDIUM
good 5 year anniversary gifts,500,high,100,2,gift_anniversary,MEDIUM
good 50th anniversary gifts,500,high,100,2,gift_anniversary,MEDIUM
good apps to make videos with pictures and music,500,high,84,3,other,MEDIUM
good bereavement gifts,500,high,100,2,gift_memorial,MEDIUM
good condolence gifts,500,high,100,2,gift_memorial,MEDIUM
good first anniversary gifts,500,high,100,2,gift_anniversary,MEDIUM
good first year anniversary gifts,500,high,100,2,gift_anniversary,MEDIUM
good gifts for 1 year anniversary,500,high,100,3,gift_other,MEDIUM
good grad gifts for boyfriend,500,high,96,2,gift_graduation,MEDIUM
good grad gifts for guys,500,high,100,2,gift_graduation,MEDIUM
good graduation gifts for boyfriend,500,high,96,2,gift_graduation,MEDIUM
good graduation gifts for daughter,500,high,100,2,gift_graduation,MEDIUM
good graduation gifts for guys,500,high,100,2,gift_graduation,MEDIUM
good graduation gifts for her,500,high,100,2,gift_graduation,MEDIUM
good graduation gifts for men,500,high,100,2,gift_graduation,MEDIUM
good grief gifts,500,high,100,2,gift_memorial,MEDIUM
good grieving gifts,500,high,100,3,gift_other,MEDIUM
good ideas for 1 year anniversary,500,high,100,3,other,MEDIUM
good kindergarten graduation gifts,500,low,0,2,gift_graduation,MEDIUM
good memorial gifts,500,high,100,2,gift_memorial,MEDIUM
good nursing graduation gifts,500,high,100,2,gift_graduation,MEDIUM
good one year anniversary gifts,500,high,100,2,gift_anniversary,MEDIUM
good one year anniversary gifts for him,500,high,100,2,gift_anniversary,MEDIUM
good paper anniversary gifts,500,high,100,2,gift_anniversary,MEDIUM
good photo and video editing apps,500,high,88,3,other,MEDIUM
good photo and video editing software,500,high,100,3,other,LOW
good senior gift ideas,500,high,100,3,gift_other,MEDIUM
good senior gifts,500,high,100,3,gift_other,MEDIUM
good wedding anniversary gifts,500,high,100,2,gift_anniversary,MEDIUM
google photo slideshow with music,500,low,11,1,direct_service,MEDIUM
google photos music slideshow,500,low,11,3,other,LOW
google photos slideshow with music,500,low,11,1,direct_service,LOW
grad basket ideas,500,high,80,3,other,MEDIUM
grad gift basket ideas,500,high,100,2,gift_graduation,MEDIUM
grad gift ideas for daughter,500,high,100,2,gift_graduation,MEDIUM
grad gift ideas for guys,500,high,100,2,gift_graduation,MEDIUM
grad gifts for brother,500,high,100,2,gift_graduation,MEDIUM
grad gifts for sister,500,high,100,2,gift_graduation,MEDIUM
grad gifts for women,500,high,100,2,gift_graduation,MEDIUM
grad ideas,500,high,98,3,other,MEDIUM
grad party favors diy,500,high,100,3,other,LOW
grad picture board ideas,500,high,84,3,other,MEDIUM
grad present ideas,500,high,100,3,gift_other,MEDIUM
grad present ideas for guys,500,high,100,3,gift_other,MEDIUM
graduation and 18th birthday party ideas,500,high,85,3,other,MEDIUM
graduation balloon bouquet ideas,500,high,100,3,other,MEDIUM
graduation basket ideas,500,high,80,3,other,MEDIUM
graduation basket ideas for her,500,high,97,3,other,MEDIUM
graduation basket ideas for him,500,high,100,3,other,MEDIUM
graduation box gift,500,high,81,3,gift_other,MEDIUM
graduation candy gifts,500,medium,63,3,gift_other,MEDIUM
graduation day gift,500,high,100,3,gift_other,MEDIUM
graduation day presents,500,high,100,3,gift_other,MEDIUM
graduation favors ideas,500,high,100,3,other,MEDIUM
graduation frame ideas,500,high,100,3,other,MEDIUM
graduation gift amazon,500,high,100,2,gift_graduation,MEDIUM
graduation gift bag ideas,500,high,100,2,gift_graduation,MEDIUM
graduation gift basket ideas,500,high,100,2,gift_graduation,MEDIUM
graduation gift basket ideas for her,500,high,100,2,gift_graduation,MEDIUM
graduation gift basket ideas for him,500,high,99,2,gift_graduation,MEDIUM
graduation gift box ideas,500,high,100,2,gift_graduation,MEDIUM
graduation gift boxes for her,500,high,100,2,gift_graduation,MEDIUM
graduation gift boxes for him,500,high,96,2,gift_graduation,MEDIUM
graduation gift card ideas,500,high,100,2,gift_graduation,MEDIUM
graduation gift for daughter from dad,500,high,100,2,gift_graduation,MEDIUM
graduation gift for daughter from mom,500,high,100,2,gift_graduation,MEDIUM
graduation gift for goddaughter,500,high,100,2,gift_graduation,MEDIUM
graduation gift for husband,500,high,100,2,gift_graduation,MEDIUM
graduation gift for nephew,500,high,100,2,gift_graduation,MEDIUM
graduation gift for niece,500,high,100,2,gift_graduation,MEDIUM
graduation gift for nurse practitioner,500,high,100,2,gift_graduation,MEDIUM
graduation gift for son's girlfriend,500,high,100,2,gift_graduation,MEDIUM
graduation gift for wife,500,high,100,2,gift_graduation,MEDIUM
graduation gift from mom,500,high,100,2,gift_graduation,MEDIUM
graduation gift from mother to daughter,500,high,100,2,gift_graduation,MEDIUM
graduation gift ideas for adults,500,high,100,2,gift_graduation,MEDIUM
graduation gift ideas for daughter,500,high,100,2,gift_graduation,MEDIUM
graduation gift ideas for engineers,500,high,100,2,gift_graduation,MEDIUM
graduation gift ideas for girlfriend,500,high,100,2,gift_graduation,MEDIUM
graduation gift ideas for granddaughter,500,high,100,2,gift_graduation,MEDIUM
graduation gift ideas for guys,500,high,100,2,gift_graduation,MEDIUM
graduation gift ideas for men,500,high,100,2,gift_graduation,MEDIUM
graduation gift ideas for sister,500,high,100,2,gift_graduation,MEDIUM
graduation gift ideas for women,500,high,100,2,gift_graduation,MEDIUM
graduation gift ideas from parents,500,high,100,2,gift_graduation,MEDIUM
graduation gift near me,500,high,100,2,gift_graduation,HIGH
graduation gift ring,500,high,100,2,gift_graduation,MEDIUM
graduation gift suggestions,500,high,100,2,gift_graduation,MEDIUM
graduation gift to friend,500,high,100,2,gift_graduation,MEDIUM
graduation gifts at target,500,high,100,2,gift_graduation,MEDIUM
graduation gifts delivered,500,high,100,2,gift_graduation,MEDIUM
graduation gifts for adults,500,high,100,2,gift_graduation,MEDIUM
graduation gifts for brother,500,high,100,2,gift_graduation,MEDIUM
graduation gifts for doctor of physical therapy,500,high,100,2,gift_graduation,MEDIUM
graduation gifts for engineers,500,high,100,2,gift_graduation,MEDIUM
graduation gifts for gf,500,high,100,2,gift_graduation,MEDIUM
graduation gifts for granddaughter,500,high,100,2,gift_graduation,MEDIUM
graduation gifts for grandson,500,high,100,2,gift_graduation,MEDIUM
graduation gifts for her masters degree,500,high,100,2,gift_graduation,MEDIUM
graduation gifts for ladies,500,high,100,2,gift_graduation,MEDIUM
graduation gifts for male nurses,500,high,100,2,gift_graduation,MEDIUM
graduation gifts for mom,500,high,100,2,gift_graduation,MEDIUM
graduation gifts for my daughter,500,high,100,2,gift_graduation,MEDIUM
graduation gifts for my son,500,high,88,2,gift_graduation,MEDIUM
graduation gifts for new teachers,500,high,100,2,gift_graduation,MEDIUM
graduation gifts for nursing students,500,high,100,2,gift_graduation,MEDIUM
graduation gifts for sister,500,high,100,2,gift_graduation,MEDIUM
graduation gifts for son from mom,500,high,100,2,gift_graduation,MEDIUM
graduation gifts for teens,500,high,100,2,gift_graduation,MEDIUM
graduation gifts for women,500,high,100,2,gift_graduation,MEDIUM
graduation gifts for your sister,500,high,100,2,gift_graduation,MEDIUM
graduation gifts from grandparents,500,high,100,2,gift_graduation,MEDIUM
graduation gifts from parents,500,high,100,2,gift_graduation,MEDIUM
graduation gifts homemade,500,high,94,2,gift_graduation,MEDIUM
graduation gifts last minute,500,high,100,2,gift_graduation,MEDIUM
graduation gifts things remembered,500,high,91,2,gift_graduation,MEDIUM
graduation gifts walgreens,500,high,100,2,gift_graduation,MEDIUM
graduation goodie bag ideas,500,high,100,3,other,MEDIUM
graduation goodies ideas,500,high,100,3,other,MEDIUM
graduation ideas for nurses,500,high,100,3,other,MEDIUM
graduation keepsakes,500,high,100,3,other,MEDIUM
graduation money box ideas,500,medium,51,3,other,MEDIUM
graduation money gift ideas diy,500,high,89,3,gift_other,LOW
graduation money ideas,500,high,98,3,other,MEDIUM
graduation money lei ideas,500,high,99,3,other,MEDIUM
graduation necklace ideas,500,high,100,3,other,MEDIUM
graduation party favors for adults,500,high,100,3,other_graduation,MEDIUM
graduation party favors for guests,500,high,100,3,other_graduation,MEDIUM
graduation party gifts for guests,500,high,100,3,gift_other,MEDIUM
graduation party set up ideas,500,high,100,3,other_graduation,MEDIUM
graduation photo frame ideas,500,high,100,3,physical_products,MEDIUM
graduation picture frame ideas,500,high,100,3,physical_products,MEDIUM
graduation present for best friend,500,high,100,2,gift_graduation,MEDIUM
graduation present for brother,500,high,100,2,gift_graduation,MEDIUM
graduation present for girlfriend,500,high,100,2,gift_graduation,MEDIUM
graduation present for husband,500,high,100,2,gift_graduation,MEDIUM
graduation present for my daughter,500,high,100,2,gift_graduation,MEDIUM
graduation present for nephew,500,high,100,2,gift_graduation,MEDIUM
graduation present for niece,500,high,100,2,gift_graduation,MEDIUM
graduation present for wife,500,high,100,2,gift_graduation,MEDIUM
graduation present ideas for daughter,500,high,100,2,gift_graduation,MEDIUM
graduation presents for adults,500,high,100,2,gift_graduation,MEDIUM
graduation presents for granddaughter,500,high,100,2,gift_graduation,MEDIUM
graduation presents for grandson,500,high,100,2,gift_graduation,MEDIUM
graduation presents for nursing students,500,high,100,2,gift_graduation,MEDIUM
graduation souvenir ideas,500,high,100,3,other,MEDIUM
graduation thank you gifts,500,high,94,3,gift_other,MEDIUM
granddaughter graduation gift ideas,500,high,100,2,gift_graduation,MEDIUM
grandfather memorial gifts,500,high,100,2,gift_memorial,MEDIUM
grandma memory gift,500,high,100,2,gift_grandparents,MEDIUM
grandpa and me picture frame,500,high,100,2,gift_grandparents,MEDIUM
great 1 year anniversary gifts,500,high,100,2,gift_anniversary,MEDIUM
great gifts for graduating nurses,500,high,100,3,gift_other,MEDIUM
great memorial gifts,500,high,100,2,gift_memorial,MEDIUM
great sympathy gifts,500,high,100,2,gift_memorial,MEDIUM
grief basket ideas,500,high,100,3,other,MEDIUM
grief care package ideas,500,high,100,3,other,MEDIUM
grief gift ideas,500,high,100,2,gift_memorial,MEDIUM
grief gifts for men,500,high,100,2,gift_memorial,MEDIUM
grieving basket ideas,500,high,100,3,other,MEDIUM
grieving care package ideas,500,high,100,3,other,MEDIUM
grieving diy sympathy gift baskets,500,high,100,2,gift_memorial,LOW
grieving gift ideas,500,high,100,3,gift_other,MEDIUM
hallmark grad gifts,500,high,100,2,gift_graduation,MEDIUM
hallmark graduation gifts,500,high,100,2,gift_graduation,MEDIUM
handmade graduation gifts,500,high,94,2,gift_graduation,MEDIUM
happy anniversary 14 years,500,medium,64,3,other,MEDIUM
harry and david sympathy gifts,500,high,100,2,gift_memorial,MEDIUM
heat sensitive mug custom,500,high,100,3,other,HIGH
home video digital conversion,500,high,100,3,other,MEDIUM
homemade grad gifts,500,high,94,2,gift_graduation,MEDIUM
homemade graduation gift basket ideas,500,high,78,2,gift_graduation,MEDIUM
homemade graduation gift ideas,500,high,94,2,gift_graduation,MEDIUM
how do you transfer vhs tapes to computer,500,high,99,2,vhs_legacy,MEDIUM
how to convert 8mm video cassette to digital,500,high,100,3,other,LOW
how to convert 8mm video tapes to digital,500,high,100,2,vhs_legacy,LOW
how to convert cassette video to digital,500,high,100,3,other,LOW
how to convert vhs tapes to computer,500,high,99,2,vhs_legacy,LOW
how to convert vhs to computer,500,high,99,2,vhs_legacy,LOW
how to convert vhs to pc,500,high,99,2,vhs_legacy,LOW
how to convert video cassette to digital,500,high,100,3,other,LOW
how to convert video tapes to digital,500,high,100,2,vhs_legacy,LOW
how to copy vcr tape to computer,500,high,99,2,vhs_legacy,LOW
how to copy vcr to computer,500,high,99,3,other,LOW
how to copy vhs tape to computer,500,high,99,2,vhs_legacy,LOW
how to copy vhs to computer,500,high,99,3,other,LOW
how to digitize vhs tapes at home,500,high,100,2,vhs_legacy,LOW
how to get vhs to digital,500,high,100,2,vhs_legacy,LOW
how to import vhs to computer,500,high,99,3,other,LOW
how to put vhs on computer,500,high,99,3,other,LOW
how to transfer a vhs tape to computer,500,high,99,2,vhs_legacy,LOW
how to transfer from vcr to computer,500,high,99,3,other,LOW
how to transfer vcr tape to computer,500,high,99,2,vhs_legacy,LOW
how to transfer vcr to computer,500,high,99,3,other,LOW
how to transfer vhs tapes to computer,500,high,99,2,vhs_legacy,LOW
how to transfer vhs to computer,500,high,99,2,vhs_legacy,LOW
how to transfer vhs to pc,500,high,99,2,vhs_legacy,LOW
how to transfer vhs video to computer,500,high,99,2,vhs_legacy,LOW
how to transfer video tape to digital,500,high,100,2,vhs_legacy,LOW
i love my daddy photo frame,500,high,100,3,physical_products,MEDIUM
ideas for memorial tree,500,high,100,3,other,MEDIUM
image slideshow with music,500,high,99,1,direct_service,MEDIUM
image to video maker with music,500,high,73,3,other,MEDIUM
in memory of mum gifts,500,high,100,2,gift_mothers,MEDIUM
in remembrance gift ideas,500,high,100,2,gift_memorial,MEDIUM
iron 6 year anniversary gift,500,high,100,2,gift_anniversary,MEDIUM
iron anniversary gift ideas,500,high,100,2,gift_anniversary,MEDIUM
iron anniversary gifts for her,500,high,100,2,gift_anniversary,MEDIUM
iron anniversary gifts for wife,500,high,100,2,gift_anniversary,MEDIUM
iron gifts for 6th anniversary,500,high,100,3,gift_other,MEDIUM
iron wedding anniversary gifts for her,500,high,100,2,gift_anniversary,MEDIUM
iron wedding anniversary gifts for him,500,high,100,2,gift_anniversary,MEDIUM
iron wedding gifts,500,high,100,3,gift_other,MEDIUM
ivory anniversary gifts,500,high,100,2,gift_anniversary,MEDIUM
ivory wedding anniversary gifts,500,medium,43,2,gift_anniversary,MEDIUM
keychain photo album,500,high,100,3,physical_products,MEDIUM
kindergarten grad ideas,500,high,81,3,other,MEDIUM
kindergarten graduation ideas,500,high,81,3,other,MEDIUM
kohls graduation gifts,500,medium,39,2,gift_graduation,MEDIUM
lace anniversary gifts for him,500,high,100,2,gift_anniversary,MEDIUM
large custom mugs,500,high,100,3,physical_products,HIGH
laser engraved 3d crystal,500,high,100,3,other,MEDIUM
laser engraved crystal,500,high,100,3,other,MEDIUM
laser engraved photos,500,high,100,3,other,MEDIUM
laser engraved picture frame,500,high,100,3,physical_products,MEDIUM
laser engraved pictures,500,high,100,3,other,MEDIUM
laser engraved portrait,500,high,100,3,other,MEDIUM
laser etched crystal,500,high,100,3,other,MEDIUM
last minute grad gifts,500,high,100,2,gift_graduation,MEDIUM
last minute graduation gifts,500,high,100,2,gift_graduation,MEDIUM
law enforcement graduation gifts,500,high,100,2,gift_graduation,MEDIUM
law grad gifts,500,high,100,2,gift_graduation,MEDIUM
lawyer graduation gifts,500,high,100,2,gift_graduation,MEDIUM
leather 3 year anniversary gift,500,high,95,2,gift_anniversary,MEDIUM
leather anniversary gift ideas,500,high,100,2,gift_anniversary,MEDIUM
leather anniversary gifts for wife,500,high,100,2,gift_anniversary,MEDIUM
leather gifts for 3rd anniversary,500,high,100,3,gift_other,MEDIUM
leather gifts for 3rd wedding anniversary,500,high,100,2,gift_anniversary,MEDIUM
leather wedding gifts,500,high,100,3,gift_other,MEDIUM
linen anniversary gift,500,high,100,2,gift_anniversary,MEDIUM
linen anniversary gifts for her,500,high,100,2,gift_anniversary,MEDIUM
linen wedding anniversary gifts,500,high,96,2,gift_anniversary,MEDIUM
list of wedding anniversaries,500,low,15,3,other,MEDIUM
list of wedding anniversary gifts by year,500,low,27,2,gift_anniversary,MEDIUM
little graduation gifts,500,high,100,2,gift_graduation,MEDIUM
lost loved one christmas ornament,500,high,100,3,other,MEDIUM
lost loved one ornament,500,high,100,3,other,MEDIUM
luxury 10th wedding anniversary gifts,500,high,100,2,gift_anniversary,MEDIUM
luxury graduation gifts,500,high,100,2,gift_graduation,MEDIUM
magic cup personalized,500,high,100,3,other,HIGH
magic mug custom,500,high,100,3,other,HIGH
magic mug personalised,500,high,100,3,other,HIGH
magic photo mugs,500,high,100,3,physical_products,MEDIUM
make a collage with music,500,high,82,3,other,MEDIUM
make a music video with pictures app,500,medium,59,3,other,MEDIUM
make a music video with pictures free,500,high,76,3,other,LOW
make a photo collage with music,500,high,82,3,other,MEDIUM
make a photo video with music free,500,high,76,3,other,LOW
make a picture collage with music,500,high,82,3,other,MEDIUM
make a picture montage with music,500,high,82,3,other,MEDIUM
make a picture video with music,500,high,77,3,other,MEDIUM
make a slideshow of pictures with music,500,high,86,1,direct_service,MEDIUM
make a slideshow with music on iphone,500,medium,55,1,direct_service,LOW
make a slideshow with photos and music,500,high,86,1,direct_service,MEDIUM
make a video of pictures with music free,500,high,76,3,other,LOW
make a video with photos and music free,500,high,76,3,other,LOW
make a video with pictures and music,500,high,77,3,other,MEDIUM
make a video with pictures and music free,500,high,76,3,other,LOW
make photo presentation with music,500,high,77,3,gift_other,MEDIUM
make pic video with music,500,high,77,3,other,MEDIUM
make slideshow with music iphone,500,medium,55,1,direct_service,LOW
make video of pictures and videos with music,500,high,77,3,other,MEDIUM
make video with photo and song,500,high,71,3,other,MEDIUM
make video with photos and music online free,500,high,79,3,other,LOW
make wedding slideshow,500,high,67,1,life_events,MEDIUM
male sympathy gifts,500,high,100,2,gift_memorial,MEDIUM
marriage anniversary gift for friend,500,high,100,2,gift_anniversary,MEDIUM
marriage anniversary gifts for couple,500,high,100,2,gift_anniversary,MEDIUM
marriage anniversary gifts for parents,500,high,100,2,gift_anniversary,MEDIUM
marriage anniversary ideas for wife,500,high,100,3,other,MEDIUM
master degree graduation gifts for him,500,high,100,2,gift_graduation,MEDIUM
master gifts,500,high,93,3,gift_other,MEDIUM
masters degree gift ideas,500,high,100,3,gift_other,MEDIUM
masters degree gift ideas for him,500,high,100,3,gift_other,MEDIUM
masters degree graduation gift ideas for her,500,high,100,2,gift_graduation,MEDIUM
masters graduation gifts for her,500,high,100,2,gift_graduation,MEDIUM
masters graduation gifts for him,500,high,100,2,gift_graduation,MEDIUM
mba grad gifts,500,high,100,2,gift_graduation,MEDIUM
mba graduation gifts,500,high,100,2,gift_graduation,MEDIUM
mba graduation gifts for him,500,high,100,2,gift_graduation,MEDIUM
mba graduation present,500,high,100,2,gift_graduation,MEDIUM
meaningful grad gifts,500,high,100,2,gift_graduation,MEDIUM
meaningful graduation gifts,500,high,100,2,gift_graduation,MEDIUM
meaningful graduation gifts for her,500,high,100,2,gift_graduation,MEDIUM
memorable gifts for mom,500,high,100,3,gift_other,MEDIUM
memorable gifts for someone who passed away,500,high,100,3,gift_other,MEDIUM
memorable graduation gifts,500,high,100,2,gift_graduation,MEDIUM
memorial christmas gifts,500,high,100,3,gift_other,MEDIUM
memorial gift for loss of brother,500,high,100,2,gift_memorial,MEDIUM
memorial gift for loss of son,500,high,100,2,gift_memorial,MEDIUM
memorial gift ideas,500,high,100,2,gift_memorial,MEDIUM
memorial gifts for brother,500,high,99,2,gift_memorial,MEDIUM
memorial gifts for dogs,500,high,100,2,gift_memorial,MEDIUM
memorial gifts for funeral,500,high,100,2,gift_memorial,MEDIUM
memorial gifts for loss of dad,500,high,100,2,gift_memorial,MEDIUM
memorial gifts for loss of daughter,500,high,100,2,gift_memorial,MEDIUM
memorial gifts for loss of dog,500,high,100,2,gift_memorial,MEDIUM
memorial gifts for loss of grandmother,500,high,100,2,gift_memorial,MEDIUM
memorial gifts for loss of husband,500,high,100,2,gift_memorial,MEDIUM
memorial gifts for loss of husband and father,500,high,100,2,gift_memorial,MEDIUM
memorial gifts for loss of pet,500,high,100,2,gift_memorial,MEDIUM
memorial gifts for loss of sister,500,high,100,2,gift_memorial,MEDIUM
memorial gifts for men,500,high,100,2,gift_memorial,MEDIUM
memorial gifts for mum,500,high,100,2,gift_memorial,MEDIUM
memorial gifts for the garden,500,high,100,2,gift_memorial,MEDIUM
memorial keepsakes ideas,500,high,100,3,other,MEDIUM
memorial mom gifts,500,high,100,2,gift_mothers,MEDIUM
memorial mum gifts,500,high,100,2,gift_mothers,MEDIUM
memorial photo blankets,500,high,100,3,physical_products,MEDIUM
memorial tree ideas,500,high,100,3,other,MEDIUM
memorial wind chimes for loss of father,500,high,100,2,gift_memorial,MEDIUM
memorial xmas gifts,500,high,100,3,gift_other,MEDIUM
memory board ideas for graduation,500,medium,46,3,other,MEDIUM
memory gifts for loss of dad,500,high,100,2,gift_memorial,MEDIUM
memory gifts for loss of mom,500,high,100,2,gift_memorial,MEDIUM
memory of a loved one gift,500,high,100,3,gift_other,MEDIUM
memory tree for celebration of life,500,high,80,3,other,MEDIUM
milestone anniversary gifts,500,high,97,2,gift_anniversary,MEDIUM
military graduation gifts for him,500,high,100,2,gift_graduation,MEDIUM
mini vhs c,500,high,90,3,other,MEDIUM
mini vhs converter,500,high,100,3,other,HIGH
mini vhs tape converter,500,high,100,2,vhs_legacy,HIGH
mini vhs tapes,500,high,90,2,vhs_legacy,MEDIUM
mini vhs tapes to digital,500,high,100,2,vhs_legacy,MEDIUM
mini vhs to digital,500,high,100,2,vhs_legacy,MEDIUM
mini vhs to vhs,500,low,30,3,other,MEDIUM
minidv to vhs,500,high,69,2,vhs_legacy,MEDIUM
modern 40th anniversary gift,500,high,100,2,gift_anniversary,MEDIUM
modern anniversary gifts,500,high,86,2,gift_anniversary,MEDIUM
modern wedding anniversary gifts,500,high,94,2,gift_anniversary,MEDIUM
modern wedding anniversary gifts by year,500,high,81,2,gift_anniversary,MEDIUM
mom memorial gifts,500,high,100,2,gift_memorial,MEDIUM
money gifts for graduation,500,high,100,3,gift_other,MEDIUM
money lei ideas for graduation,500,high,80,3,other,MEDIUM
mother daughter personalized gifts,500,high,100,2,gift_personalized,HIGH
mother memorial gifts,500,high,100,2,gift_memorial,MEDIUM
mother's day unique ideas,500,medium,60,2,gift_mothers,MEDIUM
mothers day ideas unique,500,medium,60,2,gift_mothers,MEDIUM
mothers day uncommon goods,500,high,100,2,gift_mothers,MEDIUM
mourning gift ideas,500,high,100,3,gift_other,MEDIUM
moving vhs tapes to dvd,500,high,100,2,vhs_legacy,MEDIUM
msw graduation gifts,500,high,100,2,gift_graduation,MEDIUM
mug magic photo,500,high,100,3,other,MEDIUM
mug with photo printed,500,high,100,3,physical_products,MEDIUM
mum bereavement gift,500,high,100,2,gift_memorial,MEDIUM
mum memorial gift,500,high,100,2,gift_memorial,MEDIUM
music and photo slideshow maker,500,high,82,1,direct_service,MEDIUM
music and photo video maker,500,high,73,3,other,MEDIUM
music for photo slideshow,500,high,76,1,direct_service,MEDIUM
music for photo video,500,medium,42,3,other,MEDIUM
music with photo video maker,500,high,73,3,other,MEDIUM
navy boot camp graduation gifts,500,high,100,2,gift_graduation,MEDIUM
navy graduation gifts,500,high,100,2,gift_graduation,MEDIUM
new grad nurse gift,500,high,100,3,gift_other,MEDIUM
nice sympathy gifts,500,high,100,2,gift_memorial,MEDIUM
nine year wedding anniversary gift,500,high,100,2,gift_anniversary,MEDIUM
ninth anniversary gift,500,high,100,2,gift_anniversary,MEDIUM
ninth anniversary gift traditional,500,high,100,2,gift_anniversary,MEDIUM
ninth wedding anniversary gift,500,high,100,2,gift_anniversary,MEDIUM
nurse graduation gifts for her,500,high,100,2,gift_graduation,MEDIUM
nurse graduation gifts for him,500,high,100,2,gift_graduation,MEDIUM
nurse graduation ideas,500,high,100,3,other,MEDIUM
nurse pinning ceremony gifts,500,high,100,3,gift_other,MEDIUM
nurse pinning gifts,500,high,100,3,gift_other,MEDIUM
one year anniversary gift ideas for him,500,high,100,2,gift_anniversary,MEDIUM
one year anniversary gifts for husband,500,high,100,2,gift_anniversary,MEDIUM
one year anniversary gifts for wife,500,high,99,2,gift_anniversary,MEDIUM
one year anniversary gifts traditional,500,high,100,2,gift_anniversary,MEDIUM
one year marriage anniversary gifts,500,high,100,2,gift_anniversary,MEDIUM
one year wedding anniversary gifts for her,500,high,99,2,gift_anniversary,MEDIUM
one year wedding anniversary gifts for him,500,high,91,2,gift_anniversary,MEDIUM
one year wedding anniversary gifts for husband,500,high,93,2,gift_anniversary,MEDIUM
one year wedding anniversary ideas,500,high,100,2,gift_anniversary,MEDIUM
online free video maker with photos,500,medium,43,3,other,LOW
open house graduation ideas,500,high,100,3,other,MEDIUM
ornament death loved one,500,high,100,3,other,MEDIUM
pandora graduation gifts,500,high,100,2,gift_graduation,MEDIUM
paper anniversary gifts for her,500,high,100,2,gift_anniversary,MEDIUM
paper anniversary gifts for husband,500,high,100,2,gift_anniversary,MEDIUM
paper anniversary ideas,500,high,100,3,other,MEDIUM
paper gift ideas for first anniversary,500,high,100,3,gift_other,MEDIUM
paper gifts for first anniversary for him,500,high,100,3,gift_other,MEDIUM
paper wedding anniversary ideas,500,high,100,2,gift_anniversary,MEDIUM
paper wedding gifts,500,medium,59,3,gift_other,MEDIUM
parents anniversary ideas,500,high,99,3,other,MEDIUM
pearl anniversary gift for him,500,high,99,2,gift_anniversary,MEDIUM
pearl gifts for 30th anniversary,500,high,100,3,gift_other,MEDIUM
personal pet portrait,500,medium,52,3,other,MEDIUM
personalised 3d photo crystal,500,high,100,3,other,HIGH
personalised crystal photo,500,high,100,3,other,HIGH
personalised dad photo frame,500,low,9,3,physical_products,HIGH
personalised engagement frame,500,high,100,3,other,HIGH
personalised engagement photo frame,500,high,100,3,physical_products,HIGH
personalised face socks,500,high,100,3,other,HIGH
personalised keychain photo,500,high,100,3,other,HIGH
personalised memory books,500,high,100,3,other,HIGH
personalised mug fathers day,500,high,82,2,gift_fathers,HIGH
personalised mugs,500,high,100,3,other,HIGH
personalised mugs near me,500,high,100,3,other,HIGH
personalised photo album,500,high,100,2,gift_personalized,HIGH
personalised photo album cover,500,high,100,2,gift_personalized,HIGH
personalised photo and frame,500,high,100,2,gift_personalized,HIGH
personalised photo book,500,high,100,2,gift_personalized,HIGH
personalised photo collage framed,500,high,100,2,gift_personalized,HIGH
personalised photo cube,500,high,100,2,gift_personalized,HIGH
personalised photo frames with photo,500,high,100,2,gift_personalized,HIGH
personalised photo jewellery,500,high,100,2,gift_personalized,HIGH
personalised photo presents,500,high,100,2,gift_personalized,HIGH
personalised photo travel mug,500,high,100,2,gift_personalized,HIGH
personalised photo wall art,500,high,100,2,gift_personalized,HIGH
personalised photo wine glass,500,high,100,2,gift_personalized,HIGH
personalised picture blankets,500,high,100,3,physical_products,HIGH
personalised picture socks,500,high,100,3,other,HIGH
personalised picture wallet,500,high,100,3,other,HIGH
personalised travel mug with photo,500,high,100,3,other,HIGH
personalised trays with photos,500,high,100,3,other,HIGH
personalised wall canvas,500,high,100,3,tools_comparison,LOW
personalized 25th anniversary gifts,500,high,100,2,gift_anniversary,HIGH
personalized 3d crystal photo,500,high,100,3,other,HIGH
personalized 3d photo crystal,500,high,100,3,other,HIGH
personalized 50th anniversary gifts,500,high,100,2,gift_anniversary,HIGH
personalized 50th anniversary gifts for parents,500,high,100,2,gift_anniversary,HIGH
personalized 50th wedding anniversary gifts,500,high,100,2,gift_anniversary,HIGH
personalized album,500,high,100,3,other,HIGH
personalized aprons with pictures,500,high,100,3,other,HIGH
personalized best friend picture frames,500,high,100,3,physical_products,HIGH
personalized collage,500,medium,56,3,other,HIGH
personalized crystal photo,500,high,100,3,other,HIGH
personalized cup with picture,500,high,100,3,other,HIGH
personalized dad picture frames,500,low,9,3,physical_products,HIGH
personalized dog photo,500,high,100,3,other,HIGH
personalized dog picture,500,high,100,3,other,HIGH
personalized engagement frame,500,high,100,3,other,HIGH
personalized engraved picture frames,500,high,100,3,physical_products,HIGH
personalized face socks,500,high,100,3,other,HIGH
personalized family photo frames,500,high,100,3,physical_products,HIGH
personalized family picture frames,500,high,100,3,physical_products,HIGH
personalized family portrait,500,high,100,3,other,HIGH
personalized father's day picture frame,500,high,68,2,gift_fathers,HIGH
personalized framed photos,500,high,100,3,other,HIGH
personalized gift for someone who lost a parent,500,high,100,2,gift_personalized,HIGH
personalized gifts for nurse graduate,500,high,100,2,gift_personalized,HIGH
personalized graduation frames,500,high,100,3,other,HIGH
personalized graduation gifts for guys,500,high,100,2,gift_graduation,HIGH
personalized graduation gifts for her,500,high,100,2,gift_graduation,HIGH
personalized graduation gifts for him,500,high,100,2,gift_graduation,HIGH
personalized graduation picture frames,500,high,100,3,physical_products,HIGH
personalized grill apron,500,high,100,3,other,HIGH
personalized it,500,high,100,3,other,HIGH
personalized keychain with picture,500,high,100,3,other,HIGH
personalized leather photo album,500,high,100,3,physical_products,HIGH
personalized memorial gifts for loss of father,500,high,100,2,gift_memorial,HIGH
personalized memorial gifts for loss of son,500,high,100,2,gift_memorial,HIGH
personalized mugs online,500,high,98,3,other,LOW
personalized necklace for someone who passed away,500,high,100,3,other,HIGH
personalized pandora charms with picture,500,high,100,3,other,HIGH
personalized pet photos,500,high,99,3,other,HIGH
personalized pet pictures,500,high,100,3,other,HIGH
personalized photo bag,500,high,100,2,gift_personalized,HIGH
personalized photo blocks,500,high,100,2,gift_personalized,HIGH
personalized photo book for dad,500,low,5,2,gift_personalized,HIGH
personalized photo box,500,high,100,2,gift_personalized,HIGH
personalized photo collage,500,high,100,2,gift_personalized,HIGH
personalized photo collage frame,500,high,100,2,gift_personalized,HIGH
personalized photo cube,500,high,100,2,gift_personalized,HIGH
personalized photo cutting board,500,high,100,2,gift_personalized,HIGH
personalized photo dog tags,500,high,100,2,gift_personalized,HIGH
personalized photo frames for dad,500,low,9,2,gift_personalized,HIGH
personalized photo keychain,500,high,100,2,gift_personalized,HIGH
personalized photo keychain double sided,500,high,100,2,gift_personalized,HIGH
personalized photo mouse pad,500,high,100,2,gift_personalized,HIGH
personalized photo ring,500,high,100,2,gift_personalized,HIGH
personalized photo sweatshirts,500,high,100,2,gift_personalized,HIGH
personalized photo tie,500,high,100,2,gift_personalized,HIGH
personalized photo travel mugs,500,high,100,2,gift_personalized,HIGH
personalized photo wall art,500,high,100,2,gift_personalized,HIGH
personalized photo wallet,500,high,100,2,gift_personalized,HIGH
personalized picture collage,500,high,100,3,other,HIGH
personalized picture dog tags,500,high,100,3,other,HIGH
personalized picture magnets,500,high,100,3,other,HIGH
personalized picture pajamas,500,high,100,3,other,HIGH
personalized picture puzzle,500,high,100,3,other,HIGH
personalized picture throws,500,high,100,3,other,HIGH
personalized picture wallet,500,high,100,3,other,HIGH
personalized pictures,500,high,100,3,other,HIGH
personalized pillows with pictures,500,high,100,3,other,HIGH
personalized portrait,500,high,100,3,other,HIGH
personalized rubik's cube,500,high,100,3,other,HIGH
personalized shirt with photo,500,high,100,3,other,HIGH
personalized socks with faces,500,high,100,3,other,HIGH
personalized socks with pictures,500,high,100,3,other,HIGH
personalized sympathy gifts,500,high,100,2,gift_memorial,HIGH
personalized teddy bear with picture,500,high,100,3,other,HIGH
personalized teddy bears with photo,500,high,100,3,other,HIGH
personalized throw blankets with picture,500,high,100,3,other,HIGH
personalized throws with pictures,500,high,100,3,other,HIGH
personalized ties with pictures,500,high,100,3,other,HIGH
personalized travel mugs with pictures,500,high,100,3,other,HIGH
personalized wall calendars,500,high,100,3,other,HIGH
personalized watch with photo,500,high,100,3,other,HIGH
personalized wedding anniversary gifts,500,high,92,2,gift_anniversary,HIGH
personalized wind chimes for loss of loved one,500,high,99,2,gift_memorial,HIGH
personalized wooden frame,500,high,100,3,other,HIGH
personalized wrapping paper roll,500,high,100,3,other,HIGH
personalized wrapping paper with photos,500,high,100,3,other,HIGH
pet memorial gift ideas,500,high,100,2,gift_memorial,MEDIUM
pet photo blankets,500,high,100,3,physical_products,MEDIUM
pet picture blankets,500,high,100,3,physical_products,MEDIUM
pharmacy grad gifts,500,high,100,2,gift_graduation,LOW
pharmacy graduation gifts,500,high,100,2,gift_graduation,LOW
pharmd graduation gifts,500,high,100,2,gift_graduation,MEDIUM
phd defense gifts,500,high,100,3,gift_other,MEDIUM
phd gift ideas,500,high,100,3,gift_other,MEDIUM
phd gifts for her,500,high,100,3,gift_other,MEDIUM
phd graduation gifts for her,500,high,100,2,gift_graduation,MEDIUM
phd present ideas,500,high,100,3,gift_other,MEDIUM
photo and music,500,high,99,3,other,MEDIUM
photo and music editor,500,low,23,3,other,MEDIUM
photo and video app,500,medium,53,3,other,MEDIUM
photo and video editing app for iphone,500,low,2,3,other,LOW
photo and video maker app,500,low,29,3,other,MEDIUM
photo and video slideshow,500,high,76,3,other,MEDIUM
photo blankets amazon,500,high,100,3,physical_products,MEDIUM
photo board ideas for graduation,500,high,84,3,other,MEDIUM
photo book for dad,500,high,100,3,physical_products,MEDIUM
photo calendar magnet,500,high,100,3,physical_products,MEDIUM
photo canvas bag,500,high,100,3,tools_comparison,LOW
photo coffee travel mugs,500,high,100,3,other,MEDIUM
photo collage and music,500,high,99,3,other,MEDIUM
photo collage cup,500,high,100,3,other,MEDIUM
photo collage mug,500,high,100,3,other,MEDIUM
photo collage pillow,500,high,100,3,other,MEDIUM
photo collage with music,500,high,99,3,other,MEDIUM
photo cushion,500,high,100,3,other,MEDIUM
photo editor slideshow with music,500,high,82,1,direct_service,MEDIUM
photo editor with music,500,low,23,3,tools_comparison,MEDIUM
photo engraved glass,500,high,100,3,other,MEDIUM
photo engraved keychain,500,high,100,3,other,MEDIUM
photo father's day gifts,500,high,71,2,gift_fathers,MEDIUM
photo frame for boyfriend,500,high,100,3,physical_products,MEDIUM
photo frame for teachers,500,high,100,3,physical_products,MEDIUM
photo gift ideas for dad,500,high,100,2,gift_personalized,MEDIUM
photo gifts for dad,500,high,100,2,gift_personalized,MEDIUM
photo gifts for father's day,500,high,75,2,gift_fathers,MEDIUM
photo graduation gifts,500,high,98,2,gift_graduation,MEDIUM
photo key ring,500,high,100,3,other,MEDIUM
photo keychain cvs,500,high,100,3,other,MEDIUM
photo keychain near me,500,high,100,3,other,HIGH
photo montage with music,500,high,99,1,direct_service,MEDIUM
photo mug same day,500,high,100,3,physical_products,MEDIUM
photo mugs near me,500,high,100,3,physical_products,HIGH
photo pet pillow,500,high,100,3,other,MEDIUM
photo pillow case,500,high,100,3,other,MEDIUM
photo presentation with music,500,high,76,3,gift_other,MEDIUM
photo presents for boyfriend,500,high,100,3,gift_other,MEDIUM
photo presents for dad,500,high,100,3,gift_other,MEDIUM
photo printed coffee mug,500,high,100,3,physical_products,MEDIUM
photo printed pillow,500,high,100,3,physical_products,MEDIUM
photo printing in cup,500,high,100,3,physical_products,MEDIUM
photo projection keychain,500,high,100,3,other,MEDIUM
photo puzzle cvs,500,high,100,3,physical_products,MEDIUM
photo slide maker with music,500,high,82,3,other,MEDIUM
photo slideshow generator,500,high,88,1,direct_service,MEDIUM
photo slideshow maker with music,500,high,82,1,direct_service,MEDIUM
photo slideshow with music,500,high,99,1,direct_service,MEDIUM
photo throw blankets,500,high,100,3,other,MEDIUM
photo to video maker app,500,low,29,3,other,MEDIUM
photo travel cup,500,high,100,3,other,MEDIUM
photo travel mug,500,high,100,3,other,MEDIUM
photo video app,500,medium,53,3,other,MEDIUM
photo video app maker,500,low,29,3,other,MEDIUM
photo video creator app,500,low,29,3,other,MEDIUM
photo video editing software,500,high,93,3,other,LOW
photo video maker application,500,low,29,3,other,MEDIUM
photo video maker with music,500,high,73,3,other,MEDIUM
photo video maker with music online free,500,medium,64,3,other,LOW
photo video maker with song,500,high,71,3,other,MEDIUM
photo video with music,500,medium,42,3,other,MEDIUM
photo with music,500,high,99,3,other,MEDIUM
photos on mugs online,500,high,100,3,other,LOW
pic collage with music,500,high,99,3,other,MEDIUM
pic music video,500,low,4,3,other,MEDIUM
pic slideshow maker,500,high,88,3,tools_comparison,MEDIUM
pic slideshow with music,500,high,76,1,direct_service,MEDIUM
pic video maker with music,500,high,73,3,other,MEDIUM
pic with music,500,high,99,3,other,MEDIUM
pics collage with music,500,high,99,3,other,MEDIUM
pics to music app,500,low,28,3,other,MEDIUM
picture blankets cheap,500,high,100,3,physical_products,MEDIUM
picture collage for graduation party,500,high,100,3,other_graduation,MEDIUM
picture collage with music,500,high,99,3,other,MEDIUM
picture frame boyfriend,500,high,100,3,physical_products,MEDIUM
picture frame engraving near me,500,high,100,3,physical_products,HIGH
picture gift ideas for dad,500,high,100,3,gift_other,MEDIUM
picture gifts for dad,500,high,100,3,gift_other,MEDIUM
picture keepsake box,500,high,98,3,other,MEDIUM
picture montage with music,500,high,99,3,other,MEDIUM
picture mugs same day,500,high,100,3,other,MEDIUM
picture of a mug,500,medium,50,3,other,MEDIUM
picture presentation with music,500,high,76,3,gift_other,MEDIUM
picture printed on mug,500,high,100,3,other,MEDIUM
picture slideshow with music,500,high,99,1,direct_service,MEDIUM
picture slideshow with music maker,500,high,82,1,direct_service,MEDIUM
picture travel mug,500,high,100,3,other,MEDIUM
picture video maker app,500,low,29,3,other,MEDIUM
picture video with music,500,high,72,3,other,MEDIUM
picture with music,500,high,99,3,other,MEDIUM
picture wrapping paper,500,high,100,3,other,MEDIUM
pictures to music app,500,medium,57,3,other,MEDIUM
pinning ceremony gifts,500,high,100,3,gift_other,MEDIUM
places that convert vhs to dvd,500,high,91,2,vhs_legacy,MEDIUM
places that transfer vhs to dvd,500,high,91,2,vhs_legacy,MEDIUM
places to convert vcr to dvd,500,high,91,2,vhs_legacy,MEDIUM
places to turn vhs into dvd,500,high,91,3,other,MEDIUM
platinum 20th anniversary gifts,500,high,100,2,gift_anniversary,MEDIUM
platinum 20th anniversary gifts for him,500,high,100,2,gift_anniversary,MEDIUM
platinum 20th wedding anniversary gift,500,high,100,2,gift_anniversary,MEDIUM
police academy graduation gifts,500,high,100,2,gift_graduation,MEDIUM
porcelain gifts for 18th anniversary,500,high,100,3,gift_other,MEDIUM
pottery anniversary gift for her,500,high,100,2,gift_anniversary,MEDIUM
pottery gifts for 9th anniversary,500,high,99,3,gift_other,MEDIUM
pottery wedding anniversary gifts,500,high,100,2,gift_anniversary,MEDIUM
practical 50th wedding anniversary gifts,500,high,100,2,gift_anniversary,MEDIUM
practical graduation gifts,500,high,98,2,gift_graduation,MEDIUM
preschool graduation craft ideas,500,low,11,3,other,MEDIUM
preschool graduation gift ideas from teacher,500,medium,60,2,gift_graduation,MEDIUM
preschool graduation gifts from teachers,500,high,80,2,gift_graduation,MEDIUM
present for a graduate student,500,high,100,3,gift_other,MEDIUM
present for someone grieving,500,high,100,3,gift_other,MEDIUM
presents for grad students,500,high,100,3,gift_other,MEDIUM
presents for graduate students,500,high,100,3,gift_other,MEDIUM
presents for someone grieving,500,high,100,3,gift_other,MEDIUM
pretty mothers day gifts,500,medium,63,2,gift_mothers,MEDIUM
price to convert vhs to dvd,500,high,87,2,vhs_legacy,HIGH
price to transfer vhs to dvd,500,high,87,2,vhs_legacy,HIGH
printed mug near me,500,high,100,3,other,HIGH
printing coffee mugs,500,high,100,3,other,MEDIUM
printing on mugs near me,500,high,100,3,other,HIGH
proper graduation gift,500,high,91,2,gift_graduation,MEDIUM
putting pictures on coffee mugs,500,high,100,3,other,MEDIUM
record from vcr to computer,500,high,100,3,other,MEDIUM
record vcr to dvd,500,high,100,3,other,MEDIUM
record vcr to pc,500,high,100,3,other,MEDIUM
record vhs tapes to computer,500,high,100,2,vhs_legacy,MEDIUM
record vhs tapes to dvd,500,high,100,2,vhs_legacy,MEDIUM
record vhs to computer,500,high,100,3,other,MEDIUM
record vhs to dvd,500,high,100,2,vhs_legacy,MEDIUM
record vhs to pc,500,high,100,3,other,MEDIUM
recording 8mm tapes to dvd,500,high,100,3,other,MEDIUM
remembrance gifts for dad,500,high,100,2,gift_memorial,MEDIUM
remembrance gifts for men,500,high,100,2,gift_memorial,MEDIUM
retirement gift for coworker female,500,high,100,2,gift_retirement,MEDIUM
retirement gift for woman coworker,500,high,100,2,gift_retirement,MEDIUM
retirement gift ideas for colleagues,500,high,100,2,gift_retirement,MEDIUM
retirement gift ideas for coworker,500,high,100,2,gift_retirement,MEDIUM
retirement gift ideas for female coworker,500,high,100,2,gift_retirement,MEDIUM
retirement gift ideas for male coworker,500,high,100,2,gift_retirement,MEDIUM
retirement gifts for employees,500,high,100,2,gift_retirement,MEDIUM
retirement gifts for female coworker,500,high,100,2,gift_retirement,MEDIUM
retirement gifts for male coworkers,500,high,100,2,gift_retirement,MEDIUM
retirement ideas for coworker,500,high,100,3,other,MEDIUM
retirement well wishes for colleague,500,medium,45,3,other,MEDIUM
retirement well wishes for coworker,500,medium,45,3,other,MEDIUM
romantic 15 year anniversary ideas,500,high,100,3,other,MEDIUM
roxio easy vhs to dvd,500,high,77,2,vhs_legacy,MEDIUM
roxio vhs to dvd converter,500,low,24,2,vhs_legacy,HIGH
ruby 40th anniversary gifts,500,high,100,2,gift_anniversary,MEDIUM
ruby anniversary gifts for parents,500,high,100,2,gift_anniversary,MEDIUM
ruby wedding anniversary gifts,500,high,100,2,gift_anniversary,MEDIUM
ruby wedding anniversary presents,500,high,100,2,gift_anniversary,MEDIUM
same day custom mugs,500,high,100,3,physical_products,HIGH
same day mug printing near me,500,high,100,3,other,HIGH
same day personalized mug,500,high,100,3,other,HIGH
sapphire wedding anniversary gift,500,high,100,2,gift_anniversary,HIGH
saving tape media conversion,500,low,7,3,other,MEDIUM
second anniversary gift for him,500,high,97,2,gift_anniversary,MEDIUM
second anniversary gift ideas,500,high,100,2,gift_anniversary,MEDIUM
second wedding gift ideas,500,high,100,3,gift_other,MEDIUM
second year wedding anniversary gift,500,high,100,2,gift_anniversary,MEDIUM
send a condolence gift,500,high,100,2,gift_memorial,MEDIUM
send sympathy gifts,500,high,100,2,gift_memorial,MEDIUM
send vhs tapes to convert to digital,500,high,100,2,vhs_legacy,MEDIUM
senior gift basket,500,high,100,3,gift_other,MEDIUM
senior send off ideas,500,low,1,3,other,MEDIUM
senior year gifts,500,high,100,3,gift_other,MEDIUM
sentimental gifts for someone who lost a loved one,500,high,100,3,gift_other,MEDIUM
sentimental grad gifts,500,high,100,2,gift_graduation,MEDIUM
sentimental graduation gifts,500,high,100,2,gift_graduation,MEDIUM
sentimental graduation gifts for daughter,500,high,100,2,gift_graduation,MEDIUM
sentimental graduation gifts for son,500,high,100,2,gift_graduation,MEDIUM
service convert vhs to digital,500,high,100,2,vhs_legacy,HIGH
service to convert vhs to digital,500,high,100,2,vhs_legacy,HIGH
seven year wedding anniversary gift,500,high,100,2,gift_anniversary,MEDIUM
sherpa photo blankets,500,high,100,3,physical_products,MEDIUM
shutterfly custom mugs,500,high,100,3,physical_products,HIGH
shutterfly custom puzzle,500,high,100,3,physical_products,HIGH
shutterfly father's day,500,low,0,2,gift_fathers,MEDIUM
shutterfly personalized blankets,500,medium,44,3,other,HIGH
shutterfly personalized books,500,high,100,3,other,HIGH
shutterfly personalized mugs,500,high,100,3,other,HIGH
shutterfly personalized puzzle,500,high,100,3,other,HIGH
silk anniversary gifts for her,500,high,100,2,gift_anniversary,MEDIUM
silver 25th anniversary gifts,500,high,100,2,gift_anniversary,MEDIUM
silver anniversary gift ideas,500,high,100,2,gift_anniversary,MEDIUM
silver anniversary gifts for couples,500,high,100,2,gift_anniversary,MEDIUM
silver anniversary gifts for her,500,high,100,2,gift_anniversary,MEDIUM
silver anniversary gifts for him,500,high,100,2,gift_anniversary,MEDIUM
silver anniversary gifts for men,500,high,100,2,gift_anniversary,MEDIUM
silver gifts for 25th wedding anniversary,500,high,100,2,gift_anniversary,MEDIUM
silver wedding anniversary gift ideas,500,high,100,2,gift_anniversary,MEDIUM
silver wedding anniversary presents,500,high,100,2,gift_anniversary,MEDIUM
silver wedding gifts,500,high,100,3,gift_other,MEDIUM
silver wedding presents,500,high,100,3,gift_other,MEDIUM
simple graduation gifts,500,high,100,2,gift_graduation,MEDIUM
sister memorial gifts,500,high,100,2,gift_memorial,MEDIUM
sister photo frame,500,high,100,3,physical_products,MEDIUM
six year anniversary gift for him,500,high,99,2,gift_anniversary,MEDIUM
six year wedding anniversary gift,500,high,100,2,gift_anniversary,MEDIUM
sixth wedding anniversary gift,500,high,100,2,gift_anniversary,MEDIUM
slideshow maker with videos and pictures,500,high,84,3,tools_comparison,MEDIUM
slideshow picture maker with music,500,high,82,3,other,MEDIUM
slideshow with music facebook,500,low,29,1,direct_service,MEDIUM
slideshow with music google photos,500,low,11,1,direct_service,LOW
slideshow with photos and music,500,high,76,3,other,MEDIUM
slideshow with pictures and music,500,high,99,3,other,MEDIUM
slideshow with video and pictures,500,high,76,3,other,MEDIUM
small grad gifts,500,high,94,2,gift_graduation,MEDIUM
small graduation gift ideas,500,high,100,2,gift_graduation,MEDIUM
small graduation gifts,500,high,100,2,gift_graduation,MEDIUM
small graduation gifts for friends,500,high,100,2,gift_graduation,MEDIUM
snapfish mugs,500,high,100,3,other,MEDIUM
special graduation gifts,500,high,100,2,gift_graduation,MEDIUM
spiritual graduation gifts,500,high,87,2,gift_graduation,MEDIUM
splicing vhs tape,500,low,9,2,vhs_legacy,MEDIUM
staples photo calendars,500,high,100,3,physical_products,MEDIUM
steel anniversary gift ideas,500,high,100,2,gift_anniversary,MEDIUM
steel anniversary gifts for her,500,high,100,2,gift_anniversary,MEDIUM
steel wedding anniversary gifts,500,high,100,2,gift_anniversary,MEDIUM
super 8 conversion,500,high,100,2,vhs_legacy,MEDIUM
super 8 film digitizer,500,high,100,2,vhs_legacy,MEDIUM
super 8 film digitizing,500,high,100,2,vhs_legacy,MEDIUM
super 8 film scanning,500,high,100,2,vhs_legacy,MEDIUM
super 8 film to digital,500,high,100,2,vhs_legacy,MEDIUM
super 8 movie conversion to digital,500,high,100,2,vhs_legacy,MEDIUM
super 8 movie film to digital,500,high,100,2,vhs_legacy,MEDIUM
super 8 movies to digital,500,high,100,2,vhs_legacy,MEDIUM
super 8 scanning,500,high,100,2,vhs_legacy,MEDIUM
super 8 to digital,500,high,100,2,vhs_legacy,MEDIUM
super 8 to digital converter,500,high,100,2,vhs_legacy,HIGH
super 8 to dvd,500,high,100,2,vhs_legacy,MEDIUM
super 8mm converter,500,high,100,2,vhs_legacy,HIGH
super 8mm film to digital,500,high,100,2,vhs_legacy,MEDIUM
super 8mm to digital,500,high,100,2,vhs_legacy,MEDIUM
super 8mm to digital converter,500,high,100,2,vhs_legacy,HIGH
sympathy banner ideas,500,high,93,3,other,MEDIUM
sympathy basket ideas,500,high,100,3,other,MEDIUM
sympathy baskets for men,500,high,100,3,other,MEDIUM
sympathy card and gift,500,high,100,3,gift_other,MEDIUM
sympathy care package ideas,500,high,100,3,other,MEDIUM
sympathy gift basket ideas,500,high,100,2,gift_memorial,MEDIUM
sympathy gift baskets for loss of mother,500,high,100,2,gift_memorial,MEDIUM
sympathy gift for loss of brother,500,high,100,2,gift_memorial,MEDIUM
sympathy gift for loss of cat,500,high,100,2,gift_memorial,MEDIUM
sympathy gift for men,500,high,100,2,gift_memorial,MEDIUM
sympathy gift for miscarriage,500,high,100,2,gift_memorial,MEDIUM
sympathy gift for pet loss,500,high,100,2,gift_memorial,MEDIUM
sympathy gift ideas for loss of mother,500,high,100,2,gift_memorial,MEDIUM
sympathy gift near me,500,high,100,2,gift_memorial,HIGH
sympathy gift to send,500,high,100,2,gift_memorial,MEDIUM
sympathy gifts for coworker,500,high,100,2,gift_memorial,MEDIUM
sympathy gifts for family,500,high,100,2,gift_memorial,MEDIUM
sympathy gifts for friend,500,high,100,2,gift_memorial,MEDIUM
sympathy gifts for guys,500,high,100,2,gift_memorial,MEDIUM
sympathy gifts for loss of husband,500,high,100,2,gift_memorial,MEDIUM
sympathy gifts for loss of mother for a man,500,high,100,2,gift_memorial,MEDIUM
sympathy gifts for loss of sister,500,high,100,2,gift_memorial,MEDIUM
sympathy presents for friends,500,high,100,3,gift_other,MEDIUM
sympathy remembrance gifts,500,high,100,2,gift_memorial,MEDIUM
tape to dvd,500,high,75,3,other,MEDIUM
ten year anniversary gift for her,500,high,100,2,gift_anniversary,MEDIUM
ten year wedding anniversary gift,500,high,100,2,gift_anniversary,MEDIUM
ten year wedding anniversary ideas,500,high,100,2,gift_anniversary,MEDIUM
tenth wedding anniversary gifts,500,high,99,2,gift_anniversary,MEDIUM
tenth wedding anniversary ideas,500,high,100,2,gift_anniversary,MEDIUM
thank you for condolences gift,500,high,100,3,gift_other,MEDIUM
things remembered picture frames,500,high,100,3,physical_products,MEDIUM
third anniversary gift for him,500,high,99,2,gift_anniversary,MEDIUM
third anniversary gift for wife,500,high,100,2,gift_anniversary,MEDIUM
third anniversary gift ideas,500,high,100,2,gift_anniversary,MEDIUM
third wedding anniversary traditional gift,500,high,100,2,gift_anniversary,MEDIUM
third year wedding anniversary gift,500,high,100,2,gift_anniversary,MEDIUM
thoughtful grad gifts,500,high,100,2,gift_graduation,MEDIUM
thoughtful graduation gifts,500,high,100,2,gift_graduation,MEDIUM
thoughtful sympathy gifts,500,high,100,2,gift_memorial,MEDIUM
three year wedding anniversary gift,500,high,100,2,gift_anniversary,MEDIUM
tin aluminum anniversary gifts,500,high,100,2,gift_anniversary,MEDIUM
tin anniversary gifts for her,500,high,100,2,gift_anniversary,MEDIUM
tin anniversary gifts for him,500,high,100,2,gift_anniversary,MEDIUM
tin gifts for 10th anniversary,500,high,100,3,gift_other,MEDIUM
top 10 wedding anniversary gifts for wife,500,high,100,2,gift_anniversary,MEDIUM
top grad gifts,500,high,100,2,gift_graduation,MEDIUM
top graduation gifts,500,high,100,2,gift_graduation,MEDIUM
tote bag with personalized photo,500,high,100,2,gift_personalized,HIGH
traditional 1 year anniversary gift,500,high,100,2,gift_anniversary,MEDIUM
traditional 1 year wedding anniversary gift,500,high,100,2,gift_anniversary,MEDIUM
traditional 10 year anniversary gift for him,500,high,100,2,gift_anniversary,MEDIUM
traditional 13 year anniversary gift,500,high,100,2,gift_anniversary,MEDIUM
traditional 17 year anniversary gift,500,high,96,2,gift_anniversary,MEDIUM
traditional 18 year anniversary gift,500,high,100,2,gift_anniversary,MEDIUM
traditional 1st anniversary gift,500,high,100,2,gift_anniversary,MEDIUM
traditional 1st wedding anniversary gift,500,high,100,2,gift_anniversary,MEDIUM
traditional 21st anniversary gift,500,high,100,2,gift_anniversary,MEDIUM
traditional 22nd anniversary gift,500,high,100,2,gift_anniversary,MEDIUM
traditional 23rd anniversary gift,500,high,100,2,gift_anniversary,MEDIUM
traditional 24th anniversary gift,500,high,100,2,gift_anniversary,MEDIUM
traditional 2nd wedding anniversary gift,500,high,100,2,gift_anniversary,MEDIUM
traditional 35th anniversary gift,500,high,99,2,gift_anniversary,MEDIUM
traditional 4 year anniversary gift,500,high,100,2,gift_anniversary,MEDIUM
traditional 5 year anniversary gift,500,high,100,2,gift_anniversary,MEDIUM
traditional 50th anniversary gift,500,high,99,2,gift_anniversary,MEDIUM
traditional 50th wedding anniversary gifts,500,high,100,2,gift_anniversary,MEDIUM
traditional 8 year anniversary gift,500,high,100,2,gift_anniversary,MEDIUM
traditional 8 year wedding anniversary gift,500,high,96,2,gift_anniversary,MEDIUM
traditional and modern wedding anniversary gifts,500,high,84,2,gift_anniversary,MEDIUM
traditional anniversary gifts by year list,500,low,19,2,gift_anniversary,MEDIUM
traditional first wedding anniversary gift,500,high,100,2,gift_anniversary,MEDIUM
traditional graduation gifts,500,high,100,2,gift_graduation,MEDIUM
traditional one year anniversary gifts,500,high,100,2,gift_anniversary,MEDIUM
traditional six year anniversary gift,500,high,96,2,gift_anniversary,MEDIUM
transfer 8mm film to digital,500,high,99,2,vhs_legacy,MEDIUM
transfer 8mm film to dvd near me,500,high,79,2,vhs_legacy,HIGH
transfer 8mm movie film to digital,500,high,99,2,vhs_legacy,MEDIUM
transfer 8mm movies to digital,500,high,99,3,other,MEDIUM
transfer 8mm tapes to dvd,500,high,100,3,other,MEDIUM
transfer 8mm to dvd,500,medium,62,3,other,MEDIUM
transfer 8mm video to digital,500,high,96,3,other,MEDIUM
transfer camcorder tapes to dvd,500,low,25,2,vhs_legacy,HIGH
transfer dvd to vhs tape,500,high,100,2,vhs_legacy,MEDIUM
transfer from video tape to dvd,500,high,100,2,vhs_legacy,MEDIUM
transfer movie film to dvd,500,high,95,3,other,MEDIUM
transfer super 8 movies to dvd,500,high,100,2,vhs_legacy,MEDIUM
transfer super 8 to digital,500,high,100,2,vhs_legacy,MEDIUM
transfer super 8 to dvd,500,high,100,2,vhs_legacy,MEDIUM
transfer tape to dvd,500,high,100,3,other,MEDIUM
transfer vcr tapes to computer,500,high,97,2,vhs_legacy,MEDIUM
transfer vcr tapes to digital,500,high,100,2,vhs_legacy,MEDIUM
transfer vcr to computer,500,high,97,3,other,MEDIUM
transfer vcr to dvd at home,500,high,100,3,other,MEDIUM
transfer vcr to dvd walmart,500,high,74,3,other,MEDIUM
transfer vcr to usb,500,high,97,3,other,MEDIUM
transfer vhs dvd walmart,500,high,71,2,vhs_legacy,MEDIUM
transfer vhs tapes to computer,500,high,97,2,vhs_legacy,MEDIUM
transfer vhs tapes to digital,500,high,100,2,vhs_legacy,MEDIUM
transfer vhs tapes to dvd,500,high,100,2,vhs_legacy,MEDIUM
transfer vhs to cd,500,high,100,2,vhs_legacy,MEDIUM
transfer vhs to computer,500,high,97,2,vhs_legacy,MEDIUM
transfer vhs to digital near me,500,high,100,2,vhs_legacy,HIGH
transfer vhs to dvd at home,500,high,100,2,vhs_legacy,MEDIUM
transfer vhs to dvd near me,500,high,100,2,vhs_legacy,HIGH
transfer vhs to dvd service near me,500,high,91,2,vhs_legacy,HIGH
transfer vhs to dvd walmart,500,high,71,2,vhs_legacy,MEDIUM
transfer vhs to mp4,500,high,100,2,vhs_legacy,MEDIUM
transfer vhs to pc,500,high,97,2,vhs_legacy,MEDIUM
transfer vhs to usb,500,high,96,2,vhs_legacy,MEDIUM
transfer vhs to usb flash drive,500,high,100,2,vhs_legacy,MEDIUM
transfer video tape to dvd,500,high,100,2,vhs_legacy,MEDIUM
transfer video tapes to digital,500,high,100,2,vhs_legacy,MEDIUM
transfer video to digital,500,high,100,3,other,MEDIUM
transfer video to dvd,500,high,100,3,other,MEDIUM
transferring video cassettes to dvd,500,high,100,3,other,MEDIUM
turn 8mm into dvd,500,high,97,3,other,MEDIUM
turn vhs into cd,500,high,100,3,other,MEDIUM
turn vhs into dvd,500,high,100,3,other,MEDIUM
turn vhs into dvd costco,500,high,92,3,other,HIGH
turn vhs tapes into digital,500,high,100,2,vhs_legacy,MEDIUM
turn vhs to dvd,500,high,100,2,vhs_legacy,MEDIUM
turning vhs tapes to dvd,500,high,100,2,vhs_legacy,MEDIUM
two year anniversary gift for girlfriend,500,high,100,2,gift_anniversary,MEDIUM
two year anniversary gift for him,500,high,100,2,gift_anniversary,MEDIUM
two year anniversary ideas,500,high,99,3,other,MEDIUM
two year wedding anniversary gift,500,high,100,2,gift_anniversary,MEDIUM
uncommon goods mother's day,500,high,100,2,gift_mothers,MEDIUM
uni graduation gift ideas,500,high,99,2,gift_graduation,MEDIUM
uni graduation gifts,500,high,100,2,gift_graduation,MEDIUM
uni graduation presents,500,high,100,2,gift_graduation,MEDIUM
unique 2 year anniversary gifts for him,500,high,100,2,gift_anniversary,MEDIUM
unique 20th anniversary gifts for husband,500,high,93,2,gift_anniversary,MEDIUM
unique 25th anniversary gift ideas for couple,500,high,100,2,gift_anniversary,MEDIUM
unique 25th anniversary gift ideas for friends,500,high,80,2,gift_anniversary,MEDIUM
unique 25th anniversary gift ideas for husband,500,high,100,2,gift_anniversary,MEDIUM
unique 25th wedding anniversary gifts,500,high,100,2,gift_anniversary,MEDIUM
unique 40th anniversary gift,500,high,100,2,gift_anniversary,MEDIUM
unique 50th anniversary gifts,500,high,100,2,gift_anniversary,MEDIUM
unique 50th anniversary gifts for husband,500,high,100,2,gift_anniversary,MEDIUM
unique 50th wedding anniversary gifts,500,high,100,2,gift_anniversary,MEDIUM
unique bereavement gifts,500,high,100,2,gift_memorial,MEDIUM
unique birthday gifts for mom from daughter,500,high,99,2,gift_birthday,MEDIUM
unique bronze anniversary gifts,500,high,100,2,gift_anniversary,MEDIUM
unique cotton anniversary gifts,500,high,100,2,gift_anniversary,MEDIUM
unique cotton gifts,500,high,98,3,gift_other,MEDIUM
unique first anniversary gifts,500,high,100,2,gift_anniversary,MEDIUM
unique first time mom gifts,500,high,100,2,gift_mothers,MEDIUM
unique funeral flower ideas,500,high,100,3,other,MEDIUM
unique gift for mother in law,500,high,100,2,gift_mothers,MEDIUM
unique gifts for daughter from mother,500,high,100,2,gift_personalized,MEDIUM
unique gifts for loss of loved one,500,high,100,2,gift_memorial,MEDIUM
unique gifts for mom from daughter,500,high,100,2,gift_personalized,MEDIUM
unique gifts for mom to be,500,high,100,2,gift_personalized,MEDIUM
unique gifts for mother to be,500,high,100,2,gift_personalized,MEDIUM
unique gifts for phd graduates,500,high,100,2,gift_personalized,MEDIUM
unique grad gifts for her,500,high,100,2,gift_graduation,MEDIUM
unique graduation gifts for daughter,500,high,100,2,gift_graduation,MEDIUM
unique graduation gifts for granddaughter,500,high,100,2,gift_graduation,MEDIUM
unique graduation gifts for her,500,high,100,2,gift_graduation,MEDIUM
unique graduation gifts for him,500,high,100,2,gift_graduation,MEDIUM
unique memorial gift ideas,500,high,100,2,gift_memorial,MEDIUM
unique memorial gifts for loss of father,500,high,99,2,gift_memorial,MEDIUM
unique memorial gifts for loss of mother,500,high,100,2,gift_memorial,MEDIUM
unique mother to be gifts,500,high,100,3,gift_other,MEDIUM
unique mother's day gift ideas,500,medium,59,2,gift_mothers,MEDIUM
unique mothers day gifts for daughter,500,high,100,2,gift_mothers,MEDIUM
unique mothers day ideas,500,medium,60,2,gift_mothers,MEDIUM
unique mothers day presents,500,low,0,2,gift_mothers,MEDIUM
unique new mom gifts,500,high,100,2,gift_mothers,MEDIUM
unique nursing graduation gifts,500,high,100,2,gift_graduation,MEDIUM
unique personalized gifts for mom,500,high,100,2,gift_personalized,HIGH
unique sympathy gift,500,high,100,2,gift_memorial,MEDIUM
unique wedding anniversary gifts,500,high,100,2,gift_anniversary,MEDIUM
unique wood anniversary gifts,500,high,100,2,gift_anniversary,MEDIUM
unique xmas gifts for mom,500,high,100,3,gift_other,MEDIUM
university grad gift ideas,500,high,99,2,gift_graduation,MEDIUM
university grad gifts,500,high,100,2,gift_graduation,MEDIUM
university graduation gift ideas,500,high,99,2,gift_graduation,MEDIUM
university graduation gift ideas for him,500,high,100,2,gift_graduation,MEDIUM
university graduation present ideas,500,high,99,2,gift_graduation,MEDIUM
university graduation presents,500,high,100,2,gift_graduation,MEDIUM
unusual 10th wedding anniversary gifts,500,high,100,2,gift_anniversary,MEDIUM
unusual 50th anniversary gifts,500,high,100,2,gift_anniversary,MEDIUM
unusual first wedding anniversary gifts,500,high,100,2,gift_anniversary,MEDIUM
unusual mother's day gifts,500,low,0,2,gift_mothers,MEDIUM
unusual mother's day presents,500,low,0,2,gift_mothers,MEDIUM
unusual paper anniversary gifts for him,500,high,100,2,gift_anniversary,MEDIUM
unusual sympathy gifts,500,high,100,2,gift_memorial,MEDIUM
upscaling vhs,500,high,67,3,other,MEDIUM
usb to vhs,500,high,94,3,other,MEDIUM
useful graduation gifts,500,high,100,2,gift_graduation,MEDIUM
vcr cassette to dvd,500,high,100,3,other,MEDIUM
vcr cassette to dvd conversion,500,high,100,3,other,MEDIUM
vcr cassette to dvd converter,500,high,100,3,other,HIGH
vcr conversion service,500,high,98,3,other,HIGH
vcr tape rewinder,500,high,99,2,vhs_legacy,MEDIUM
vcr tape to computer,500,high,97,2,vhs_legacy,MEDIUM
vcr tape to digital near me,500,high,100,2,vhs_legacy,HIGH
vcr tape to dvd,500,high,100,2,vhs_legacy,MEDIUM
vcr tape to dvd conversion,500,high,100,2,vhs_legacy,MEDIUM
vcr tape to dvd transfer,500,high,100,2,vhs_legacy,MEDIUM
vcr to cd converter,500,high,100,3,other,HIGH
vcr to computer converter,500,high,100,3,other,HIGH
vcr to digital,500,high,100,2,vhs_legacy,MEDIUM
vcr to digital near me,500,high,100,2,vhs_legacy,HIGH
vcr to dvd conversion near me,500,high,95,3,other,HIGH
vcr to dvd converter,500,high,100,3,other,HIGH
vcr to dvd costco,500,high,67,3,other,HIGH
vcr to dvd walgreens,500,high,100,3,other,MEDIUM
vcr to flash drive,500,high,100,3,other,MEDIUM
vcr to pc converter,500,high,100,3,other,HIGH
vcr to usb,500,high,94,3,other,MEDIUM
vcr transfer,500,high,92,3,other,MEDIUM
vcr videos,500,low,22,3,other,MEDIUM
vhs c cassette,500,high,95,3,other,MEDIUM
vhs c converter,500,high,100,3,other,HIGH
vhs c to digital,500,high,100,3,other,MEDIUM
vhs c to digital converter,500,high,100,3,other,HIGH
vhs c to dvd,500,high,100,3,other,MEDIUM
vhs c to pc,500,high,97,3,other,MEDIUM
vhs cassette converter,500,high,100,3,other,HIGH
vhs cassette to digital,500,high,100,3,other,MEDIUM
vhs cassette to dvd,500,high,100,3,other,MEDIUM
vhs conversion near me,500,high,100,2,vhs_legacy,HIGH
vhs conversion service,500,high,98,2,vhs_legacy,HIGH
vhs conversion service near me,500,high,81,2,vhs_legacy,HIGH
vhs converter to usb,500,high,92,3,other,HIGH
vhs digital converter service,500,high,100,3,other,HIGH
vhs digitizing service,500,high,99,3,other,HIGH
vhs digitizing service near me,500,high,100,3,other,HIGH
vhs into cd,500,high,100,3,other,MEDIUM
vhs mini tapes,500,high,90,3,other,MEDIUM
vhs movie converter,500,high,99,3,other,HIGH
vhs pc converter,500,high,100,3,other,HIGH
vhs player to computer,500,high,92,3,other,MEDIUM
vhs player to pc,500,high,72,3,other,MEDIUM
vhs tape dvd,500,high,100,2,vhs_legacy,MEDIUM
vhs tape dvd converter,500,medium,62,2,vhs_legacy,HIGH
vhs tape to cd,500,high,100,2,vhs_legacy,MEDIUM
vhs tape to computer,500,high,97,2,vhs_legacy,MEDIUM
vhs tape to dvd converter,500,medium,62,2,vhs_legacy,HIGH
vhs tape to dvd transfer,500,high,100,2,vhs_legacy,MEDIUM
vhs tape to pc,500,high,97,2,vhs_legacy,MEDIUM
vhs tapes to digital near me,500,high,100,2,vhs_legacy,HIGH
vhs tapes to dvd,500,high,100,2,vhs_legacy,MEDIUM
vhs to cd converter,500,high,100,3,other,HIGH
vhs to computer,500,high,97,3,other,MEDIUM
vhs to computer converter,500,high,97,3,other,HIGH
vhs to digital converter near me,500,high,85,2,vhs_legacy,HIGH
vhs to digital converter nearby,500,high,100,2,vhs_legacy,HIGH
vhs to digital converter without vcr,500,high,100,2,vhs_legacy,HIGH
vhs to digital nearby,500,high,88,2,vhs_legacy,MEDIUM
vhs to digital service near me,500,high,100,2,vhs_legacy,HIGH
vhs to disc converter,500,high,100,3,other,HIGH
vhs to dvd conversion companies,500,high,100,2,vhs_legacy,MEDIUM
vhs to dvd conversion cost,500,high,87,2,vhs_legacy,HIGH
vhs to dvd conversion near me,500,high,87,2,vhs_legacy,HIGH
vhs to dvd conversion service near me,500,high,91,2,vhs_legacy,HIGH
vhs to dvd conversions,500,high,100,2,vhs_legacy,MEDIUM
vhs to dvd converter costco,500,high,92,2,vhs_legacy,HIGH
vhs to dvd converter near me,500,high,83,2,vhs_legacy,HIGH
vhs to dvd converter shop near me,500,high,82,2,vhs_legacy,HIGH
vhs to dvd costco,500,high,92,2,vhs_legacy,HIGH
vhs to dvd near me,500,high,94,2,vhs_legacy,HIGH
vhs to dvd service costco,500,high,92,2,vhs_legacy,HIGH
vhs to dvd service near me,500,high,99,2,vhs_legacy,HIGH
vhs to dvd transfer near me,500,high,87,2,vhs_legacy,HIGH
vhs to flash drive,500,high,100,3,other,MEDIUM
vhs to mp4,500,high,100,3,other,MEDIUM
vhs to mp4 converter,500,high,99,3,other,HIGH
vhs to pc converter,500,high,100,3,other,HIGH
vhs to thumb drive,500,high,100,3,other,MEDIUM
vhs to usb,500,high,100,3,other,MEDIUM
vhs to usb conversion,500,high,98,3,other,MEDIUM
vhs to usb drive,500,high,100,3,other,MEDIUM
vhs to usb service near me,500,high,87,3,other,HIGH
vhs to usb stick,500,high,100,3,other,MEDIUM
vhs transfer,500,high,92,2,vhs_legacy,MEDIUM
vhs transfer service near me,500,high,81,2,vhs_legacy,HIGH
vhs transfer to digital near me,500,high,100,2,vhs_legacy,HIGH
vhs transfer to usb,500,high,96,2,vhs_legacy,MEDIUM
vhs video capture,500,high,81,3,other,MEDIUM
vhs video conversion service,500,high,98,3,other,HIGH
vhs video to mp4,500,high,99,3,other,MEDIUM
vhs video to pc,500,high,97,3,other,MEDIUM
vhs video to usb,500,high,100,3,other,MEDIUM
vhs video to usb converter,500,high,98,3,other,HIGH
vhs video transfer,500,high,92,3,other,MEDIUM
vhsc to vhs converter,500,high,84,3,other,HIGH
video 8 to vhs,500,high,82,3,other,MEDIUM
video 8 vhs,500,high,82,3,other,MEDIUM
video 8 vhs cassette converter,500,high,100,3,other,HIGH
video and photo editing software,500,high,93,3,other,LOW
video and photo maker with music,500,high,73,3,other,MEDIUM
video and picture editing software,500,high,93,3,other,LOW
video camera tapes to dvd,500,high,75,3,other,MEDIUM
video cassette conversion,500,high,100,3,other,MEDIUM
video cassette converter,500,high,100,3,other,HIGH
video cassette tape converter,500,high,100,3,other,HIGH
video cassette to digital,500,high,97,3,other,MEDIUM
video cassette to digital converter,500,high,100,3,other,HIGH
video cassette to digital service,500,high,100,3,other,HIGH
video cassette to dvd,500,high,75,3,other,MEDIUM
video cassette to dvd converter,500,high,100,3,other,HIGH
video collage of photos,500,high,77,3,other,MEDIUM
video collage with photos,500,high,77,3,other,MEDIUM
video conversion services near me,500,high,87,3,other,HIGH
video digitizing service,500,high,100,3,other,HIGH
video into dvd,500,medium,60,3,other,MEDIUM
video maker with photo and song,500,high,71,3,other,MEDIUM
video on photo app,500,medium,53,3,other,MEDIUM
video photo collage app,500,medium,49,3,other,MEDIUM
video picture maker with music,500,high,73,3,other,MEDIUM
video picture montage,500,medium,59,3,other,MEDIUM
video tape digitizer,500,high,100,2,vhs_legacy,MEDIUM
video tape dvd,500,high,75,2,vhs_legacy,MEDIUM
video tape recorder,500,high,72,2,vhs_legacy,HIGH
video tape to digital,500,high,100,2,vhs_legacy,MEDIUM
video tape to digital conversion,500,high,100,2,vhs_legacy,MEDIUM
video tape to digital near me,500,high,100,2,vhs_legacy,HIGH
video tape to digital service,500,high,100,2,vhs_legacy,HIGH
video tape to digital transfer,500,high,100,2,vhs_legacy,MEDIUM
video tape to dvd,500,high,75,2,vhs_legacy,MEDIUM
video tape to dvd converter,500,high,100,2,vhs_legacy,HIGH
video tape transfer service near me,500,high,88,2,vhs_legacy,HIGH
video tape transfer to digital,500,high,100,2,vhs_legacy,MEDIUM
video to dvd conversion,500,high,84,3,other,MEDIUM
video transfer services,500,high,100,3,other,HIGH
video with photos and music,500,medium,42,3,other,MEDIUM
video with photos and music maker,500,high,73,3,other,MEDIUM
video with pictures and music,500,high,72,3,other,MEDIUM
videotape conversion near me,500,high,80,2,vhs_legacy,HIGH
videotape transfer,500,high,99,2,vhs_legacy,MEDIUM
vistaprint custom mugs,500,low,13,3,physical_products,HIGH
walgreens coffee mug photo,500,high,100,3,other,MEDIUM
walgreens convert vhs to dvd,500,high,100,2,vhs_legacy,MEDIUM
walgreens custom coffee mug,500,high,100,3,other,HIGH
walgreens custom mugs,500,high,100,3,physical_products,HIGH
walgreens custom puzzle,500,high,100,3,physical_products,HIGH
walgreens personalized christmas cards,500,high,100,3,other,HIGH
walgreens personalized mugs,500,high,100,3,other,HIGH
walgreens photo pillow,500,high,100,3,other,MEDIUM
walgreens vhs to digital,500,high,95,2,vhs_legacy,MEDIUM
walgreens vhs to dvd,500,high,100,2,vhs_legacy,MEDIUM
walgreens vhs to dvd conversion,500,high,100,2,vhs_legacy,MEDIUM
walmart christmas cards personalized,500,high,100,3,other,HIGH
walmart convert vhs to dvd,500,high,74,2,vhs_legacy,MEDIUM
walmart custom canvas,500,high,100,3,tools_comparison,LOW
walmart custom coffee mugs,500,high,100,3,other,HIGH
walmart custom mugs,500,high,100,3,physical_products,HIGH
walmart personalized calendar,500,high,100,3,other,HIGH
walmart personalized mugs,500,high,100,3,other,HIGH
walmart personalized pillows,500,high,100,3,other,HIGH
walmart personalized puzzle,500,high,100,3,other,HIGH
walmart photo keychain,500,high,100,3,other,MEDIUM
walmart photo mug,500,high,100,3,physical_products,MEDIUM
walmart photo pillow,500,high,100,3,other,MEDIUM
walmart picture mugs,500,high,100,3,other,MEDIUM
walmart turn vhs into dvd,500,high,74,3,other,MEDIUM
walmart vhs to digital,500,high,98,2,vhs_legacy,MEDIUM
walmart vhs to dvd conversion,500,high,74,2,vhs_legacy,MEDIUM
wedding anniversary 23 years,500,high,100,2,gift_anniversary,MEDIUM
wedding anniversary 27 years,500,high,96,2,gift_anniversary,MEDIUM
wedding anniversary gift ideas for husband,500,high,100,2,gift_anniversary,MEDIUM
wedding anniversary gift ideas for wife,500,high,100,2,gift_anniversary,MEDIUM
wedding anniversary gifts by year traditional and modern,500,high,75,2,gift_anniversary,MEDIUM
wedding anniversary gifts each year,500,high,89,2,gift_anniversary,MEDIUM
wedding anniversary gifts for couples,500,high,100,2,gift_anniversary,MEDIUM
wedding anniversary gifts for friends,500,high,100,2,gift_anniversary,MEDIUM
wedding anniversary gifts for her,500,high,100,2,gift_anniversary,MEDIUM
wedding anniversary gifts for him,500,high,100,2,gift_anniversary,MEDIUM
wedding anniversary gifts for parents,500,high,100,2,gift_anniversary,MEDIUM
wedding anniversary gifts per year,500,high,89,2,gift_anniversary,MEDIUM
wedding anniversary ideas for wife,500,high,100,2,gift_anniversary,MEDIUM
wedding anniversary items,500,high,100,2,gift_anniversary,MEDIUM
wedding anniversary milestone,500,low,13,2,gift_anniversary,MEDIUM
wedding anniversary presents,500,high,100,2,gift_anniversary,MEDIUM
wedding anniversary presents for parents,500,high,100,2,gift_anniversary,MEDIUM
wedding anniversary themes,500,low,28,2,gift_anniversary,MEDIUM
wedding anniversary themes by year,500,low,14,2,gift_anniversary,MEDIUM
wedding day gift for wife,500,high,96,3,gift_other,MEDIUM
wedding day gifts,500,high,100,3,gift_other,MEDIUM
wedding day gifts for parents,500,high,100,3,gift_other,MEDIUM
wedding gifts for him,500,high,100,3,gift_other,MEDIUM
wedding photo album personalised,500,high,100,3,physical_products,HIGH
wedding photo slide show,500,medium,53,3,other,MEDIUM
wedding photo slideshow,500,medium,53,1,direct_service,MEDIUM
wedding picture slideshow,500,medium,53,1,direct_service,MEDIUM
wedding slide show,500,medium,51,3,other,MEDIUM
wedding slideshow music,500,low,10,1,life_events,MEDIUM
what do i do with old photos,500,high,90,3,other,MEDIUM
what to do with antique photos,500,high,90,3,other,MEDIUM
what to do with old family photographs,500,medium,60,3,other,MEDIUM
what to do with old family photos,500,medium,60,3,other,MEDIUM
what to do with old photo albums,500,medium,44,2,photo_organization,MEDIUM
what to do with old photo frames,500,low,6,2,photo_organization,MEDIUM
what to do with old photographs,500,high,90,2,photo_organization,MEDIUM
what to do with old photos,500,high,90,2,photo_organization,MEDIUM
what to do with old pictures,500,high,90,3,other,MEDIUM
wind chime sympathy gift,500,high,100,2,gift_memorial,MEDIUM
wind chimes for loss of loved one,500,high,100,2,gift_memorial,MEDIUM
wolverine 8mm & super 8 reels to digital moviemaker pro,500,medium,38,2,vhs_legacy,MEDIUM
wolverine moviemaker pro,500,high,100,3,other,MEDIUM
wood anniversary gift for wife,500,high,100,2,gift_anniversary,MEDIUM
wood anniversary gift ideas,500,high,100,2,gift_anniversary,MEDIUM
wood anniversary gifts for her,500,high,100,2,gift_anniversary,MEDIUM
wood gifts for 5th anniversary,500,high,100,3,gift_other,MEDIUM
wood gifts for him 5th anniversary,500,high,100,3,gift_other,MEDIUM
wooden engraved photo,500,high,100,3,other,MEDIUM
wooden engraved photo frame,500,high,99,3,physical_products,MEDIUM
wooden engraved picture frames,500,high,100,3,physical_products,MEDIUM
wooden frame personalised,500,high,100,3,other,HIGH
wooden wedding anniversary gift ideas,500,high,100,2,gift_anniversary,MEDIUM
wooden wedding gift,500,high,100,3,gift_other,MEDIUM
wool anniversary gift for him,500,high,100,2,gift_anniversary,MEDIUM
wool anniversary gifts,500,high,100,2,gift_anniversary,MEDIUM
wool anniversary gifts for her,500,high,100,2,gift_anniversary,MEDIUM
wool gifts for 7th anniversary,500,high,100,3,gift_other,MEDIUM
wool wedding anniversary gifts,500,high,100,2,gift_anniversary,MEDIUM
woven photo blankets,500,high,100,3,physical_products,MEDIUM
woven picture blankets,500,high,100,3,physical_products,MEDIUM
year 8 wedding anniversary gift,500,high,100,2,gift_anniversary,MEDIUM
years of marriage gifts,500,high,84,3,gift_other,MEDIUM
1 month wedding anniversary gift,50,high,100,2,gift_anniversary,MEDIUM
1 month wedding anniversary ideas,50,high,67,2,gift_anniversary,MEDIUM
1 wedding anniversary gift,50,high,100,2,gift_anniversary,MEDIUM
1 year anniversary gift for couple,50,high,100,2,gift_anniversary,MEDIUM
1 year anniversary gift for men,50,high,100,2,gift_anniversary,MEDIUM
1 year marriage anniversary gifts for couple,50,high,100,2,gift_anniversary,MEDIUM
1 year married anniversary gift,50,high,100,2,gift_anniversary,MEDIUM
1 year of marriage gift,50,high,100,3,gift_other,MEDIUM
1 year together gifts,50,high,100,3,gift_other,MEDIUM
1 year together gifts for him,50,high,100,3,gift_other,MEDIUM
1 year wedding anniversary gift ideas for him,50,high,100,2,gift_anniversary,MEDIUM
10 year aluminum anniversary gift,50,high,100,2,gift_anniversary,MEDIUM
10 year anniversary gift aluminum,50,high,100,2,gift_anniversary,MEDIUM
10 year anniversary gift for daughter and son in law,50,high,100,2,gift_anniversary,MEDIUM
10 year anniversary gift for him tin,50,high,100,2,gift_anniversary,MEDIUM
10 year anniversary gift for him tin aluminum,50,medium,66,2,gift_anniversary,MEDIUM
10 year anniversary gift for him traditional,50,high,100,2,gift_anniversary,MEDIUM
10 year anniversary gift for parents,50,high,75,2,gift_anniversary,MEDIUM
10 year anniversary gift ideas for her,50,high,100,2,gift_anniversary,MEDIUM
10 year anniversary gift ideas for wife,50,high,100,2,gift_anniversary,MEDIUM
10 year anniversary ideas for her,50,high,100,3,other,MEDIUM
10 year anniversary ideas for him,50,high,100,3,other,MEDIUM
10 year anniversary ideas for wife,50,high,100,3,other,MEDIUM
10 year anniversary modern,50,high,75,3,other,MEDIUM
10 year dating anniversary gift,50,high,100,2,gift_anniversary,MEDIUM
10 year friendship anniversary gift,50,high,100,2,gift_anniversary,MEDIUM
10 year wedding anniversary celebration ideas,50,high,98,2,gift_anniversary,MEDIUM
10 year wedding anniversary gift for couple,50,high,100,2,gift_anniversary,MEDIUM
10 year wedding anniversary gift for friends,50,high,100,2,gift_anniversary,MEDIUM
10 year wedding anniversary gift for her,50,high,100,2,gift_anniversary,MEDIUM
10 years married gift,50,high,92,2,gift_anniversary,MEDIUM
10 years together gift,50,high,100,3,gift_other,MEDIUM
100 photo video maker,50,high,90,3,other,MEDIUM
10th anniversary gift ideas for him,50,high,100,2,gift_anniversary,MEDIUM
10th anniversary gift ideas for husband,50,high,100,2,gift_anniversary,MEDIUM
10th anniversary ideas for him,50,high,100,3,other,MEDIUM
10th wedding anniversary celebration ideas,50,high,74,2,gift_anniversary,MEDIUM
10th wedding anniversary gifts for her,50,high,100,2,gift_anniversary,MEDIUM
10th wedding anniversary gifts for him,50,high,93,2,gift_anniversary,MEDIUM
10th wedding anniversary photoshoot ideas,50,medium,34,2,gift_anniversary,MEDIUM
11 year anniversary gift ideas for her,50,high,100,2,gift_anniversary,MEDIUM
11 year anniversary gift modern,50,high,82,2,gift_anniversary,MEDIUM
11 year anniversary ideas,50,high,100,3,other,MEDIUM
11 year wedding anniversary gift for him,50,medium,36,2,gift_anniversary,MEDIUM
11th anniversary gift modern,50,high,85,2,gift_anniversary,MEDIUM
11th anniversary gift traditional and modern,50,high,100,2,gift_anniversary,MEDIUM
11th wedding anniversary gift for wife,50,high,100,2,gift_anniversary,MEDIUM
11th wedding anniversary gift traditional and modern,50,high,100,2,gift_anniversary,MEDIUM
11th wedding anniversary gifts for him,50,high,100,2,gift_anniversary,MEDIUM
11yr anniversary gift,50,high,100,2,gift_anniversary,MEDIUM
12 th wedding anniversary,50,high,76,2,gift_anniversary,MEDIUM
12 year anniversary gift for her,50,high,100,2,gift_anniversary,MEDIUM
12 year anniversary gift modern,50,high,90,2,gift_anniversary,MEDIUM
12 year anniversary ideas,50,high,100,3,other,MEDIUM
12 year marriage anniversary gift,50,high,100,2,gift_anniversary,MEDIUM
12 year wedding anniversary gift ideas,50,high,96,2,gift_anniversary,MEDIUM
12 year wedding anniversary gifts for him,50,high,96,2,gift_anniversary,MEDIUM
12 years of marriage gift,50,high,100,3,gift_other,MEDIUM
12th anniversary gift for husband,50,high,100,2,gift_anniversary,MEDIUM
12th anniversary gift for wife,50,high,100,2,gift_anniversary,MEDIUM
12th anniversary ideas,50,high,100,3,other,MEDIUM
12th anniversary ideas for wife,50,low,20,3,other,MEDIUM
12th wedding anniversary gift for husband,50,high,100,2,gift_anniversary,MEDIUM
13 year anniversary gift for her,50,high,100,2,gift_anniversary,MEDIUM
13 year anniversary gift for husband,50,high,100,2,gift_anniversary,MEDIUM
13 year anniversary gift ideas for wife,50,high,100,2,gift_anniversary,MEDIUM
13 year anniversary gift modern,50,high,99,2,gift_anniversary,MEDIUM
13 year wedding anniversary gift for him,50,high,100,2,gift_anniversary,MEDIUM
13 year wedding anniversary gift for wife,50,high,100,2,gift_anniversary,MEDIUM
13th anniversary gift for her,50,high,100,2,gift_anniversary,MEDIUM
13th anniversary gift for husband,50,high,100,2,gift_anniversary,MEDIUM
13th anniversary gift ideas,50,high,100,2,gift_anniversary,MEDIUM
13th anniversary gift modern,50,medium,57,2,gift_anniversary,MEDIUM
13th anniversary ideas,50,high,100,3,other,MEDIUM
13th wedding anniversary gift for couple,50,medium,50,2,gift_anniversary,MEDIUM
13th wedding anniversary gift ideas,50,high,100,2,gift_anniversary,MEDIUM
13yr anniversary gift,50,high,100,2,gift_anniversary,MEDIUM
14 year anniversary gift for husband,50,high,100,2,gift_anniversary,MEDIUM
14 year anniversary gift modern,50,high,100,2,gift_anniversary,MEDIUM
14 year traditional anniversary gift,50,high,100,2,gift_anniversary,MEDIUM
14 year wedding anniversary gift modern,50,high,100,2,gift_anniversary,MEDIUM
14 years of marriage gift,50,high,98,3,gift_other,MEDIUM
14th anniversary gift modern,50,high,100,2,gift_anniversary,MEDIUM
14th wedding anniversary gift ideas,50,high,86,2,gift_anniversary,MEDIUM
14th wedding anniversary gift modern,50,high,100,2,gift_anniversary,MEDIUM
14yr anniversary gift,50,high,91,2,gift_anniversary,MEDIUM
15 oz photo mug,50,high,100,3,physical_products,MEDIUM
15 year anniversary gift for friends,50,high,100,2,gift_anniversary,MEDIUM
15 year anniversary gift for my husband,50,low,0,2,gift_anniversary,MEDIUM
15 year anniversary gift for woman,50,high,100,2,gift_anniversary,MEDIUM
15 year anniversary gift modern,50,high,100,2,gift_anniversary,MEDIUM
15 year wedding anniversary gift for her,50,high,100,2,gift_anniversary,MEDIUM
15 year wedding anniversary gift for him,50,high,100,2,gift_anniversary,MEDIUM
15 year wedding gift,50,high,100,3,gift_other,MEDIUM
15oz personalised mug,50,high,100,3,other,HIGH
15th anniversary gift modern,50,high,98,2,gift_anniversary,MEDIUM
15th wedding anniversary gift for husband,50,high,100,2,gift_anniversary,MEDIUM
15th wedding anniversary gift husband,50,high,100,2,gift_anniversary,MEDIUM
15th wedding anniversary gifts for couples,50,high,86,2,gift_anniversary,MEDIUM
15yr wedding anniversary gift,50,high,100,2,gift_anniversary,MEDIUM
16 year anniversary gift for husband,50,high,100,2,gift_anniversary,MEDIUM
16 year wedding anniversary gift for him,50,high,100,2,gift_anniversary,MEDIUM
16 year wedding anniversary gift for husband,50,high,100,2,gift_anniversary,MEDIUM
16 year wedding anniversary gift for wife,50,high,99,2,gift_anniversary,MEDIUM
16 years of marriage gift,50,high,100,3,gift_other,MEDIUM
16th anniversary gift for wife,50,high,100,2,gift_anniversary,MEDIUM
16th wedding anniversary gift for my husband,50,high,100,2,gift_anniversary,MEDIUM
17 year anniversary gift for her,50,high,100,2,gift_anniversary,MEDIUM
17 year anniversary gift for husband,50,high,100,2,gift_anniversary,MEDIUM
17 year wedding anniversary gift for husband,50,high,100,2,gift_anniversary,MEDIUM
17 year wedding anniversary gift for wife,50,high,100,2,gift_anniversary,MEDIUM
17th anniversary gift for wife,50,high,100,2,gift_anniversary,MEDIUM
17th wedding anniversary gifts for her,50,high,100,2,gift_anniversary,MEDIUM
17yr anniversary gift,50,high,96,2,gift_anniversary,MEDIUM
18 year anniversary gift for wife,50,high,100,2,gift_anniversary,MEDIUM
18 year anniversary gift modern,50,high,89,2,gift_anniversary,MEDIUM
18 year anniversary gift porcelain,50,high,100,2,gift_anniversary,MEDIUM
18 year wedding anniversary gift for wife,50,high,100,2,gift_anniversary,MEDIUM
18th anniversary gift for him,50,high,100,2,gift_anniversary,MEDIUM
18th anniversary gift for man,50,high,100,2,gift_anniversary,MEDIUM
18th anniversary gift ideas,50,high,100,2,gift_anniversary,MEDIUM
18th anniversary gift modern,50,medium,63,2,gift_anniversary,MEDIUM
18th wedding anniversary gift ideas,50,high,100,2,gift_anniversary,MEDIUM
18th wedding anniversary gifts for her,50,high,100,2,gift_anniversary,MEDIUM
18th wedding anniversary gifts traditional and modern,50,high,100,2,gift_anniversary,MEDIUM
18th wedding anniversary porcelain gifts,50,high,100,2,gift_anniversary,MEDIUM
19 year anniversary gift for her,50,high,100,2,gift_anniversary,MEDIUM
19 year anniversary gift modern,50,high,92,2,gift_anniversary,MEDIUM
19th anniversary gift for her,50,high,100,2,gift_anniversary,MEDIUM
19th anniversary gift ideas,50,high,100,2,gift_anniversary,MEDIUM
19th anniversary gift modern,50,high,86,2,gift_anniversary,MEDIUM
19th wedding anniversary gift for her,50,high,100,2,gift_anniversary,MEDIUM
19th wedding anniversary gift for him,50,high,100,2,gift_anniversary,MEDIUM
1st anniversary celebration ideas,50,high,99,3,other,MEDIUM
1st anniversary gift for brother and sister in law,50,high,100,2,gift_anniversary,MEDIUM
1st anniversary gift for daughter and husband,50,high,100,2,gift_anniversary,MEDIUM
1st anniversary gift ideas for husband,50,high,100,2,gift_anniversary,MEDIUM
1st anniversary gift ideas for wife,50,high,100,2,gift_anniversary,MEDIUM
1st anniversary ideas for couples,50,high,100,3,other,MEDIUM
1st anniversary ideas for husband,50,high,90,3,other,MEDIUM
1st anniversary ideas for wife,50,high,100,3,other,MEDIUM
1st anniversary surprise for husband,50,high,100,3,other,MEDIUM
1st father's day picture frames,50,low,0,2,gift_fathers,MEDIUM
1st fathers day frame,50,high,100,2,gift_fathers,MEDIUM
1st marriage anniversary gift for husband,50,high,100,2,gift_anniversary,MEDIUM
1st marriage anniversary gift for wife,50,high,100,2,gift_anniversary,MEDIUM
1st marriage anniversary gifts,50,high,100,2,gift_anniversary,MEDIUM
1st wedding anniversary celebration ideas,50,high,88,2,gift_anniversary,MEDIUM
1st wedding anniversary gift for couple,50,high,100,2,gift_anniversary,MEDIUM
1st wedding anniversary gift for friend,50,high,100,2,gift_anniversary,MEDIUM
1st wedding anniversary gift from parents,50,high,100,2,gift_anniversary,MEDIUM
1st wedding anniversary gift paper,50,high,100,2,gift_anniversary,MEDIUM
1st wedding anniversary ideas for husband,50,high,100,2,gift_anniversary,MEDIUM
1st wedding anniversary paper gift ideas,50,high,100,2,gift_anniversary,MEDIUM
1st wedding anniversary present for husband,50,high,100,2,gift_anniversary,MEDIUM
1st year wedding anniversary gift for him,50,high,100,2,gift_anniversary,MEDIUM
1st year wedding anniversary gift for husband,50,high,97,2,gift_anniversary,MEDIUM
1st year wedding anniversary ideas,50,high,100,2,gift_anniversary,MEDIUM
2 wedding anniversary gift,50,high,100,2,gift_anniversary,MEDIUM
2 year anniversary gift for husband,50,high,100,2,gift_anniversary,MEDIUM
2 year anniversary gift ideas for him,50,high,100,2,gift_anniversary,MEDIUM
2 year anniversary ideas for him,50,high,75,3,other,MEDIUM
20 th wedding anniversary,50,high,77,2,gift_anniversary,MEDIUM
20 year anniversary celebration ideas,50,high,85,3,other,MEDIUM
20 year anniversary gift for couple,50,high,100,2,gift_anniversary,MEDIUM
20 year anniversary gift for friends,50,high,100,2,gift_anniversary,MEDIUM
20 year anniversary gift for her,50,high,92,2,gift_anniversary,MEDIUM
20 year anniversary gift for him platinum,50,medium,50,2,gift_anniversary,MEDIUM
20 year anniversary gift for parents,50,high,100,2,gift_anniversary,MEDIUM
20 year anniversary gift for wife platinum,50,high,100,2,gift_anniversary,MEDIUM
20 year anniversary gift modern,50,high,100,2,gift_anniversary,MEDIUM
20 year wedding anniversary gift for him,50,high,100,2,gift_anniversary,MEDIUM
20 year wedding anniversary ideas,50,high,100,2,gift_anniversary,MEDIUM
20 years married gift,50,high,100,2,gift_anniversary,MEDIUM
20 years of marriage gift,50,high,100,3,gift_other,MEDIUM
20 years together gifts,50,high,100,3,gift_other,MEDIUM
20th anniversary gift for couple,50,high,100,2,gift_anniversary,MEDIUM
20th anniversary gift for parents,50,high,100,2,gift_anniversary,MEDIUM
20th anniversary gift ideas for a couple,50,high,100,2,gift_anniversary,MEDIUM
20th anniversary gift ideas for him,50,high,100,2,gift_anniversary,MEDIUM
20th anniversary ideas for husband,50,high,100,3,other,MEDIUM
20th wedding anniversary celebration ideas,50,high,86,2,gift_anniversary,MEDIUM
20th wedding anniversary gift for couple,50,high,100,2,gift_anniversary,MEDIUM
20th wedding gift,50,high,100,3,gift_other,MEDIUM
21 year anniversary gift for her,50,high,100,2,gift_anniversary,MEDIUM
21 year anniversary gift for him,50,high,100,2,gift_anniversary,MEDIUM
21 year anniversary gift modern,50,low,0,2,gift_anniversary,MEDIUM
21 year anniversary gift traditional,50,high,98,2,gift_anniversary,MEDIUM
21st anniversary gift for husband,50,high,100,2,gift_anniversary,MEDIUM
21st anniversary gift ideas,50,high,100,2,gift_anniversary,MEDIUM
21st wedding anniversary gift for him,50,high,100,2,gift_anniversary,MEDIUM
21st wedding anniversary gift for wife,50,high,100,2,gift_anniversary,MEDIUM
21st wedding anniversary gifts for husband,50,high,100,2,gift_anniversary,MEDIUM
22 anniversary gift for wife,50,high,95,2,gift_anniversary,MEDIUM
22 year anniversary gift for him,50,high,100,2,gift_anniversary,MEDIUM
22 year anniversary gift modern,50,high,81,2,gift_anniversary,MEDIUM
22 year anniversary gift traditional,50,high,97,2,gift_anniversary,MEDIUM
22 years of marriage,50,high,90,3,other,MEDIUM
22nd anniversary gift for him,50,high,91,2,gift_anniversary,MEDIUM
22nd anniversary gift for husband,50,high,100,2,gift_anniversary,MEDIUM
22nd anniversary gifts traditional and modern,50,high,100,2,gift_anniversary,MEDIUM
22nd wedding anniversary gift for her,50,high,100,2,gift_anniversary,MEDIUM
22nd wedding anniversary gifts for him,50,high,100,2,gift_anniversary,MEDIUM
22nd wedding anniversary traditional gift,50,high,100,2,gift_anniversary,MEDIUM
23 anniversary gift ideas,50,high,100,2,gift_anniversary,MEDIUM
23 year anniversary gift for her,50,high,100,2,gift_anniversary,MEDIUM
23 year anniversary gift for him,50,high,100,2,gift_anniversary,MEDIUM
23 year anniversary gift for husband,50,high,100,2,gift_anniversary,MEDIUM
23 year anniversary gift traditional,50,high,100,2,gift_anniversary,MEDIUM
23rd anniversary gift for her,50,high,100,2,gift_anniversary,MEDIUM
23rd wedding anniversary gift for him,50,high,100,2,gift_anniversary,MEDIUM
23rd wedding anniversary gifts for wife,50,high,100,2,gift_anniversary,MEDIUM
23rd wedding anniversary modern gift,50,low,0,2,gift_anniversary,MEDIUM
24 wedding anniversary gift ideas,50,high,100,2,gift_anniversary,MEDIUM
24 year anniversary gift for husband,50,high,100,2,gift_anniversary,MEDIUM
24 year anniversary gift for wife,50,high,100,2,gift_anniversary,MEDIUM
24 year anniversary gifts for her,50,high,100,2,gift_anniversary,MEDIUM
24 year anniversary gifts for him,50,high,100,2,gift_anniversary,MEDIUM
24 year anniversary traditional gift,50,high,92,3,gift_other,MEDIUM
24th anniversary gift for her,50,high,100,2,gift_anniversary,MEDIUM
24th anniversary gift for husband,50,high,100,2,gift_anniversary,MEDIUM
24th wedding anniversary modern gift,50,high,100,2,gift_anniversary,MEDIUM
25 gifts for 25th anniversary,50,medium,57,3,gift_other,MEDIUM
25 year anniversary gift for couple,50,high,100,2,gift_anniversary,MEDIUM
25 year marriage anniversary gift,50,high,100,2,gift_anniversary,MEDIUM
25 year wedding anniversary gift ideas,50,high,100,2,gift_anniversary,MEDIUM
25 year wedding anniversary traditional gift,50,high,100,2,gift_anniversary,MEDIUM
25 years of marriage gift,50,high,100,3,gift_other,MEDIUM
25th anniversary celebration ideas for parents,50,low,14,3,other,MEDIUM
25th anniversary for husband,50,high,100,3,other,MEDIUM
25th anniversary gift for mom dad,50,low,14,2,gift_anniversary,MEDIUM
25th anniversary gift for sister and brother in law,50,high,100,2,gift_anniversary,MEDIUM
25th anniversary gift ideas for couples,50,high,100,2,gift_anniversary,MEDIUM
25th anniversary gift ideas for friends,50,high,100,2,gift_anniversary,MEDIUM
25th anniversary gift ideas for husband,50,high,100,2,gift_anniversary,MEDIUM
25th anniversary gift ideas for wife,50,high,100,2,gift_anniversary,MEDIUM
25th anniversary gifts for him amazon,50,high,100,2,gift_anniversary,MEDIUM
25th anniversary ideas for couples,50,high,100,3,other,MEDIUM
25th anniversary ideas for husband,50,high,100,3,other,MEDIUM
25th anniversary ideas for parents,50,high,96,3,other,MEDIUM
25th anniversary ideas for wife,50,high,100,3,other,MEDIUM
25th anniversary invitation card ideas,50,low,0,3,other,MEDIUM
25th anniversary surprise party ideas,50,low,0,3,other,MEDIUM
25th marriage anniversary gift ideas,50,high,100,2,gift_anniversary,MEDIUM
25th wedding anniversary celebration ideas,50,high,100,2,gift_anniversary,MEDIUM
25th wedding anniversary for parents,50,high,100,2,gift_anniversary,MEDIUM
25th wedding anniversary gift ideas for couples,50,high,100,2,gift_anniversary,MEDIUM
25th wedding anniversary gift ideas for parents,50,medium,50,2,gift_anniversary,MEDIUM
25th wedding anniversary ideas for couple,50,high,100,2,gift_anniversary,MEDIUM
25th wedding anniversary ideas for parents,50,high,100,2,gift_anniversary,MEDIUM
25th wedding gift,50,high,100,3,gift_other,MEDIUM
25yr anniversary gift,50,high,100,2,gift_anniversary,MEDIUM
26 year anniversary gift for him,50,high,100,2,gift_anniversary,MEDIUM
26 year anniversary gift for wife,50,high,100,2,gift_anniversary,MEDIUM
26 year anniversary traditional gift,50,high,93,3,gift_other,MEDIUM
26 year wedding anniversary gift for husband,50,high,100,2,gift_anniversary,MEDIUM
26 year wedding anniversary gift for wife,50,high,100,2,gift_anniversary,MEDIUM
26th anniversary gift for wife,50,high,100,2,gift_anniversary,MEDIUM
26th wedding anniversary gift for husband,50,high,100,2,gift_anniversary,MEDIUM
26th wedding anniversary gift for wife,50,high,100,2,gift_anniversary,MEDIUM
27 year anniversary gift for him,50,high,100,2,gift_anniversary,MEDIUM
27 year anniversary gift for husband,50,high,100,2,gift_anniversary,MEDIUM
27 year anniversary gift for wife,50,high,100,2,gift_anniversary,MEDIUM
27 year anniversary traditional gift,50,high,100,3,gift_other,MEDIUM
27th anniversary gift for husband,50,high,100,2,gift_anniversary,MEDIUM
27th anniversary gift for wife,50,high,100,2,gift_anniversary,MEDIUM
27th wedding anniversary gift for husband,50,high,100,2,gift_anniversary,MEDIUM
27th wedding anniversary gift for wife,50,high,100,2,gift_anniversary,MEDIUM
28 year anniversary gift for him,50,high,100,2,gift_anniversary,MEDIUM
28 year anniversary gift for husband,50,high,100,2,gift_anniversary,MEDIUM
28 year anniversary gift traditional,50,high,100,2,gift_anniversary,MEDIUM
28th anniversary gift for wife,50,high,98,2,gift_anniversary,MEDIUM
28th wedding anniversary gift for her,50,medium,50,2,gift_anniversary,MEDIUM
28th wedding anniversary gift for him,50,high,100,2,gift_anniversary,MEDIUM
28th wedding anniversary gift ideas,50,high,100,2,gift_anniversary,MEDIUM
28th wedding anniversary traditional gift,50,high,97,2,gift_anniversary,MEDIUM
29 year anniversary gift for husband,50,high,100,2,gift_anniversary,MEDIUM
29 year anniversary gift for wife,50,high,100,2,gift_anniversary,MEDIUM
29 year wedding anniversary gift,50,high,100,2,gift_anniversary,MEDIUM
29th anniversary gift for wife,50,high,100,2,gift_anniversary,MEDIUM
29th wedding anniversary gift for husband,50,high,100,2,gift_anniversary,MEDIUM
2nd anniversary for husband,50,high,100,3,other,MEDIUM
2nd anniversary gift for girlfriend,50,high,100,2,gift_anniversary,MEDIUM
2nd anniversary gift ideas for husband,50,high,100,2,gift_anniversary,MEDIUM
2nd anniversary gift ideas for wife,50,high,100,2,gift_anniversary,MEDIUM
2nd anniversary gift modern,50,high,90,2,gift_anniversary,MEDIUM
2nd anniversary gift traditional and modern,50,high,100,2,gift_anniversary,MEDIUM
2nd wedding anniversary gifts for her,50,medium,43,2,gift_anniversary,MEDIUM
2nd wedding anniversary gifts for him,50,high,100,2,gift_anniversary,MEDIUM
2nd wedding anniversary gifts modern,50,high,100,2,gift_anniversary,MEDIUM
2nd wedding anniversary ideas,50,high,100,2,gift_anniversary,MEDIUM
2nd year anniversary gift for husband,50,high,100,2,gift_anniversary,MEDIUM
2nd year of marriage gift,50,high,96,3,gift_other,MEDIUM
3 inch 8mm film reels,50,high,100,2,vhs_legacy,MEDIUM
3 wedding anniversary gift,50,high,99,2,gift_anniversary,MEDIUM
3 year anniversary gift modern,50,medium,43,2,gift_anniversary,MEDIUM
3 year wedding anniversary gift for him,50,high,100,2,gift_anniversary,MEDIUM
3 years married gift,50,high,100,2,gift_anniversary,MEDIUM
30 years married gift,50,high,100,2,gift_anniversary,MEDIUM
30th anniversary gift for couple,50,high,100,2,gift_anniversary,MEDIUM
30th anniversary gift for friends,50,high,100,2,gift_anniversary,MEDIUM
30th anniversary gift for men,50,high,100,2,gift_anniversary,MEDIUM
30th anniversary gift ideas for friends,50,high,97,2,gift_anniversary,MEDIUM
30th anniversary gifts for him,50,high,100,2,gift_anniversary,MEDIUM
30th anniversary ideas for parents,50,high,100,3,other,MEDIUM
30th wedding anniversary celebration ideas,50,high,100,2,gift_anniversary,MEDIUM
30th wedding anniversary gifts for her,50,high,100,2,gift_anniversary,MEDIUM
30th wedding anniversary modern,50,high,100,2,gift_anniversary,MEDIUM
30th wedding anniversary presents,50,high,100,2,gift_anniversary,MEDIUM
30yr anniversary gift,50,high,100,2,gift_anniversary,MEDIUM
31 year wedding anniversary gift,50,high,100,2,gift_anniversary,MEDIUM
31st anniversary gift for wife,50,high,100,2,gift_anniversary,MEDIUM
32 year anniversary gift for husband,50,high,100,2,gift_anniversary,MEDIUM
32 year anniversary gift for parents,50,high,100,2,gift_anniversary,MEDIUM
32 year anniversary gift for wife,50,high,100,2,gift_anniversary,MEDIUM
32nd anniversary gift for her,50,high,100,2,gift_anniversary,MEDIUM
32nd wedding anniversary gift for wife,50,high,100,2,gift_anniversary,MEDIUM
32nd wedding anniversary gifts for husband,50,high,97,2,gift_anniversary,MEDIUM
32nd wedding anniversary gifts for wife,50,high,100,2,gift_anniversary,MEDIUM
33 year anniversary gift for wife,50,high,100,2,gift_anniversary,MEDIUM
33 year anniversary traditional gift,50,high,79,3,gift_other,MEDIUM
33 year wedding anniversary gift,50,high,100,2,gift_anniversary,MEDIUM
33 year wedding anniversary gift for wife,50,high,100,2,gift_anniversary,MEDIUM
33 year wedding anniversary traditional gift,50,high,100,2,gift_anniversary,MEDIUM
33rd anniversary gift for wife,50,high,100,2,gift_anniversary,MEDIUM
33rd wedding anniversary gift ideas,50,high,100,2,gift_anniversary,MEDIUM
33rd wedding anniversary traditional gift,50,high,100,2,gift_anniversary,MEDIUM
34 wedding anniversary gift,50,high,100,2,gift_anniversary,MEDIUM
34 year anniversary gift for husband,50,high,100,2,gift_anniversary,MEDIUM
34 year anniversary gift for wife,50,high,100,2,gift_anniversary,MEDIUM
34 year wedding anniversary gift,50,high,100,2,gift_anniversary,MEDIUM
34 year wedding anniversary traditional gift,50,high,100,2,gift_anniversary,MEDIUM
34th anniversary gift for him,50,high,100,2,gift_anniversary,MEDIUM
34th wedding anniversary traditional gift,50,high,95,2,gift_anniversary,MEDIUM
35 year anniversary gift for parents,50,high,100,2,gift_anniversary,MEDIUM
35th anniversary gift for husband,50,high,100,2,gift_anniversary,MEDIUM
35th anniversary gift for parents,50,high,100,2,gift_anniversary,MEDIUM
35th anniversary gift for wife,50,high,100,2,gift_anniversary,MEDIUM
35th wedding anniversary gift for parents,50,high,100,2,gift_anniversary,MEDIUM
35th wedding anniversary gift ideas,50,high,100,2,gift_anniversary,MEDIUM
36 year anniversary gift for wife,50,high,100,2,gift_anniversary,MEDIUM
36 year wedding anniversary gift,50,high,100,2,gift_anniversary,MEDIUM
36th wedding anniversary gift for wife,50,high,100,2,gift_anniversary,MEDIUM
36th wedding anniversary traditional gift,50,high,100,2,gift_anniversary,MEDIUM
37 year anniversary gift for wife,50,high,100,2,gift_anniversary,MEDIUM
37 year anniversary traditional gift,50,high,90,3,gift_other,MEDIUM
37 year wedding anniversary gift,50,high,100,2,gift_anniversary,MEDIUM
37th anniversary gift traditional,50,high,96,2,gift_anniversary,MEDIUM
37th wedding anniversary traditional gift,50,high,99,2,gift_anniversary,MEDIUM
38 year anniversary traditional gift,50,high,86,3,gift_other,MEDIUM
38th anniversary traditional gift,50,high,99,3,gift_other,MEDIUM
38th wedding anniversary gift for wife,50,high,100,2,gift_anniversary,MEDIUM
39 year anniversary gift for wife,50,high,100,2,gift_anniversary,MEDIUM
39th anniversary gift traditional,50,high,100,2,gift_anniversary,MEDIUM
39th wedding anniversary gift for wife,50,high,100,2,gift_anniversary,MEDIUM
3d crystal heart photo,50,high,100,3,other,MEDIUM
3d crystal memorial,50,high,100,3,other,MEDIUM
3d crystal pictures near me,50,high,100,3,other,HIGH
3d crystal printing near me,50,high,100,3,other,HIGH
3d engraved picture,50,high,100,3,other,MEDIUM
3d glass picture cube near me,50,high,100,3,other,HIGH
3d glass picture near me,50,high,100,3,other,HIGH
3d laser engraved crystal cube,50,high,100,3,other,MEDIUM
3d laser photo engraving crystal,50,high,100,3,other,MEDIUM
3d photo crystal cube near me,50,high,100,3,other,HIGH
3d photo crystal engraving near me,50,high,100,3,other,HIGH
3d photo engraved crystal,50,high,100,3,other,MEDIUM
3d photo slideshow maker online free,50,low,0,1,direct_service,LOW
3rd anniversary gift ideas for husband,50,high,100,2,gift_anniversary,MEDIUM
3rd anniversary gift ideas for wife,50,high,100,2,gift_anniversary,MEDIUM
3rd anniversary gift modern,50,high,100,2,gift_anniversary,MEDIUM
3rd anniversary gift traditional and modern,50,high,100,2,gift_anniversary,MEDIUM
3rd anniversary ideas,50,high,100,3,other,MEDIUM
3rd wedding anniversary for wife,50,high,100,2,gift_anniversary,MEDIUM
3rd wedding anniversary gift for husband,50,high,100,2,gift_anniversary,MEDIUM
3rd wedding anniversary gift ideas,50,high,100,2,gift_anniversary,MEDIUM
3rd wedding anniversary gifts for her,50,high,100,2,gift_anniversary,MEDIUM
3rd wedding anniversary gifts traditional and modern,50,high,100,2,gift_anniversary,MEDIUM
3rd wedding anniversary ideas,50,high,100,2,gift_anniversary,MEDIUM
3rd wedding anniversary modern,50,high,100,2,gift_anniversary,MEDIUM
3rd year wedding anniversary gift for him,50,high,100,2,gift_anniversary,MEDIUM
3yr wedding anniversary gift,50,high,100,2,gift_anniversary,MEDIUM
4 anniversary gift,50,high,95,2,gift_anniversary,MEDIUM
4 year anniversary gift for girlfriend,50,high,100,2,gift_anniversary,MEDIUM
4 year wedding anniversary gift for her,50,high,100,2,gift_anniversary,MEDIUM
4 year wedding anniversary gift for him,50,high,97,2,gift_anniversary,MEDIUM
4 year wedding anniversary ideas,50,high,100,2,gift_anniversary,MEDIUM
4 year wedding gift,50,high,94,3,gift_other,MEDIUM
4 years married anniversary gift,50,high,79,2,gift_anniversary,MEDIUM
40 year wedding anniversary gift for parents,50,high,100,2,gift_anniversary,MEDIUM
40 years married gift,50,high,100,2,gift_anniversary,MEDIUM
40 years of marriage gift,50,high,100,3,gift_other,MEDIUM
40th anniversary celebration ideas for parents,50,high,100,3,other,MEDIUM
40th anniversary gift for couple,50,high,100,2,gift_anniversary,MEDIUM
40th anniversary ideas for parents,50,high,100,3,other,MEDIUM
40th wedding anniversary celebration ideas,50,low,0,2,gift_anniversary,MEDIUM
40th wedding anniversary for husband,50,high,100,2,gift_anniversary,MEDIUM
40th wedding anniversary gift ideas for couples,50,high,84,2,gift_anniversary,MEDIUM
40th wedding anniversary gifts amazon,50,low,14,2,gift_anniversary,MEDIUM
40th wedding anniversary gifts for couples,50,high,100,2,gift_anniversary,MEDIUM
40th wedding anniversary ideas for parents,50,high,100,2,gift_anniversary,MEDIUM
40th wedding anniversary presents,50,high,100,2,gift_anniversary,MEDIUM
40th wedding anniversary traditional gift,50,high,100,2,gift_anniversary,MEDIUM
40th wedding gift,50,high,100,3,gift_other,MEDIUM
44th wedding anniversary gift for wife,50,high,100,2,gift_anniversary,MEDIUM
45 year anniversary gift for parents,50,high,100,2,gift_anniversary,MEDIUM
45th anniversary gift for husband,50,high,92,2,gift_anniversary,MEDIUM
45th anniversary gift ideas for couples,50,high,100,2,gift_anniversary,MEDIUM
45th anniversary traditional gift,50,high,100,3,gift_other,MEDIUM
45th wedding anniversary gift for husband,50,high,100,2,gift_anniversary,MEDIUM
45th wedding anniversary gift for wife,50,high,100,2,gift_anniversary,MEDIUM
45th wedding anniversary gift ideas,50,high,100,2,gift_anniversary,MEDIUM
46 year anniversary gift,50,high,99,2,gift_anniversary,MEDIUM
47 year anniversary gift,50,high,100,2,gift_anniversary,MEDIUM
48 year wedding anniversary,50,high,98,2,gift_anniversary,MEDIUM
49 year anniversary gift,50,high,100,2,gift_anniversary,MEDIUM
4th anniversary gift ideas for him,50,high,100,2,gift_anniversary,MEDIUM
4th anniversary gifts for men,50,high,100,2,gift_anniversary,MEDIUM
4th anniversary ideas,50,high,100,3,other,MEDIUM
4th anniversary traditional,50,medium,66,3,other,MEDIUM
4th wedding anniversary gift for husband,50,high,100,2,gift_anniversary,MEDIUM
4th wedding anniversary gifts for wife,50,high,100,2,gift_anniversary,MEDIUM
4th year wedding anniversary gift for him,50,high,97,2,gift_anniversary,MEDIUM
5 wedding anniversary gifts,50,high,100,2,gift_anniversary,MEDIUM
5 year anniversary celebration ideas,50,medium,54,3,other,MEDIUM
5 year anniversary gift for couple,50,high,100,2,gift_anniversary,MEDIUM
5 year anniversary gift for girlfriend,50,high,100,2,gift_anniversary,MEDIUM
5 year anniversary gift ideas for her,50,high,100,2,gift_anniversary,MEDIUM
5 year anniversary gift ideas for him,50,high,100,2,gift_anniversary,MEDIUM
5 year anniversary gift ideas for wife,50,high,100,2,gift_anniversary,MEDIUM
5 year anniversary ideas for him,50,high,83,3,other,MEDIUM
5 year dating anniversary gift,50,high,100,2,gift_anniversary,MEDIUM
5 year marriage gift,50,high,100,3,gift_other,MEDIUM
5 year wedding,50,medium,37,3,other,MEDIUM
5 year wedding anniversary gift for her,50,high,100,2,gift_anniversary,MEDIUM
5 year wedding anniversary gift traditional and modern,50,high,100,2,gift_anniversary,MEDIUM
5 years married gift,50,high,100,2,gift_anniversary,MEDIUM
50 year anniversary gift for wife,50,high,100,2,gift_anniversary,MEDIUM
50 year anniversary gift ideas for parents,50,high,100,2,gift_anniversary,MEDIUM
50 year anniversary ideas for parents,50,high,100,3,other,MEDIUM
50 year marriage anniversary gift,50,high,100,2,gift_anniversary,MEDIUM
50 year wedding anniversary gift for parents,50,high,100,2,gift_anniversary,MEDIUM
50 years of marriage gift,50,high,100,3,gift_other,MEDIUM
50 years wedding anniversary gift ideas,50,high,100,2,gift_anniversary,MEDIUM
50th anniversary celebration ideas for parents,50,high,100,3,other,MEDIUM
50th anniversary flowers for parents,50,high,100,3,other,MEDIUM
50th anniversary gift ideas for friends,50,high,100,2,gift_anniversary,MEDIUM
50th anniversary gift ideas for indian couple,50,high,100,2,gift_anniversary,MEDIUM
50th anniversary gift ideas for indian parents,50,high,100,2,gift_anniversary,MEDIUM
50th anniversary gift ideas for wife,50,high,100,2,gift_anniversary,MEDIUM
50th anniversary gifts for parents amazon,50,high,100,2,gift_anniversary,MEDIUM
50th anniversary gifts for your parents,50,high,100,2,gift_anniversary,MEDIUM
50th anniversary gifts near me,50,high,100,2,gift_anniversary,HIGH
50th anniversary parents,50,high,100,3,other,MEDIUM
50th anniversary parents gift,50,high,100,3,gift_other,MEDIUM
50th anniversary poem for parents,50,high,97,3,other,MEDIUM
50th anniversary slideshow,50,low,17,1,life_events,MEDIUM
50th marriage anniversary gift ideas,50,high,100,2,gift_anniversary,MEDIUM
50th marriage anniversary gifts for parents,50,high,100,2,gift_anniversary,MEDIUM
50th wedding anniversary celebration ideas,50,high,98,2,gift_anniversary,MEDIUM
50th wedding anniversary celebration ideas for parents,50,low,19,2,gift_anniversary,MEDIUM
50th wedding anniversary gift ideas for couples,50,high,100,2,gift_anniversary,MEDIUM
50th wedding anniversary gift ideas for neighbors,50,high,100,2,gift_anniversary,MEDIUM
50th wedding anniversary gift ideas for parents,50,high,96,2,gift_anniversary,MEDIUM
50th wedding anniversary gift ideas for your parents,50,high,100,2,gift_anniversary,MEDIUM
50th wedding anniversary gifts for a couple,50,high,100,2,gift_anniversary,MEDIUM
50th wedding anniversary gifts for indian parents,50,high,100,2,gift_anniversary,MEDIUM
50th wedding anniversary gifts for mom and dad,50,high,100,2,gift_anniversary,MEDIUM
50th wedding anniversary gifts for mum and dad,50,high,100,2,gift_anniversary,MEDIUM
50th wedding anniversary gifts for your parents,50,high,100,2,gift_anniversary,MEDIUM
50th wedding anniversary ideas for indian parents,50,low,14,2,gift_anniversary,MEDIUM
50th wedding anniversary of my parents,50,high,97,2,gift_anniversary,MEDIUM
50th wedding anniversary poem for parents,50,high,88,2,gift_anniversary,MEDIUM
50th wedding anniversary slideshow,50,high,71,1,life_events,MEDIUM
50th wedding gift for parents,50,high,100,3,gift_other,MEDIUM
51 year anniversary gift,50,high,100,2,gift_anniversary,MEDIUM
52 year anniversary gift,50,high,100,2,gift_anniversary,MEDIUM
52nd wedding anniversary gift,50,high,100,2,gift_anniversary,MEDIUM
53 year anniversary gift,50,high,100,2,gift_anniversary,MEDIUM
55 years wedding anniversary gifts,50,high,100,2,gift_anniversary,MEDIUM
55th anniversary gift for parents,50,high,100,2,gift_anniversary,MEDIUM
55th wedding anniversary color,50,high,100,2,gift_anniversary,MEDIUM
55th wedding anniversary gifts for parents,50,high,100,2,gift_anniversary,MEDIUM
57 year anniversary gift,50,high,100,2,gift_anniversary,MEDIUM
5oth wedding anniversary gifts,50,high,100,2,gift_anniversary,MEDIUM
5th anniversary gift for husband,50,high,100,2,gift_anniversary,MEDIUM
5th anniversary gift ideas for him,50,high,100,2,gift_anniversary,MEDIUM
5th anniversary gift modern,50,high,100,2,gift_anniversary,MEDIUM
5th anniversary gift traditional and modern,50,high,100,2,gift_anniversary,MEDIUM
5th wedding anniversary gift for her,50,high,100,2,gift_anniversary,MEDIUM
5th wedding anniversary gift for him,50,high,100,2,gift_anniversary,MEDIUM
5th wedding anniversary gift for wife,50,high,100,2,gift_anniversary,MEDIUM
5th wedding anniversary ideas,50,high,100,2,gift_anniversary,MEDIUM
5yr anniversary gift for her,50,high,100,2,gift_anniversary,MEDIUM
5yr anniversary gift for him,50,high,100,2,gift_anniversary,MEDIUM
5yr wedding anniversary gift,50,high,100,2,gift_anniversary,MEDIUM
6 year anniversary gift for boyfriend,50,high,100,2,gift_anniversary,MEDIUM
6 year anniversary gift for husband,50,high,100,2,gift_anniversary,MEDIUM
6 year anniversary gift iron for him,50,high,100,2,gift_anniversary,MEDIUM
6 year anniversary gift modern,50,high,100,2,gift_anniversary,MEDIUM
6 year anniversary ideas,50,high,100,3,other,MEDIUM
6 year marriage anniversary gift,50,high,100,2,gift_anniversary,MEDIUM
6 year wedding anniversary gift for her,50,high,100,2,gift_anniversary,MEDIUM
6 year wedding anniversary gift for wife,50,high,100,2,gift_anniversary,MEDIUM
6 year wedding anniversary gift traditional and modern,50,high,100,2,gift_anniversary,MEDIUM
6 years married gift,50,high,99,2,gift_anniversary,MEDIUM
60 year anniversary gift for parents,50,high,100,2,gift_anniversary,MEDIUM
60th anniversary gift for grandparents,50,high,100,2,gift_anniversary,MEDIUM
60th anniversary gift ideas for parents,50,high,100,2,gift_anniversary,MEDIUM
60th anniversary ideas for parents,50,high,100,3,other,MEDIUM
60th wedding anniversary celebration ideas for parents,50,medium,43,2,gift_anniversary,MEDIUM
60th wedding anniversary gift for couple,50,high,100,2,gift_anniversary,MEDIUM
60th wedding anniversary gift ideas for parents,50,high,100,2,gift_anniversary,MEDIUM
60th wedding anniversary gifts for grandparents,50,high,100,2,gift_anniversary,MEDIUM
60th wedding anniversary ideas for parents,50,high,100,2,gift_anniversary,MEDIUM
65 year anniversary gift,50,high,100,2,gift_anniversary,MEDIUM
65th anniversary gift for parents,50,high,100,2,gift_anniversary,MEDIUM
65th anniversary gift ideas,50,high,100,2,gift_anniversary,MEDIUM
65th anniversary traditional gift,50,high,100,3,gift_other,MEDIUM
65th wedding anniversary gift for parents,50,high,100,2,gift_anniversary,MEDIUM
65th wedding anniversary gift ideas,50,high,100,2,gift_anniversary,MEDIUM
65th wedding anniversary gift ideas for parents,50,high,100,2,gift_anniversary,MEDIUM
65th wedding anniversary ideas,50,high,100,2,gift_anniversary,MEDIUM
6th anniversary gift for husband,50,high,100,2,gift_anniversary,MEDIUM
6th anniversary gift traditional and modern,50,high,100,2,gift_anniversary,MEDIUM
6th anniversary ideas,50,high,100,3,other,MEDIUM
6th wedding anniversary gift for husband,50,high,100,2,gift_anniversary,MEDIUM
6th wedding anniversary gifts for her,50,high,100,2,gift_anniversary,MEDIUM
6th wedding anniversary gifts for him,50,high,100,2,gift_anniversary,MEDIUM
6th wedding anniversary traditional gift,50,high,90,2,gift_anniversary,MEDIUM
7 year anniversary celebration ideas,50,low,0,3,other,MEDIUM
7 year anniversary gift modern,50,high,100,2,gift_anniversary,MEDIUM
7 year wedding anniversary gift copper,50,high,100,2,gift_anniversary,MEDIUM
7 year wedding anniversary gift for husband,50,high,100,2,gift_anniversary,MEDIUM
7 year wedding anniversary gift for wife,50,high,100,2,gift_anniversary,MEDIUM
7 year wedding anniversary gift traditional and modern,50,high,100,2,gift_anniversary,MEDIUM
7 years married gift,50,high,100,2,gift_anniversary,MEDIUM
70th anniversary gifts for parents,50,high,100,2,gift_anniversary,MEDIUM
70th anniversary gifts traditional,50,high,100,2,gift_anniversary,MEDIUM
70th wedding anniversary ideas,50,high,100,2,gift_anniversary,MEDIUM
75 year anniversary gift,50,high,90,2,gift_anniversary,MEDIUM
7th anniversary gift modern,50,high,100,2,gift_anniversary,MEDIUM
7th anniversary gift traditional and modern,50,high,100,2,gift_anniversary,MEDIUM
7th anniversary ideas,50,high,100,3,other,MEDIUM
7th wedding anniversary gifts for her,50,high,100,2,gift_anniversary,MEDIUM
7th wedding anniversary gifts for him,50,high,100,2,gift_anniversary,MEDIUM
7th wedding anniversary gifts for husband,50,high,100,2,gift_anniversary,MEDIUM
7th wedding anniversary gifts for wife,50,high,100,2,gift_anniversary,MEDIUM
8 mm film conversion,50,high,100,3,other,MEDIUM
8 mm film conversion near me,50,high,77,3,other,HIGH
8 mm film converter,50,high,93,3,other,HIGH
8 mm film to cd,50,high,93,3,other,MEDIUM
8 mm film to digital converter,50,high,100,2,vhs_legacy,HIGH
8 mm film to digital service,50,high,100,2,vhs_legacy,HIGH
8 mm film to dvd conversion,50,high,100,3,other,MEDIUM
8 mm film transfer to dvd,50,high,86,3,other,MEDIUM
8 mm movies to dvd,50,high,100,3,other,MEDIUM
8 mm tape conversion,50,high,94,3,other,MEDIUM
8 mm tapes to dvd,50,high,100,3,other,MEDIUM
8 mm to digital,50,high,100,3,other,MEDIUM
8 mm to digital converter,50,high,99,3,other,HIGH
8 mm to dvd near me,50,high,83,3,other,HIGH
8 mm transfer,50,high,100,3,other,MEDIUM
8 mm transfer to dvd,50,low,31,3,other,MEDIUM
8 mm video cassette converter,50,high,100,3,other,HIGH
8 mm video transfer,50,high,100,3,other,MEDIUM
8 year anniversary gift modern,50,high,100,2,gift_anniversary,MEDIUM
8 year anniversary ideas,50,high,100,3,other,MEDIUM
8 year wedding anniversary gift for him,50,high,98,2,gift_anniversary,MEDIUM
8 year wedding anniversary gift traditional and modern,50,high,100,2,gift_anniversary,MEDIUM
8 years of marriage gift,50,high,100,3,gift_other,MEDIUM
80th birthday gift for grandpa,50,high,100,2,gift_birthday,MEDIUM
80th birthday gift ideas for grandpa,50,high,100,2,gift_birthday,MEDIUM
80th birthday ideas for grandpa,50,medium,50,2,gift_grandparents,MEDIUM
80th birthday party ideas for grandpa,50,high,76,2,gift_grandparents,MEDIUM
8mm & super 8 films digitizer converter,50,high,100,2,vhs_legacy,HIGH
8mm & super 8 reels to digital,50,high,86,2,vhs_legacy,MEDIUM
8mm and super 8 converter,50,high,100,2,vhs_legacy,HIGH
8mm and super 8 film reel converter,50,high,100,2,vhs_legacy,HIGH
8mm cassette to vhs,50,high,100,3,other,MEDIUM
8mm conversion near me,50,high,100,3,other,HIGH
8mm conversion service,50,medium,57,3,other,HIGH
8mm converter to usb,50,high,100,3,other,HIGH
8mm digital tapes,50,high,76,3,other,MEDIUM
8mm digitize,50,high,88,3,other,MEDIUM
8mm digitizing service,50,high,100,3,other,HIGH
8mm dvd conversion,50,high,100,3,other,MEDIUM
8mm dvd transfer,50,low,0,3,other,MEDIUM
8mm film can,50,high,100,2,vhs_legacy,MEDIUM
8mm film conversion costco,50,medium,61,2,vhs_legacy,HIGH
8mm film conversion near me,50,high,77,2,vhs_legacy,HIGH
8mm film digitizing service,50,medium,56,2,vhs_legacy,HIGH
8mm film near me,50,medium,42,2,vhs_legacy,HIGH
8mm film onto dvd,50,high,100,2,vhs_legacy,MEDIUM
8mm film reel converter,50,high,80,2,vhs_legacy,HIGH
8mm film restoration,50,medium,44,2,vhs_legacy,MEDIUM
8mm film restoration near me,50,high,67,2,vhs_legacy,HIGH
8mm film scanning service,50,medium,40,2,vhs_legacy,HIGH
8mm film to,50,high,81,2,vhs_legacy,MEDIUM
8mm film to cd,50,medium,37,2,vhs_legacy,MEDIUM
8mm film to cd converter,50,high,100,2,vhs_legacy,HIGH
8mm film to digital conversion equipment,50,high,100,2,vhs_legacy,MEDIUM
8mm film to digital conversion service,50,high,77,2,vhs_legacy,HIGH
8mm film to digital conversion service near me,50,medium,60,2,vhs_legacy,HIGH
8mm film to digital conversion services near me,50,medium,60,2,vhs_legacy,HIGH
8mm film to digital costco,50,high,94,2,vhs_legacy,HIGH
8mm film to digital transfer equipment,50,high,100,2,vhs_legacy,MEDIUM
8mm film to disc,50,high,98,2,vhs_legacy,MEDIUM
8mm film to dvd transfer service,50,medium,57,2,vhs_legacy,HIGH
8mm film to dvd walgreens,50,low,0,2,vhs_legacy,MEDIUM
8mm film to mp4,50,high,100,2,vhs_legacy,MEDIUM
8mm film to usb,50,high,97,2,vhs_legacy,MEDIUM
8mm film to vhs,50,high,96,2,vhs_legacy,MEDIUM
8mm film to video,50,high,100,2,vhs_legacy,MEDIUM
8mm film to video converter,50,high,100,2,vhs_legacy,HIGH
8mm film transfer equipment,50,low,31,2,vhs_legacy,MEDIUM
8mm film transfer service,50,medium,59,2,vhs_legacy,HIGH
8mm film transfer service near me,50,medium,50,2,vhs_legacy,HIGH
8mm film transfer to digital near me,50,high,74,2,vhs_legacy,HIGH
8mm film video,50,medium,47,2,vhs_legacy,MEDIUM
8mm hi8 converter,50,high,100,2,vhs_legacy,HIGH
8mm home movies to digital,50,high,97,2,vhs_legacy,MEDIUM
8mm home movies to dvd,50,high,80,2,vhs_legacy,MEDIUM
8mm home video,50,medium,38,3,other,MEDIUM
8mm mini dv converter,50,high,100,2,vhs_legacy,HIGH
8mm movie conversion service,50,medium,57,3,other,HIGH
8mm movie film to dvd,50,high,100,3,other,MEDIUM
8mm movies to cd,50,medium,37,3,other,MEDIUM
8mm movies to dvd near me,50,high,95,3,other,HIGH
8mm mp tape converter,50,high,100,3,other,HIGH
8mm mp to digital,50,high,100,3,other,MEDIUM
8mm reel converter,50,high,100,3,other,HIGH
8mm reel to digital,50,high,100,3,other,MEDIUM
8mm reel to digital conversion,50,high,98,3,other,MEDIUM
8mm reel to dvd,50,high,93,3,other,MEDIUM
8mm reel to reel transfer to dvd,50,medium,57,3,other,MEDIUM
8mm reels to dvd converter,50,high,100,3,other,HIGH
8mm tape conversion service,50,high,80,3,other,HIGH
8mm tape converter to vhs,50,high,100,3,other,HIGH
8mm tape digital converter,50,high,100,3,other,HIGH
8mm tape restoration,50,medium,33,3,other,MEDIUM
8mm tape to cd,50,high,98,3,other,MEDIUM
8mm tape to computer,50,high,92,3,other,MEDIUM
8mm tape to digital service,50,high,100,3,other,HIGH
8mm tape to digital service near me,50,high,96,3,other,HIGH
8mm tape to dvd near me,50,high,100,3,other,HIGH
8mm tape to usb,50,high,87,3,other,MEDIUM
8mm tape to vhs,50,high,70,3,other,MEDIUM
8mm tape to vhs converter,50,high,100,3,other,HIGH
8mm tape transfer,50,high,84,3,other,MEDIUM
8mm tape vhs,50,high,100,3,other,MEDIUM
8mm tapes to dvd service near me,50,high,100,3,other,HIGH
8mm to cd,50,medium,37,3,other,MEDIUM
8mm to cd conversion,50,high,100,3,other,MEDIUM
8mm to cd near me,50,medium,66,3,other,HIGH
8mm to computer transfer,50,high,93,3,other,MEDIUM
8mm to digital conversion near me,50,high,83,3,other,HIGH
8mm to digital conversion service,50,high,77,3,other,HIGH
8mm to digital converter with sound,50,high,100,3,other,HIGH
8mm to digital costco,50,high,94,3,other,HIGH
8mm to digital near me,50,high,89,3,other,HIGH
8mm to digital service near me,50,high,100,3,other,HIGH
8mm to dvd conversion near me,50,high,71,3,other,HIGH
8mm to dvd conversion service,50,medium,64,3,other,HIGH
8mm to dvd conversions,50,high,100,3,other,MEDIUM
8mm to dvd cost,50,high,100,3,other,HIGH
8mm to dvd equipment,50,high,100,3,other,MEDIUM
8mm to dvd service,50,high,80,3,other,HIGH
8mm to dvd service near me,50,medium,43,3,other,HIGH
8mm to dvd transfer near me,50,high,90,3,other,HIGH
8mm to dvd transfer service,50,medium,57,3,other,HIGH
8mm to dvd walgreens,50,low,0,3,other,MEDIUM
8mm to dvd walmart,50,low,0,3,other,MEDIUM
8mm to mp4,50,high,100,3,other,MEDIUM
8mm to vcr converter,50,high,97,3,other,HIGH
8mm to vhs converter cassette,50,high,100,3,other,HIGH
8mm to vhs transfer,50,high,97,2,vhs_legacy,MEDIUM
8mm to video conversion,50,high,100,3,other,MEDIUM
8mm to video transfer,50,high,100,3,other,MEDIUM
8mm transfer,50,high,100,3,other,MEDIUM
8mm transfer equipment,50,high,100,3,other,MEDIUM
8mm transfer service,50,medium,59,3,other,HIGH
8mm transfer service near me,50,high,94,3,other,HIGH
8mm transfer to digital near me,50,high,100,3,other,HIGH
8mm transfer to dvd near me,50,high,100,3,other,HIGH
8mm vhs tape converter,50,high,100,2,vhs_legacy,HIGH
8mm vhs to digital,50,high,100,2,vhs_legacy,MEDIUM
8mm video cassette converter to vhs,50,high,100,3,other,HIGH
8mm video cassette player converter,50,high,100,3,other,HIGH
8mm video cassette to digital service,50,low,12,3,other,HIGH
8mm video cassette to vhs,50,high,100,3,other,MEDIUM
8mm video conversion near me,50,medium,50,3,other,HIGH
8mm video conversion service,50,high,100,3,other,HIGH
8mm video conversion service near me,50,high,90,3,other,HIGH
8mm video tape converter to digital,50,high,100,2,vhs_legacy,HIGH
8mm video tape transfer,50,medium,60,2,vhs_legacy,MEDIUM
8mm video to digital service,50,high,98,3,other,HIGH
8mm video to usb,50,medium,34,3,other,MEDIUM
8mm video transfer near me,50,high,71,3,other,HIGH
8mm video transfer service,50,high,99,3,other,HIGH
8mm video transfer to dvd,50,high,100,3,other,MEDIUM
8th anniversary gift for husband,50,high,100,2,gift_anniversary,MEDIUM
8th anniversary ideas,50,high,100,3,other,MEDIUM
8th graduation gift ideas,50,high,100,2,gift_graduation,MEDIUM
8th wedding anniversary gift for husband,50,high,100,2,gift_anniversary,MEDIUM
8th wedding anniversary gift ideas,50,high,94,2,gift_anniversary,MEDIUM
8th wedding anniversary gifts for her,50,high,100,2,gift_anniversary,MEDIUM
8th wedding anniversary gifts for wife,50,high,100,2,gift_anniversary,MEDIUM
9 year anniversary gift modern,50,high,100,2,gift_anniversary,MEDIUM
9 year wedding anniversary gift for him,50,high,100,2,gift_anniversary,MEDIUM
9 year wedding anniversary gift traditional and modern,50,high,100,2,gift_anniversary,MEDIUM
9 years of marriage gift,50,high,100,3,gift_other,MEDIUM
9th anniversary gift modern,50,high,100,2,gift_anniversary,MEDIUM
9th wedding anniversary gift for her,50,high,100,2,gift_anniversary,MEDIUM
a gift for a grieving mother,50,high,100,3,gift_other,MEDIUM
a gift for someone grieving,50,high,100,3,gift_other,MEDIUM
a gift for someone who lost their mother,50,high,100,3,gift_other,MEDIUM
a good sympathy gift,50,high,93,2,gift_memorial,MEDIUM
a graduation gift for her,50,high,93,2,gift_graduation,MEDIUM
a picture of a mug,50,high,99,3,other,MEDIUM
a sympathy gift,50,high,88,2,gift_memorial,MEDIUM
acrylic personalised photo,50,low,25,2,gift_personalized,HIGH
add music on a picture,50,medium,57,3,other,MEDIUM
add music to a photo free,50,high,75,3,other,LOW
add music to a slideshow in photos,50,low,30,3,other,MEDIUM
add music to apple photos slideshow,50,low,12,3,other,MEDIUM
add music to mac photos slideshow,50,low,14,3,other,LOW
add music to photo android,50,medium,64,3,other,LOW
add music to photo app free,50,high,81,3,other,LOW
add music to photo free,50,medium,65,3,other,LOW
add music to photo free app,50,high,86,3,other,LOW
add music to photo free online,50,high,86,3,other,LOW
add music to photo in iphone,50,low,24,3,other,LOW
add music to photo ios,50,low,0,3,other,MEDIUM
add music to photo slideshow on mac,50,low,7,1,direct_service,LOW
add music to photo video,50,medium,61,3,other,MEDIUM
add music to photos slideshow mac,50,low,5,3,other,LOW
add music to picture free,50,medium,61,3,other,LOW
add music to picture iphone,50,medium,51,3,other,LOW
add music to picture online free,50,low,12,3,other,LOW
add music to picture slideshow,50,high,78,1,direct_service,MEDIUM
add music to slideshow free,50,low,0,3,other,LOW
add music to slideshow on mac,50,low,13,3,other,LOW
add photo to music online,50,low,7,3,other,LOW
add photo with music online,50,high,79,3,other,LOW
add photos and music to make video online,50,high,87,3,other,LOW
add photos to music,50,low,22,3,other,MEDIUM
add photos to music app,50,high,93,3,other,MEDIUM
add pictures to music,50,low,22,3,other,MEDIUM
add pictures with music,50,high,93,3,other,MEDIUM
add song to photos slideshow,50,medium,34,3,other,MEDIUM
adding music to a picture iphone,50,medium,58,3,other,LOW
adding music to a slide show,50,medium,47,3,other,MEDIUM
adobe photo video maker,50,medium,46,3,other,MEDIUM
adobe slideshow with music,50,medium,47,1,direct_service,MEDIUM
affordable graduation gift ideas,50,high,83,2,gift_graduation,MEDIUM
air force graduation gift ideas,50,high,100,2,gift_graduation,MEDIUM
air force graduation gifts,50,high,100,2,gift_graduation,MEDIUM
air force graduation gifts for him,50,high,100,2,gift_graduation,MEDIUM
aka graduation gifts,50,high,100,2,gift_graduation,MEDIUM
alternative funeral gifts,50,high,100,3,gift_other,MEDIUM
alternative ideas for funeral flowers,50,high,100,3,other,MEDIUM
alternative sympathy gifts,50,high,100,2,gift_memorial,MEDIUM
aluminum 10 year anniversary gift,50,high,100,2,gift_anniversary,MEDIUM
alumni gifts ideas,50,high,100,3,gift_other,MEDIUM
amazing gifts for mothers,50,high,100,3,gift_other,MEDIUM
amazing graduation gifts,50,high,90,2,gift_graduation,MEDIUM
amazon 50th wedding anniversary gifts,50,high,100,2,gift_anniversary,MEDIUM
amazon convert vhs to digital,50,medium,63,2,vhs_legacy,MEDIUM
amazon graduation gift ideas,50,high,100,2,gift_graduation,MEDIUM
amazon nursing graduation gifts,50,low,31,2,gift_graduation,MEDIUM
amazon phd gifts,50,medium,36,3,gift_other,MEDIUM
amazon photo mug,50,high,100,3,physical_products,MEDIUM
amazon photo pillow,50,high,100,3,other,MEDIUM
amazon photo slideshow with music,50,medium,44,1,direct_service,MEDIUM
amazon photos slideshow music,50,low,0,3,other,MEDIUM
amazon prime graduation gifts,50,medium,57,2,gift_graduation,MEDIUM
amazon roxio vhs to dvd,50,low,14,2,vhs_legacy,MEDIUM
amazon vcr to dvd converter,50,high,100,3,other,HIGH
amazon vhs to digital,50,high,80,2,vhs_legacy,MEDIUM
amazon vhs to digital converter,50,high,100,2,vhs_legacy,HIGH
amazon vhs to dvd converter,50,high,100,2,vhs_legacy,HIGH
an app to make a video with pictures and music,50,high,86,3,other,MEDIUM
analog to digital converter vhs,50,high,78,3,other,HIGH
analog vhs to digital converter,50,medium,64,2,vhs_legacy,HIGH
analog video tape to digital converter,50,high,100,2,vhs_legacy,HIGH
android app for making video from photos,50,high,90,1,direct_service,LOW
android app to create video from photos,50,low,0,1,direct_service,LOW
android app to make video from photos,50,high,90,1,direct_service,LOW
android apps for making videos with pictures and music,50,high,86,3,other,LOW
android photo slideshow with music,50,low,29,1,direct_service,LOW
anniversary 14 years,50,high,84,3,other,MEDIUM
anniversary baskets for couples,50,high,100,3,other,MEDIUM
anniversary gift basket for couple,50,high,100,2,gift_anniversary,MEDIUM
anniversary gift for 50th anniversary,50,high,100,2,gift_anniversary,MEDIUM
anniversary gift for friends parents,50,high,100,2,gift_anniversary,MEDIUM
anniversary gift for husband and wife,50,high,100,2,gift_anniversary,MEDIUM
anniversary gift for relatives,50,high,100,2,gift_anniversary,MEDIUM
anniversary gift for son and his wife,50,high,100,2,gift_anniversary,MEDIUM
anniversary gift for wife gold,50,high,86,2,gift_anniversary,MEDIUM
anniversary gift options,50,high,91,2,gift_anniversary,MEDIUM
anniversary gift to husband from wife,50,high,100,2,gift_anniversary,MEDIUM
anniversary gifts for her by year,50,high,100,2,gift_anniversary,MEDIUM
anniversary gifts for your wife,50,high,100,2,gift_anniversary,MEDIUM
anniversary gold gift for wife,50,high,86,3,gift_other,MEDIUM
anniversary mugs for couples,50,high,100,3,other,MEDIUM
anniversary photo gift,50,high,100,2,gift_personalized,MEDIUM
anniversary photo slideshow,50,medium,38,1,direct_service,MEDIUM
anniversary slideshow,50,low,25,1,life_events,MEDIUM
anniversary surprise for wife,50,high,95,3,other,MEDIUM
anniversary years and gifts,50,low,31,3,gift_other,MEDIUM
anniversarygifts,50,high,100,3,gift_other,MEDIUM
app for combining photos and music,50,high,100,3,other,LOW
app for editing photos and videos,50,high,100,3,other,LOW
app for making picture slideshow with music,50,high,86,1,direct_service,LOW
app for photo and video editing,50,high,86,3,other,LOW
app for photo montage with music,50,high,75,1,direct_service,LOW
app for photo music,50,high,86,3,other,LOW
app for photo video maker with song,50,high,93,3,other,LOW
app for pic slideshow with music,50,high,69,1,direct_service,LOW
app for picture video with music,50,high,71,3,other,LOW
app for pictures and music,50,low,15,3,other,LOW
app for pictures and videos with music,50,high,93,3,other,LOW
app for slideshow with videos and pictures,50,high,86,3,other,LOW
app picture slideshow with music,50,high,69,1,direct_service,MEDIUM
app to add music to photo free,50,high,82,3,other,LOW
app to add photos and music,50,high,86,3,other,MEDIUM
app to collage photos with music,50,high,100,3,other,MEDIUM
app to combine photos and videos with music,50,high,84,3,other,MEDIUM
app to combine pictures and videos with music,50,high,78,3,other,MEDIUM
app to combine pictures into a video,50,high,96,3,other,MEDIUM
app to combine videos and pictures with music,50,high,78,3,other,MEDIUM
app to create a video with pictures and music,50,high,71,3,other,MEDIUM
app to create picture slideshow with music,50,high,89,1,direct_service,MEDIUM
app to create video from photos with music,50,high,86,1,direct_service,MEDIUM
app to create video with pictures and music,50,high,68,3,other,MEDIUM
app to edit photos into a video,50,high,93,3,other,MEDIUM
app to edit photos with music,50,medium,43,3,other,MEDIUM
app to edit pictures with music,50,high,93,3,other,MEDIUM
app to make a photo collage with music,50,high,100,3,other,MEDIUM
app to make a video of pictures with music,50,high,96,3,other,MEDIUM
app to make a video with pictures and music free,50,high,77,3,other,LOW
app to make collage with music,50,high,67,3,other,MEDIUM
app to make photo collage with music,50,high,78,3,other,MEDIUM
app to make photo montage with music,50,high,78,1,direct_service,MEDIUM
app to make photo movie with music,50,high,96,3,other,MEDIUM
app to make photo music videos,50,medium,34,3,other,MEDIUM
app to make photo slideshow with music,50,high,85,1,direct_service,MEDIUM
app to make photo video with song,50,high,93,3,other,MEDIUM
app to make picture collage with music,50,high,91,3,other,MEDIUM
app to make picture slide with music,50,high,79,3,other,MEDIUM
app to make picture slideshow with music,50,high,79,1,direct_service,MEDIUM
app to make picture video collage,50,high,91,3,other,MEDIUM
app to make pictures into video with music,50,high,71,3,other,MEDIUM
app to make pictures with music,50,high,76,3,other,MEDIUM
app to make slide show with music,50,high,83,3,other,MEDIUM
app to make video from photos with song,50,high,89,1,direct_service,MEDIUM
app to make video of photos with music,50,high,67,3,other,MEDIUM
app to make video of pictures with music,50,high,86,3,other,MEDIUM
app to make video with music and pictures,50,high,86,3,other,MEDIUM
app to make video with pictures and music for pc,50,high,100,3,other,MEDIUM
app to mix pictures with music,50,high,86,3,other,MEDIUM
app to play music with pictures,50,high,93,3,other,MEDIUM
app to put music on a photo,50,high,86,3,other,MEDIUM
app to put photos to music,50,high,67,3,other,MEDIUM
app to put pictures and music together,50,high,71,3,other,MEDIUM
app to put pictures and videos together with music,50,high,71,3,other,MEDIUM
app to put pictures with music,50,high,86,3,other,MEDIUM
app to turn photos into video with music,50,high,91,3,other,MEDIUM
app to turn pics into video with music,50,high,90,3,other,MEDIUM
app to upload pictures with music,50,high,86,3,other,MEDIUM
app to use to make video with pictures and music,50,high,87,3,other,MEDIUM
app used to make video with pictures and music,50,high,79,3,other,MEDIUM
app video maker with music and photo,50,high,100,3,other,MEDIUM
apple music photos slideshow,50,low,0,3,other,MEDIUM
apple photo and video editing software,50,high,98,3,other,LOW
apple photo slideshow music,50,low,3,1,direct_service,MEDIUM
apple photo slideshow with music,50,low,3,1,direct_service,MEDIUM
apple slideshow music,50,low,8,3,other,MEDIUM
apple vhs to digital,50,high,100,2,vhs_legacy,MEDIUM
appropriate bereavement gifts,50,high,89,2,gift_memorial,MEDIUM
appropriate gift for doctorate degree,50,high,100,3,gift_other,MEDIUM
appropriate gift for funeral,50,high,100,3,gift_other,MEDIUM
appropriate gift for grieving family,50,high,100,3,gift_other,MEDIUM
appropriate gift for masters degree graduate,50,high,100,3,gift_other,MEDIUM
appropriate gift for phd graduation,50,high,100,3,gift_other,MEDIUM
appropriate gifts for death in family,50,high,100,3,gift_other,MEDIUM
appropriate gifts of condolence,50,high,100,3,gift_other,MEDIUM
appropriate graduation gift for granddaughter,50,high,100,2,gift_graduation,MEDIUM
appropriate money gift for graduation,50,low,0,3,gift_other,MEDIUM
appropriate retirement gift for coworker,50,high,100,2,gift_retirement,MEDIUM
appropriate sympathy gift for boss,50,high,100,2,gift_memorial,MEDIUM
apps for editing pictures and videos,50,high,93,3,other,MEDIUM
apps for making photo slideshow with music,50,medium,36,1,direct_service,MEDIUM
apps for making picture videos with music,50,high,83,3,other,MEDIUM
apps for photo and video editing,50,medium,57,3,other,MEDIUM
apps for picture slideshow with music,50,high,69,1,direct_service,MEDIUM
apps for picture videos with music,50,high,86,3,other,MEDIUM
apps to create photo slideshow with music,50,high,84,1,direct_service,MEDIUM
apps to create videos with photos and music,50,high,76,3,other,MEDIUM
apps to edit photos into videos,50,high,86,3,other,MEDIUM
apps to edit pictures and videos,50,high,100,3,other,MEDIUM
apps to edit videos and photos,50,medium,52,3,other,MEDIUM
apps to make a video with music and pictures,50,high,69,3,other,MEDIUM
apps to make collages with pictures and videos,50,high,91,3,other,MEDIUM
apps to put music on photos,50,high,83,3,other,MEDIUM
apps to put pictures to music,50,high,72,3,other,MEDIUM
apps with music and pictures,50,low,15,3,other,MEDIUM
army boot camp graduation gifts,50,high,100,2,gift_graduation,MEDIUM
army graduation gift ideas,50,high,100,2,gift_graduation,MEDIUM
artpix 3d crystal,50,high,100,3,other,MEDIUM
artpix 3d crystal photo rectangle,50,high,100,3,other,MEDIUM
artsy gifts for mom,50,high,100,3,gift_other,MEDIUM
ashes gift ideas,50,high,100,3,gift_other,MEDIUM
associate degree graduation gifts,50,high,100,2,gift_graduation,MEDIUM
audio photo video maker,50,high,100,3,other,MEDIUM
audio video transfer services,50,high,83,3,other,HIGH
average cost to transfer vhs to dvd,50,medium,49,2,vhs_legacy,HIGH
average graduation money gift,50,low,0,3,gift_other,MEDIUM
average monetary graduation gift,50,low,0,2,gift_graduation,MEDIUM
awesome graduation gifts,50,high,93,2,gift_graduation,MEDIUM
bachelor degree gift ideas,50,high,100,3,gift_other,MEDIUM
bachelor degree gifts,50,high,100,3,gift_other,MEDIUM
bachelor degree graduation gifts,50,high,100,2,gift_graduation,MEDIUM
bachelor graduation gift ideas,50,high,100,2,gift_graduation,MEDIUM
background music photo app,50,low,0,3,other,MEDIUM
barnes and noble graduation gifts,50,medium,61,2,gift_graduation,MEDIUM
beach themed memorial gifts,50,high,100,2,gift_memorial,MEDIUM
beautiful anniversary gifts,50,high,100,2,gift_anniversary,MEDIUM
beautiful graduation gifts,50,high,100,2,gift_graduation,MEDIUM
bereavement care package ideas,50,high,100,3,other,MEDIUM
bereavement gift for male,50,high,100,2,gift_memorial,MEDIUM
bereavement gift ideas for family,50,high,100,2,gift_memorial,MEDIUM
bereavement gift ideas for loss of father,50,high,100,2,gift_memorial,MEDIUM
bereavement gift ideas for loss of mother,50,high,100,2,gift_memorial,MEDIUM
bereavement gift ideas for men,50,high,100,2,gift_memorial,MEDIUM
bereavement gifts for coworkers,50,high,100,2,gift_memorial,MEDIUM
bereavement gifts for family,50,high,100,2,gift_memorial,MEDIUM
bereavement gifts for him,50,high,95,2,gift_memorial,MEDIUM
bereavement gifts for loss of brother,50,high,100,2,gift_memorial,MEDIUM
bereavement gifts for loss of daughter,50,high,100,2,gift_memorial,MEDIUM
bereavement gifts for loss of grandfather,50,high,100,2,gift_memorial,MEDIUM
bereavement gifts for loss of grandmother,50,high,100,2,gift_memorial,MEDIUM
bereavement gifts for loss of son,50,high,100,2,gift_memorial,MEDIUM
bereavement gifts loss of husband,50,high,100,2,gift_memorial,MEDIUM
bereavement ideas,50,high,100,3,other,MEDIUM
bereavement keepsake ideas,50,high,100,3,other,MEDIUM
bereavement memory gifts,50,high,100,3,gift_other,MEDIUM
bereavement package ideas,50,high,93,3,other,MEDIUM
bereavement photo gifts,50,high,100,2,gift_personalized,MEDIUM
best 1 year anniversary gifts for him,50,high,100,2,gift_anniversary,MEDIUM
best 1 year wedding anniversary gifts,50,high,100,2,gift_anniversary,MEDIUM
best 10 year anniversary gifts for him,50,high,100,2,gift_anniversary,MEDIUM
best 10 year wedding anniversary gifts,50,high,100,2,gift_anniversary,MEDIUM
best 10th anniversary gifts,50,high,100,2,gift_anniversary,MEDIUM
best 12 year anniversary gift for him,50,high,100,2,gift_anniversary,MEDIUM
best 15 year anniversary gifts,50,high,100,2,gift_anniversary,MEDIUM
best 1st anniversary gift for husband,50,high,100,2,gift_anniversary,MEDIUM
best 1st anniversary gift for wife,50,high,100,2,gift_anniversary,MEDIUM
best 25th anniversary gift for parents,50,high,100,2,gift_anniversary,MEDIUM
best 25th anniversary gifts for couples,50,high,100,2,gift_anniversary,MEDIUM
best 2nd anniversary gifts,50,high,100,2,gift_anniversary,MEDIUM
best 30th anniversary gifts,50,high,100,2,gift_anniversary,MEDIUM
best 3rd anniversary gifts for her,50,high,100,2,gift_anniversary,MEDIUM
best 4 year anniversary gifts,50,high,93,2,gift_anniversary,MEDIUM
best 40th anniversary gifts,50,high,100,2,gift_anniversary,MEDIUM
best 5 year anniversary gifts for him,50,high,100,2,gift_anniversary,MEDIUM
best 50th anniversary gifts for parents,50,high,100,2,gift_anniversary,MEDIUM
best 50th wedding anniversary gifts for parents,50,high,100,2,gift_anniversary,MEDIUM
best 5th anniversary gifts,50,high,100,2,gift_anniversary,MEDIUM
best 7 year anniversary gifts,50,high,100,2,gift_anniversary,MEDIUM
best 7th anniversary gifts,50,high,100,2,gift_anniversary,MEDIUM
best 8mm conversion,50,high,100,3,other,MEDIUM
best 8mm film converter,50,high,86,2,vhs_legacy,HIGH
best 8mm film digitizer,50,high,100,2,vhs_legacy,MEDIUM
best 8mm film to digital conversion equipment,50,high,100,2,vhs_legacy,MEDIUM
best 8mm film to digital conversion service,50,high,96,2,vhs_legacy,HIGH
best 8mm tape to digital converter,50,high,100,3,other,HIGH
best 8mm to digital service,50,high,100,3,other,HIGH
best 8mm video to digital converter,50,high,96,3,other,HIGH
best android app for making video from photos,50,high,100,1,direct_service,LOW
best android app for photo to video maker,50,high,100,3,other,LOW
best android app to make video from photos with music,50,high,86,1,direct_service,LOW
best app for combining photos and videos,50,high,80,3,other,LOW
best app for converting photos to video,50,high,100,3,other,LOW
best app for creating slideshow with music,50,high,81,1,direct_service,LOW
best app for creating video from photos,50,high,94,1,direct_service,LOW
best app for editing photo and video,50,low,25,3,other,LOW
best app for editing photos and videos,50,low,25,3,other,LOW
best app for editing photos into video,50,high,93,3,other,LOW
best app for editing photos with music,50,high,86,3,other,LOW
best app for editing pictures and videos,50,high,71,3,other,LOW
best app for editing pictures with music,50,medium,43,3,other,LOW
best app for editing videos and photos,50,low,0,3,other,LOW
best app for image to video maker,50,high,75,3,other,LOW
best app for make video of photos,50,high,93,3,other,LOW
best app for making a photo slideshow with music,50,medium,65,1,direct_service,LOW
best app for making a video from photos,50,high,93,1,direct_service,LOW
best app for making a video with pictures and videos,50,high,79,3,other,LOW
best app for making photo slideshow with music,50,high,92,1,direct_service,LOW
best app for making photos into video,50,high,86,3,other,LOW
best app for making pictures video with music,50,high,83,3,other,LOW
best app for making video from photos with music,50,high,94,1,direct_service,LOW
best app for making video with photos and music,50,medium,57,3,other,LOW
best app for making videos from photos with music,50,high,94,3,other,LOW
best app for photo and video slideshow,50,high,88,3,other,LOW
best app for photo collage video,50,high,86,3,other,LOW
best app for photo collage with music,50,high,71,3,other,LOW
best app for photo montage with music,50,high,86,1,direct_service,LOW
best app for photo slideshow with music,50,high,83,1,direct_service,LOW
best app for photo to video maker,50,high,95,3,other,LOW
best app for photo video maker,50,medium,47,3,other,LOW
best app for photo video with music,50,high,86,3,other,LOW
best app for photos to video maker,50,high,86,3,other,LOW
best app for photos with music,50,medium,43,3,other,LOW
best app for pic and video collage,50,high,78,3,other,LOW
best app for pics to video,50,high,93,3,other,LOW
best app for picture and video slideshow,50,high,78,3,other,LOW
best app for picture slideshow with music,50,high,91,1,direct_service,LOW
best app for picture video collage,50,high,93,3,other,LOW
best app for picture video with music,50,high,83,3,other,LOW
best app for pictures and music,50,high,89,3,other,LOW
best app for pictures with music,50,high,89,3,other,LOW
best app for turning pictures into video,50,high,96,3,other,LOW
best app for video and photo collage,50,high,78,3,other,LOW
best app for video and photo editing,50,medium,59,3,other,LOW
best app for video and photo slideshow,50,high,76,1,direct_service,LOW
best app for video and picture editing,50,high,71,3,other,LOW
best app for video and picture slideshow with music,50,high,86,1,direct_service,LOW
best app for video editing and photo editing,50,low,0,3,other,LOW
best app for videos and pictures,50,high,86,3,other,LOW
best app photo to video maker,50,high,83,3,other,LOW
best app photo video maker,50,medium,47,3,other,LOW
best app to add music to picture slideshow,50,high,100,1,direct_service,LOW
best app to add photos and music,50,high,86,3,other,LOW
best app to collage photos and videos,50,high,100,3,other,LOW
best app to combine photos and music,50,high,86,3,other,LOW
best app to combine photos and videos,50,high,80,3,other,LOW
best app to combine photos and videos with music,50,high,77,3,other,LOW
best app to combine pictures into a video,50,high,100,3,other,LOW
best app to create a video from photos,50,high,77,1,direct_service,LOW
best app to create photo slideshow with music,50,high,88,1,direct_service,LOW
best app to create photo videos,50,high,86,3,other,LOW
best app to create video from photos iphone,50,high,93,1,direct_service,LOW
best app to create video from photos with music,50,high,85,1,direct_service,LOW
best app to create video with photos,50,high,93,3,other,LOW
best app to edit photos and videos,50,medium,65,3,other,LOW
best app to edit photos into video,50,high,100,3,other,LOW
best app to edit pictures and videos,50,high,83,3,other,LOW
best app to edit videos and photos,50,high,90,3,other,LOW
best app to make a movie from photos,50,high,80,3,other,LOW
best app to make a photo slideshow with music,50,high,82,1,direct_service,LOW
best app to make a photo video with music,50,high,77,3,other,LOW
best app to make a picture slideshow with music,50,high,71,1,direct_service,LOW
best app to make a slideshow with photos and videos,50,medium,44,1,direct_service,LOW
best app to make a slideshow with pictures and music,50,high,86,1,direct_service,LOW
best app to make a video from pictures,50,medium,61,3,other,LOW
best app to make a video of photos,50,high,93,3,other,LOW
best app to make a video of pictures,50,medium,57,3,other,LOW
best app to make a video of pictures with music,50,high,86,3,other,LOW
best app to make a video out of photos,50,high,89,3,other,LOW
best app to make a video out of pictures,50,high,100,3,other,LOW
best app to make a video with music and pictures,50,high,86,3,other,LOW
best app to make a video with photos and music,50,high,86,3,other,LOW
best app to make a video with pictures and videos,50,high,93,3,other,LOW
best app to make birthday video with photos,50,high,86,3,other,LOW
best app to make edits on iphone,50,medium,45,3,other,LOW
best app to make movie from photos and videos,50,high,87,3,other,LOW
best app to make music video with photos,50,high,91,3,other,LOW
best app to make photo album with music,50,high,86,3,physical_products,LOW
best app to make photo and video slideshow,50,high,93,3,other,LOW
best app to make photo collage with music,50,high,71,3,other,LOW
best app to make photo montage with music,50,high,94,1,direct_service,LOW
best app to make photo slideshow with music,50,high,82,1,direct_service,LOW
best app to make photo to video,50,high,98,3,other,LOW
best app to make photo video with music,50,high,85,3,other,LOW
best app to make photos into video,50,high,79,3,other,LOW
best app to make photos into video with music,50,high,93,3,other,LOW
best app to make picture collage with music,50,high,81,3,other,LOW
best app to make picture slideshow with music,50,medium,65,1,direct_service,LOW
best app to make picture videos,50,high,89,3,other,LOW
best app to make pictures into a video,50,high,91,3,other,LOW
best app to make pictures video with music,50,high,78,3,other,LOW
best app to make video and picture slideshow,50,high,80,1,direct_service,LOW
best app to make video from photos and videos,50,high,82,1,direct_service,LOW
best app to make video from photos for iphone,50,high,86,1,direct_service,LOW
best app to make video from photos with music,50,high,100,1,direct_service,LOW
best app to make video from photos with song,50,high,76,1,direct_service,LOW
best app to make video from pictures,50,high,100,3,other,LOW
best app to make video of pictures,50,high,86,3,other,LOW
best app to make video photo collage,50,high,95,3,other,LOW
best app to make video with photos,50,high,100,3,other,LOW
best app to make video with pictures and music free,50,high,71,3,other,LOW
best app to make videos out of pictures,50,high,96,3,other,LOW
best app to make videos with photos and music,50,high,68,3,other,LOW
best app to put photos to music,50,high,93,3,other,LOW
best app to put pictures to music,50,high,80,3,other,LOW
best app to turn photos into video with music,50,high,100,3,other,LOW
best app to turn pictures into video with music,50,high,92,3,other,LOW
best apps for photo and video editing,50,medium,64,3,other,LOW
best apps for photo video maker,50,high,95,3,other,LOW
best apps to add music to pictures,50,high,80,3,other,LOW
best apps to make a montage,50,high,83,3,other,LOW
best background music for photos,50,low,0,3,other,MEDIUM
best cheap graduation gifts,50,medium,40,2,gift_graduation,MEDIUM
best company to convert vhs to digital,50,high,100,2,vhs_legacy,MEDIUM
best company to convert vhs to dvd,50,high,100,2,vhs_legacy,MEDIUM
best company to transfer vhs to digital,50,high,100,2,vhs_legacy,MEDIUM
best convert vhs to digital,50,high,100,2,vhs_legacy,MEDIUM
best converter for vhs to digital,50,high,89,2,vhs_legacy,HIGH
best creative gifts for mom,50,high,100,3,gift_other,MEDIUM
best custom coffee mugs,50,high,100,3,other,HIGH
best dad personalised mug,50,high,100,3,other,HIGH
best daddy photo mug,50,high,100,3,physical_products,MEDIUM
best editing app for photos and videos,50,high,89,3,other,LOW
best editing app for video and photos,50,medium,64,3,other,LOW
best editing apps for pictures and videos,50,high,100,3,other,MEDIUM
best first anniversary gift for husband,50,high,100,2,gift_anniversary,MEDIUM
best format for vhs to digital,50,medium,64,2,vhs_legacy,MEDIUM
best format to convert vhs to digital,50,medium,43,2,vhs_legacy,MEDIUM
best free app for editing photos and videos,50,high,100,3,other,LOW
best free app for making video from photos,50,low,14,1,direct_service,LOW
best free app for photo and video collage,50,high,86,3,other,LOW
best free app for photo slideshow with music,50,high,92,1,direct_service,LOW
best free app for picture slideshow with music,50,high,96,1,direct_service,LOW
best free app for video and photo editing,50,high,93,3,other,LOW
best free app to add music to photos,50,high,86,3,other,LOW
best free app to add music to pictures,50,high,86,3,other,LOW
best free app to create video from photos with music,50,medium,64,1,direct_service,LOW
best free app to make a photo slideshow with music,50,high,74,1,direct_service,LOW
best free app to make a video from photos,50,high,81,1,direct_service,LOW
best free app to make photo slideshow with music,50,high,81,1,direct_service,LOW
best free app to make photo video with music,50,medium,63,3,other,LOW
best free app to make video from photos,50,high,76,1,direct_service,LOW
best free app to make videos with pictures and music,50,high,73,3,other,LOW
best free online slideshow maker with music and effects,50,high,95,1,direct_service,LOW
best free online video maker with music and pictures,50,high,86,3,other,LOW
best free photo and video editing app,50,medium,56,3,other,LOW
best free photo and video editing app for pc,50,low,0,3,other,LOW
best free photo and video editing software,50,medium,56,3,other,LOW
best free photo and video editing software for mac,50,high,79,3,other,LOW
best free photo and video editor,50,medium,41,3,tools_comparison,LOW
best free photo and video editor for pc,50,low,0,3,tools_comparison,LOW
best free photo and video slideshow maker,50,low,0,3,tools_comparison,LOW
best free photo slideshow maker with music,50,medium,64,1,direct_service,LOW
best free photo to video maker app,50,high,95,3,other,LOW
best free photo video editing app,50,high,71,3,other,LOW
best free photo video editing software,50,medium,56,3,other,LOW
best free photo video editor,50,high,74,3,tools_comparison,LOW
best free photo video maker,50,medium,65,3,other,LOW
best free photo video maker app,50,high,78,3,other,LOW
best free photo video maker app for android,50,high,86,3,other,LOW
best free photo video maker with music,50,high,89,3,other,LOW
best free picture slideshow maker,50,high,80,1,direct_service,LOW
best free picture video maker app,50,medium,51,3,other,LOW
best free program to make a slideshow with music,50,high,100,1,direct_service,LOW
best free program to make photo slideshow with music,50,high,67,1,direct_service,LOW
best free slideshow maker with music,50,high,70,1,direct_service,LOW
best free slideshow maker without watermark,50,high,100,3,tools_comparison,LOW
best free slideshow with music,50,high,93,1,direct_service,LOW
best free software to make video from photos,50,high,100,1,direct_service,LOW
best free video and photo editing app,50,medium,55,3,other,LOW
best free video maker with photos and music,50,high,86,3,other,LOW
best free video photo editing app,50,medium,50,3,other,LOW
best friend frame personalised,50,high,100,3,other,HIGH
best friend memory gift ideas,50,medium,64,3,gift_other,MEDIUM
best gift anniversary for wife,50,high,100,3,gift_other,MEDIUM
best gift for a graduating doctor,50,high,100,3,gift_other,MEDIUM
best gift for a grieving friend,50,high,69,3,gift_other,MEDIUM
best gift for a lawyer graduate,50,high,100,3,gift_other,MEDIUM
best gift for a phd student,50,high,100,3,gift_other,MEDIUM
best gift for anniversary couple,50,high,100,3,gift_other,MEDIUM
best gift for convocation,50,high,100,3,gift_other,MEDIUM
best gift for couple wedding anniversary,50,high,100,2,gift_anniversary,MEDIUM
best gift for doctor graduation,50,high,100,3,gift_other,MEDIUM
best gift for elementary graduation,50,medium,57,3,gift_other,MEDIUM
best gift for golden wedding anniversary,50,high,100,2,gift_anniversary,MEDIUM
best gift for graduation ceremony,50,high,100,3,gift_other,MEDIUM
best gift for graduation day,50,high,100,3,gift_other,MEDIUM
best gift for graduation girlfriend,50,medium,60,3,gift_other,MEDIUM
best gift for grieving family,50,high,100,3,gift_other,MEDIUM
best gift for grieving friend,50,high,100,3,gift_other,MEDIUM
best gift for grieving mother,50,high,100,3,gift_other,MEDIUM
best gift for grieving widow,50,high,100,3,gift_other,MEDIUM
best gift for husband for wedding anniversary,50,high,100,2,gift_anniversary,MEDIUM
best gift for mom and dad 25th anniversary,50,high,100,2,gift_mothers,MEDIUM
best gift for mom dad 25th anniversary,50,high,100,2,gift_mothers,MEDIUM
best gift for new graduate student,50,high,100,3,gift_other,MEDIUM
best gift for nurse practitioner graduate,50,high,100,3,gift_other,MEDIUM
best gift for parents 50th wedding anniversary,50,high,100,2,gift_anniversary,MEDIUM
best gift for preschool graduation,50,medium,43,3,gift_other,MEDIUM
best gift for psychology graduate,50,high,86,3,gift_other,MEDIUM
best gift for rn graduate,50,high,100,3,gift_other,MEDIUM
best gift for silver wedding anniversary,50,high,100,2,gift_anniversary,MEDIUM
best gift for someone grieving,50,high,100,3,gift_other,MEDIUM
best gift for someone who lost their mom,50,high,100,3,gift_other,MEDIUM
best gift ideas for 50th wedding anniversary,50,high,100,2,gift_anniversary,MEDIUM
best gift to give someone grieving,50,high,100,3,gift_other,MEDIUM
best gift to give someone who lost a parent,50,high,100,3,gift_other,MEDIUM
best gift to give when someone dies,50,high,100,3,gift_other,MEDIUM
best gift to send after a death,50,high,100,3,gift_other,MEDIUM
best gift to send for sympathy,50,high,100,3,gift_other,MEDIUM
best gifts for a grieving friend,50,high,69,3,gift_other,MEDIUM
best gifts for bereavement,50,high,100,3,gift_other,MEDIUM
best gifts for condolences,50,high,100,3,gift_other,MEDIUM
best gifts for death in family,50,high,100,3,gift_other,MEDIUM
best gifts for doctoral graduates,50,high,100,3,gift_other,MEDIUM
best gifts for graduating medical students,50,high,100,3,gift_other,MEDIUM
best gifts for graduation for her,50,high,100,3,gift_other,MEDIUM
best gifts for grief,50,high,100,3,gift_other,MEDIUM
best gifts for grieving friend,50,high,100,3,gift_other,MEDIUM
best gifts for grieving parents,50,high,100,3,gift_other,MEDIUM
best gifts for masters students,50,high,89,3,gift_other,MEDIUM
best gifts for new grad nurses,50,high,100,3,gift_other,MEDIUM
best gifts for new grads,50,high,100,3,gift_other,MEDIUM
best gifts for new nursing grads,50,high,100,3,gift_other,MEDIUM
best gifts for pharmacy graduate,50,high,100,3,gift_other,LOW
best gifts for phd students,50,high,100,3,gift_other,MEDIUM
best gifts for someone who lost a loved one,50,high,100,3,gift_other,MEDIUM
best gifts for someone who lost a parent,50,high,100,3,gift_other,MEDIUM
best gifts to give for a funeral,50,high,100,3,gift_other,MEDIUM
best gifts to give for graduation,50,high,100,3,gift_other,MEDIUM
best gifts to give someone who lost a loved one,50,high,100,3,gift_other,MEDIUM
best gifts to send someone grieving,50,high,100,3,gift_other,MEDIUM
best gifts when someone dies,50,high,100,3,gift_other,MEDIUM
best graduation favors,50,high,100,3,other,MEDIUM
best graduation gift for brother,50,high,93,2,gift_graduation,MEDIUM
best graduation gift for grandson,50,high,100,2,gift_graduation,MEDIUM
best graduation gift for husband,50,high,100,2,gift_graduation,MEDIUM
best graduation gift for law student,50,high,100,2,gift_graduation,MEDIUM
best graduation gift for new teacher,50,high,100,2,gift_graduation,MEDIUM
best graduation gift for niece,50,high,100,2,gift_graduation,MEDIUM
best graduation gift for nurse practitioner,50,high,100,2,gift_graduation,MEDIUM
best graduation gift for son,50,high,100,2,gift_graduation,MEDIUM
best graduation gift for wife,50,high,100,2,gift_graduation,MEDIUM
best graduation gift ideas for her,50,high,100,2,gift_graduation,MEDIUM
best graduation gifts for adults,50,high,86,2,gift_graduation,MEDIUM
best graduation gifts for law students,50,high,100,2,gift_graduation,MEDIUM
best graduation gifts for medical students,50,high,100,2,gift_graduation,MEDIUM
best graduation gifts for phd students,50,high,100,2,gift_graduation,MEDIUM
best graduation gifts for sister,50,high,100,2,gift_graduation,MEDIUM
best graduation gifts for teachers,50,high,100,2,gift_graduation,MEDIUM
best graduation gifts for women,50,high,100,2,gift_graduation,MEDIUM
best graduation gifts from parents,50,high,100,2,gift_graduation,MEDIUM
best graduation ideas,50,high,100,3,other,MEDIUM
best graduation presents for her,50,high,100,2,gift_graduation,MEDIUM
best graduation presents for him,50,high,100,2,gift_graduation,MEDIUM
best grievance gifts,50,high,100,3,gift_other,MEDIUM
best grieving gifts,50,high,83,3,gift_other,MEDIUM
best home video digitizing service,50,high,100,3,other,HIGH
best hs graduation gifts,50,low,0,2,gift_graduation,MEDIUM
best image and video editing app,50,high,81,3,other,MEDIUM
best image video maker app,50,high,86,3,other,MEDIUM
best in memory gifts,50,high,100,3,gift_other,MEDIUM
best inexpensive graduation gifts,50,medium,40,2,gift_graduation,MEDIUM
best ios app to make video from photos,50,high,86,1,direct_service,MEDIUM
best iphone app to make video from photos,50,medium,53,1,direct_service,LOW
best iphone apps for photo slideshow with music,50,high,100,1,direct_service,LOW
best marriage anniversary gift for husband,50,high,100,2,gift_anniversary,MEDIUM
best mba graduation gifts,50,high,100,2,gift_graduation,MEDIUM
best memorial gift ideas,50,high,100,2,gift_memorial,MEDIUM
best memorial gifts for loss of brother,50,high,100,2,gift_memorial,MEDIUM
best memorial gifts for loss of father,50,high,100,2,gift_memorial,MEDIUM
best memory gift ideas,50,high,100,3,gift_other,MEDIUM
best method to convert vhs to digital,50,high,100,2,vhs_legacy,MEDIUM
best mini dv to digital converter,50,high,100,2,vhs_legacy,HIGH
best movie slideshow maker,50,high,95,3,tools_comparison,MEDIUM
best music photo video maker,50,high,86,3,other,MEDIUM
best online photo slideshow with music,50,high,86,1,direct_service,LOW
best online photo video maker,50,low,0,3,other,LOW
best online slideshow maker,50,medium,48,3,tools_comparison,LOW
best personalized graduation gifts,50,high,100,2,gift_graduation,HIGH
best pet photo blankets,50,high,100,3,physical_products,MEDIUM
best phd gifts,50,high,100,3,gift_other,MEDIUM
best photo & video editing app,50,high,100,3,other,MEDIUM
best photo and music slideshow maker,50,high,90,3,tools_comparison,MEDIUM
best photo and video app for android,50,medium,50,3,other,LOW
best photo and video app for iphone,50,medium,46,3,other,LOW
best photo and video collage maker,50,high,68,3,other,MEDIUM
best photo and video edit app,50,medium,52,3,other,MEDIUM
best photo and video editing app for android,50,high,70,3,other,LOW
best photo and video editing app for instagram,50,high,100,3,other,LOW
best photo and video editing app for iphone,50,medium,59,3,other,LOW
best photo and video editing app for laptop,50,high,100,3,other,LOW
best photo and video editing app for mac,50,high,100,3,other,LOW
best photo and video editing app for pc,50,high,100,3,other,LOW
best photo and video editing app free,50,medium,53,3,other,LOW
best photo and video editing software for beginners,50,high,100,3,other,LOW
best photo and video editing software for mac,50,high,100,3,other,LOW
best photo and video editing software for pc,50,high,100,3,other,LOW
best photo and video editing software free,50,medium,62,3,other,LOW
best photo and video editor,50,high,98,3,tools_comparison,MEDIUM
best photo and video editor for android,50,medium,43,3,tools_comparison,LOW
best photo and video editor for iphone,50,medium,64,3,tools_comparison,LOW
best photo and video editor for mac,50,high,100,3,tools_comparison,LOW
best photo and video editor for pc,50,high,93,3,tools_comparison,MEDIUM
best photo and video maker,50,high,88,3,other,MEDIUM
best photo and video slideshow app,50,high,100,3,tools_comparison,MEDIUM
best photo and video slideshow maker,50,high,89,3,tools_comparison,MEDIUM
best photo collage app with music,50,high,86,3,other,MEDIUM
best photo collage video maker,50,high,90,3,other,MEDIUM
best photo collage with music app,50,high,100,3,other,MEDIUM
best photo editing and video editing app,50,high,86,3,other,MEDIUM
best photo editing and video making app,50,high,100,3,other,MEDIUM
best photo editing video app,50,low,0,3,other,MEDIUM
best photo editing with music app,50,high,86,3,other,MEDIUM
best photo editor video,50,high,71,3,tools_comparison,MEDIUM
best photo editor with music,50,high,86,3,tools_comparison,MEDIUM
best photo gifts for dad,50,high,100,2,gift_personalized,MEDIUM
best photo into video app,50,high,95,3,other,MEDIUM
best photo movie maker app,50,high,86,3,other,MEDIUM
best photo music app,50,medium,43,3,other,MEDIUM
best photo music editing app,50,high,100,3,other,MEDIUM
best photo music editor app,50,high,100,3,other,MEDIUM
best photo music slideshow app,50,high,83,3,tools_comparison,MEDIUM
best photo music video maker app,50,high,86,3,other,MEDIUM
best photo pillows,50,high,100,3,other,MEDIUM
best photo slideshow app with music,50,high,83,1,direct_service,MEDIUM
best photo slideshow maker with music,50,high,90,1,direct_service,MEDIUM
best photo slideshow with music,50,medium,46,1,direct_service,MEDIUM
best photo to video app for android,50,low,0,3,other,LOW
best photo to video editing app,50,high,96,3,other,MEDIUM
best photo to video editing app for android,50,high,86,3,other,LOW
best photo to video maker app for iphone,50,high,86,3,other,LOW
best photo to video maker app for pc,50,low,0,3,other,LOW
best photo to video maker app free,50,medium,43,3,other,LOW
best photo to video maker software for pc,50,high,86,3,other,LOW
best photo video app for android,50,low,0,3,other,LOW
best photo video app for iphone,50,medium,46,3,other,LOW
best photo video edit app,50,high,71,3,other,MEDIUM
best photo video editing app for iphone,50,high,86,3,other,LOW
best photo video editing app free,50,high,89,3,other,LOW
best photo video editing app iphone,50,medium,59,3,other,LOW
best photo video editing software for mac,50,high,71,3,other,LOW
best photo video editing software for pc,50,low,0,3,other,LOW
best photo video editor,50,high,79,3,tools_comparison,MEDIUM
best photo video maker,50,high,88,3,tools_comparison,MEDIUM
best photo video maker app,50,medium,47,3,tools_comparison,MEDIUM
best photo video maker app for iphone,50,medium,36,3,tools_comparison,LOW
best photo video maker app free,50,high,100,3,tools_comparison,LOW
best photo video maker app with song,50,high,86,3,tools_comparison,MEDIUM
best photo video maker for pc free download,50,low,0,3,tools_comparison,LOW
best photo video maker with music,50,high,82,3,tools_comparison,MEDIUM
best photo video making app,50,high,68,3,other,MEDIUM
best photo video montage maker,50,high,86,1,direct_service,MEDIUM
best photo video slideshow app,50,high,100,3,tools_comparison,MEDIUM
best photo video slideshow maker,50,high,89,3,tools_comparison,MEDIUM
best photos to video maker app,50,medium,47,3,other,MEDIUM
best photos video making app,50,high,68,3,other,MEDIUM
best pic video maker app,50,high,86,3,other,MEDIUM
best picture and video slideshow maker,50,high,86,3,tools_comparison,MEDIUM
best picture collage video app,50,high,75,3,other,MEDIUM
best picture slideshow maker with music,50,high,90,1,direct_service,MEDIUM
best picture slideshow with music,50,medium,50,1,direct_service,MEDIUM
best picture to video maker,50,high,88,3,other,MEDIUM
best picture to video maker app,50,high,93,3,other,MEDIUM
best picture video app,50,high,86,3,other,MEDIUM
best picture video app with music,50,high,93,3,other,MEDIUM
best picture video maker app,50,high,86,3,other,MEDIUM
best picture video maker with music,50,medium,57,3,other,MEDIUM
best place to convert vhs to digital,50,high,100,2,vhs_legacy,MEDIUM
best place to convert vhs to dvd,50,high,100,2,vhs_legacy,MEDIUM
best place to digitize vhs tapes,50,high,100,2,vhs_legacy,MEDIUM
best place to get vhs converted to dvd,50,high,93,3,other,MEDIUM
best place to transfer vhs to dvd,50,high,100,2,vhs_legacy,MEDIUM
best practical graduation gifts,50,high,100,2,gift_graduation,MEDIUM
best preschool graduation gifts,50,medium,43,2,gift_graduation,MEDIUM
best program for making picture slideshow with music,50,high,80,1,direct_service,MEDIUM
best program for photo slideshow with music,50,high,96,1,direct_service,MEDIUM
best program for picture slideshow with music,50,high,96,1,direct_service,MEDIUM
best program for slideshow with music,50,high,79,1,direct_service,MEDIUM
best program for slideshow with music free,50,medium,57,1,direct_service,LOW
best program to create photo slideshow with music,50,high,94,1,direct_service,MEDIUM
best program to make a photo slideshow with music,50,high,94,1,direct_service,MEDIUM
best program to make a picture slideshow with music,50,high,94,1,direct_service,MEDIUM
best program to make a video with pictures and music,50,high,98,3,other,MEDIUM
best program to make video with pictures and music,50,high,86,3,other,MEDIUM
best program to use for slideshow with music,50,high,90,1,direct_service,MEDIUM
best quality vhs to digital,50,medium,57,2,vhs_legacy,MEDIUM
best quality vhs to digital converter,50,high,96,2,vhs_legacy,HIGH
best rated vhs to digital converter,50,high,88,2,vhs_legacy,HIGH
best remembrance gift for boyfriend,50,high,100,2,gift_memorial,MEDIUM
best remembrance gift for friend,50,high,100,2,gift_memorial,MEDIUM
best remembrance gifts,50,high,100,2,gift_memorial,MEDIUM
best retirement gift ideas for coworker,50,high,100,2,gift_retirement,MEDIUM
best retirement gifts for colleagues,50,high,100,2,gift_retirement,MEDIUM
best retirement gifts for coworker,50,high,100,2,gift_retirement,MEDIUM
best rn graduation gifts,50,high,100,2,gift_graduation,MEDIUM
best second anniversary gifts,50,high,100,2,gift_anniversary,MEDIUM
best senior gift ideas,50,high,100,3,gift_other,MEDIUM
best service to convert vhs to digital,50,high,100,2,vhs_legacy,HIGH
best service to convert vhs to dvd,50,high,100,2,vhs_legacy,HIGH
best site to make videos with pictures and music,50,high,80,3,other,MEDIUM
best slideshow maker for instagram,50,high,81,3,tools_comparison,MEDIUM
best slideshow maker for iphone,50,high,72,3,tools_comparison,LOW
best slideshow maker for photos and videos,50,high,84,3,tools_comparison,MEDIUM
best slideshow maker iphone,50,high,72,3,tools_comparison,LOW
best slideshow maker with music for iphone,50,high,86,1,direct_service,LOW
best slideshow maker with music free,50,high,83,1,direct_service,LOW
best slideshow music,50,low,12,3,other,MEDIUM
best software for photo slideshow with music,50,high,96,1,direct_service,LOW
best software for picture slideshow with music,50,high,96,1,direct_service,LOW
best software to create photo slideshow with music,50,high,94,1,direct_service,LOW
best software to create video from photos,50,high,97,1,direct_service,LOW
best software to make a photo montage with music,50,high,96,1,direct_service,LOW
best software to make a video from photos,50,high,97,1,direct_service,LOW
best software to make photo slideshow with music,50,high,94,1,direct_service,LOW
best software to make picture slideshows with music,50,high,94,1,direct_service,LOW
best song photo editor,50,low,0,3,tools_comparison,MEDIUM
best super 8 film to digital converter,50,high,100,2,vhs_legacy,HIGH
best super 8 to digital converter,50,high,100,2,vhs_legacy,HIGH
best super 8 to dvd transfer,50,low,0,2,vhs_legacy,MEDIUM
best sympathy food gifts,50,high,100,3,gift_other,MEDIUM
best sympathy gift ideas,50,high,100,2,gift_memorial,MEDIUM
best sympathy gifts for family,50,high,100,2,gift_memorial,MEDIUM
best sympathy gifts for loss of dog,50,high,100,2,gift_memorial,MEDIUM
best sympathy gifts for loss of father,50,high,100,2,gift_memorial,MEDIUM
best sympathy gifts for loss of husband,50,high,100,2,gift_memorial,MEDIUM
best sympathy gifts for loss of mother,50,high,100,2,gift_memorial,MEDIUM
best sympathy gifts for men,50,high,100,2,gift_memorial,MEDIUM
best sympathy gifts to send,50,high,100,2,gift_memorial,MEDIUM
best teacher graduation gifts,50,high,100,2,gift_graduation,MEDIUM
best teacher photo frame,50,high,100,3,physical_products,MEDIUM
best unique gifts for mom,50,high,100,2,gift_personalized,MEDIUM
best university graduation gifts,50,high,100,2,gift_graduation,MEDIUM
best vcr for converting to digital,50,high,96,3,other,MEDIUM
best vcr for digital transfer,50,medium,52,3,other,MEDIUM
best vcr for digitizing,50,high,78,3,other,MEDIUM
best vcr for video transfer,50,high,100,3,other,MEDIUM
best vcr to digital,50,high,100,2,vhs_legacy,MEDIUM
best vcr to digital converter,50,high,100,2,vhs_legacy,HIGH
best vcr to usb converter,50,high,90,3,other,HIGH
best vhs c to digital converter,50,high,97,3,other,HIGH
best vhs capture,50,low,7,3,other,MEDIUM
best vhs conversion service,50,high,100,2,vhs_legacy,HIGH
best vhs converter,50,high,100,3,other,HIGH
best vhs converter to digital,50,high,84,3,other,HIGH
best vhs digitizer,50,high,100,3,other,MEDIUM
best vhs digitizing service,50,high,100,3,other,HIGH
best vhs player for conversion,50,high,100,3,other,MEDIUM
best vhs player for digitizing,50,high,92,3,other,MEDIUM
best vhs tape to digital converter,50,high,100,2,vhs_legacy,HIGH
best vhs to computer converter,50,high,100,3,other,HIGH
best vhs to digital,50,high,100,2,vhs_legacy,MEDIUM
best vhs to digital conversion service,50,high,100,2,vhs_legacy,HIGH
best vhs to digital converter 2020,50,low,0,2,vhs_legacy,HIGH
best vhs to digital converter 2021,50,medium,57,2,vhs_legacy,HIGH
best vhs to digital converter for pc,50,high,89,2,vhs_legacy,HIGH
best vhs to digital converter reddit,50,high,77,2,vhs_legacy,HIGH
best vhs to digital converter service,50,high,100,2,vhs_legacy,HIGH
best vhs to digital video converter,50,high,100,2,vhs_legacy,HIGH
best vhs to dvd,50,high,71,2,vhs_legacy,MEDIUM
best vhs to dvd conversion service,50,high,100,2,vhs_legacy,HIGH
best vhs to dvd converter player,50,high,100,2,vhs_legacy,HIGH
best vhs to dvd recorder,50,high,100,2,vhs_legacy,HIGH
best vhs to dvd service,50,high,100,2,vhs_legacy,HIGH
best vhs to flash drive converter,50,high,95,3,other,HIGH
best vhs to mp4 converter,50,high,96,3,other,HIGH
best vhs to pc converter,50,high,100,3,other,HIGH
best vhs to usb converter,50,high,100,3,other,HIGH
best vhs transfer service,50,high,100,2,vhs_legacy,HIGH
best video & photo editing app,50,high,86,3,other,MEDIUM
best video and image editing app,50,high,86,3,other,MEDIUM
best video and photo collage app,50,high,78,3,other,MEDIUM
best video and photo editing app for pc,50,high,100,3,other,LOW
best video and photo editing app free,50,high,86,3,other,LOW
best video and photo editing software for beginners,50,high,100,3,other,LOW
best video and photo editor app,50,medium,48,3,tools_comparison,MEDIUM
best video and photo editor app for iphone free,50,high,100,3,tools_comparison,LOW
best video and photo editor for android,50,medium,50,3,tools_comparison,LOW
best video and photo maker app,50,high,86,3,other,MEDIUM
best video converter vhs to digital,50,high,100,2,vhs_legacy,HIGH
best video editing app for pictures,50,high,86,3,other,LOW
best video editing app with photos,50,low,8,3,other,MEDIUM
best video editing software for photo slideshow,50,high,75,1,direct_service,LOW
best video editor for google photos,50,high,100,3,tools_comparison,LOW
best video editor for photo slideshow,50,high,75,1,direct_service,MEDIUM
best video editor for pictures,50,high,98,3,tools_comparison,MEDIUM
best video maker app for photos,50,high,93,3,other,LOW
best video maker app from photo,50,high,86,3,other,MEDIUM
best video maker app with photo,50,high,86,3,other,MEDIUM
best video maker app with photos and music,50,low,0,3,other,MEDIUM
best video maker app with photos and music for android,50,high,86,3,other,LOW
best video maker app with photos and song,50,medium,57,3,other,MEDIUM
best video maker for photos,50,high,93,3,other,MEDIUM
best video maker for pictures,50,high,79,3,other,MEDIUM
best video maker using photos,50,high,93,3,other,MEDIUM
best video maker with photos and music,50,high,82,3,other,MEDIUM
best video maker with pictures and music,50,medium,52,3,other,MEDIUM
best video making app from photos,50,medium,43,3,other,MEDIUM
best video making app from pictures,50,high,100,3,other,MEDIUM
best video making app using photos,50,high,100,3,other,MEDIUM
best video making app with photos,50,high,68,3,other,MEDIUM
best video photo app,50,medium,47,3,other,MEDIUM
best video photo collage app,50,high,76,3,other,MEDIUM
best video photo editing app,50,high,84,3,other,MEDIUM
best video photo editing app for android,50,high,86,3,other,LOW
best video photo editor app,50,high,76,3,tools_comparison,MEDIUM
best video photo maker app,50,medium,47,3,other,MEDIUM
best video tape conversion service,50,high,100,2,vhs_legacy,HIGH
best video tape to digital converter,50,high,100,2,vhs_legacy,HIGH
best video to digital transfer service,50,high,100,3,other,HIGH
best way to capture vhs,50,high,100,3,other,MEDIUM
best way to capture vhs to pc,50,high,86,3,other,MEDIUM
best way to convert 8mm film to digital,50,high,100,2,vhs_legacy,MEDIUM
best way to convert 8mm tapes to digital,50,high,100,3,other,MEDIUM
best way to convert 8mm to digital,50,high,100,3,other,MEDIUM
best way to convert old video tapes to digital,50,high,100,2,vhs_legacy,MEDIUM
best way to convert super 8 to digital,50,high,100,2,vhs_legacy,MEDIUM
best way to convert vcr tapes to digital,50,high,100,2,vhs_legacy,MEDIUM
best way to convert vhs,50,high,83,2,vhs_legacy,MEDIUM
best way to convert vhs tapes,50,high,99,2,vhs_legacy,MEDIUM
best way to convert vhs tapes to digital,50,high,100,2,vhs_legacy,MEDIUM
best way to convert vhs tapes to dvd,50,high,100,2,vhs_legacy,MEDIUM
best way to convert vhs to digital at home,50,high,100,2,vhs_legacy,MEDIUM
best way to convert vhs to digital reddit,50,medium,52,2,vhs_legacy,MEDIUM
best way to convert vhs to dvd,50,high,100,2,vhs_legacy,MEDIUM
best way to convert vhs to dvd at home,50,high,100,2,vhs_legacy,MEDIUM
best way to convert vhs to mp4,50,high,79,2,vhs_legacy,MEDIUM
best way to convert video tapes to digital,50,high,100,2,vhs_legacy,MEDIUM
best way to copy vhs to digital,50,high,100,2,vhs_legacy,MEDIUM
best way to copy vhs to dvd,50,high,100,2,vhs_legacy,MEDIUM
best way to create a photo slideshow with music,50,medium,64,1,direct_service,MEDIUM
best way to create a slideshow with music,50,high,78,1,direct_service,MEDIUM
best way to create video from photos,50,high,76,1,direct_service,MEDIUM
best way to digitize 8mm film,50,high,98,2,vhs_legacy,MEDIUM
best way to digitize vhs,50,high,100,2,vhs_legacy,MEDIUM
best way to digitize vhs tapes,50,high,100,2,vhs_legacy,MEDIUM
best way to do a slideshow with music,50,medium,52,1,direct_service,MEDIUM
best way to get vhs to digital,50,high,100,2,vhs_legacy,MEDIUM
best way to make a photo video with music,50,high,90,3,other,MEDIUM
best way to make a slideshow with music on mac,50,medium,57,1,direct_service,LOW
best way to make a slideshow with pictures and music,50,high,85,1,direct_service,MEDIUM
best way to make a video from pictures,50,high,78,3,other,MEDIUM
best way to make a video of pictures,50,high,68,3,other,MEDIUM
best way to make a video with pictures,50,high,78,3,other,MEDIUM
best way to make a video with pictures and music,50,medium,66,3,other,MEDIUM
best way to make a wedding slideshow,50,high,71,1,life_events,MEDIUM
best way to make video from photos,50,high,76,1,direct_service,MEDIUM
best way to make video with pictures and music,50,medium,64,3,other,MEDIUM
best way to organize thousands of photos,50,medium,66,2,photo_organization,MEDIUM
best way to put pictures to music,50,low,14,3,other,MEDIUM
best way to record vhs to digital,50,high,100,2,vhs_legacy,MEDIUM
best way to save vhs tapes,50,high,100,2,vhs_legacy,MEDIUM
best way to transfer 8mm film to digital,50,high,95,2,vhs_legacy,MEDIUM
best way to transfer 8mm to digital,50,high,95,3,other,MEDIUM
best way to transfer vhs tapes to computer,50,high,86,2,vhs_legacy,MEDIUM
best way to transfer vhs tapes to digital,50,high,100,2,vhs_legacy,MEDIUM
best way to transfer vhs tapes to dvd,50,high,100,2,vhs_legacy,MEDIUM
best way to transfer vhs to computer,50,high,100,2,vhs_legacy,MEDIUM
best way to transfer vhs to dvd,50,high,100,2,vhs_legacy,MEDIUM
best way to transfer vhs to dvd at home,50,high,100,2,vhs_legacy,MEDIUM
best website to make a slideshow with music,50,high,77,1,direct_service,MEDIUM
best wedding anniversary gift for husband,50,high,100,2,gift_anniversary,MEDIUM
best wedding anniversary gifts for couples,50,high,100,2,gift_anniversary,MEDIUM
best wedding anniversary gifts for her,50,high,100,2,gift_anniversary,MEDIUM
best wedding anniversary gifts for him,50,high,100,2,gift_anniversary,MEDIUM
best wedding anniversary gifts for parents,50,high,100,2,gift_anniversary,MEDIUM
best wedding gift for husband,50,high,100,3,gift_other,MEDIUM
beta to vhs converter,50,high,100,3,other,HIGH
betamax to dvd transfer,50,high,76,2,vhs_legacy,MEDIUM
bff graduation gifts,50,high,100,2,gift_graduation,MEDIUM
big graduation gift ideas,50,high,67,2,gift_graduation,MEDIUM
big graduation gifts,50,high,100,2,gift_graduation,MEDIUM
birthday cake photo montage,50,low,0,1,direct_service,MEDIUM
birthday collage with music,50,high,86,3,other,MEDIUM
birthday cup design with photo,50,high,100,3,other,MEDIUM
birthday gift for grieving friend,50,high,100,2,gift_birthday,MEDIUM
birthday gift for someone grieving,50,high,100,2,gift_birthday,MEDIUM
birthday photo frame for boyfriend,50,high,100,3,physical_products,MEDIUM
birthday photo montage,50,high,75,1,direct_service,MEDIUM
birthday photo mug,50,high,100,3,physical_products,MEDIUM
birthday photo with music,50,high,91,3,other,MEDIUM
birthday slideshow with music,50,medium,49,1,direct_service,MEDIUM
black personalised mug,50,high,100,3,other,HIGH
blankets personalized with pictures,50,high,100,3,other,HIGH
bmt graduation gift ideas,50,high,100,2,gift_graduation,MEDIUM
bradford exchange graduation gifts,50,low,8,2,gift_graduation,MEDIUM
bridal shower slide show,50,low,29,3,other,MEDIUM
broken chain memorial gifts,50,high,100,2,gift_memorial,MEDIUM
bronze gift ideas for her,50,high,100,3,gift_other,MEDIUM
bronze gift ideas for him,50,high,93,3,gift_other,MEDIUM
bronze wedding anniversary gifts for her,50,high,100,2,gift_anniversary,MEDIUM
bsn graduation gifts,50,high,100,2,gift_graduation,MEDIUM
bsn nursing graduation gifts,50,high,100,2,gift_graduation,MEDIUM
business graduation gifts,50,high,100,2,gift_graduation,MEDIUM
business that converts vhs to dvd,50,high,91,2,vhs_legacy,MEDIUM
buy vhs to digital converter,50,high,88,2,vhs_legacy,HIGH
buy vhs to dvd,50,low,0,2,vhs_legacy,HIGH
buy vhs to dvd converter,50,high,100,2,vhs_legacy,HIGH
camcorder tape to dvd near me,50,high,100,2,vhs_legacy,HIGH
camcorder tape to vhs converter,50,high,93,2,vhs_legacy,HIGH
camcorder tapes to dvd converter,50,low,22,2,vhs_legacy,HIGH
camcorder tapes to dvd service near me,50,high,100,2,vhs_legacy,HIGH
camcorder vhs to digital converter,50,high,100,2,vhs_legacy,HIGH
camcorder video tapes to digital,50,high,100,2,vhs_legacy,HIGH
camera cassette to dvd,50,medium,62,3,other,MEDIUM
camera film roll keychain,50,high,100,3,other,MEDIUM
camera roll picture keychain,50,high,100,3,other,MEDIUM
camera tape to digital,50,high,100,3,other,MEDIUM
candy wedding anniversary gifts,50,high,85,2,gift_anniversary,MEDIUM
capture vcr to pc,50,high,94,3,other,MEDIUM
capture vhs to digital,50,high,100,2,vhs_legacy,MEDIUM
capture video from vcr to computer,50,high,100,3,other,MEDIUM
capture video from vhs to computer,50,high,100,3,other,MEDIUM
car graduation ideas,50,low,31,3,other,MEDIUM
cardinal gifts for lost loved ones,50,high,100,3,gift_other,MEDIUM
care basket for someone grieving,50,high,100,3,other,MEDIUM
care package for loss of loved one,50,high,100,2,gift_memorial,MEDIUM
care package for someone who lost a parent,50,high,100,3,other,MEDIUM
care package for someone who lost a pet,50,high,100,3,other,MEDIUM
care package ideas for a grieving friend,50,high,100,3,other,MEDIUM
care package ideas for condolence,50,high,100,3,other,MEDIUM
care package ideas for death in family,50,high,100,3,other,MEDIUM
care package ideas for funeral,50,high,100,3,other,MEDIUM
care package ideas for grieving family,50,high,100,3,other,MEDIUM
care package ideas for grieving friend,50,high,100,3,other,MEDIUM
care package ideas for someone grieving,50,high,100,3,other,MEDIUM
care package ideas for someone who lost a loved one,50,high,100,3,other,MEDIUM
care package ideas for sympathy,50,high,100,3,other,MEDIUM
casket flower ideas,50,high,83,3,other,MEDIUM
cassette into dvd,50,high,100,3,other,MEDIUM
cassette tape to dvd conversion,50,high,100,3,other,MEDIUM
cassette to dvd converter,50,high,100,3,other,HIGH
cassette to dvd converter near me,50,high,86,3,other,HIGH
cassette to dvd near me,50,high,85,3,other,HIGH
cassette to dvd service,50,medium,57,3,other,HIGH
cassette to vhs converter,50,high,100,3,other,HIGH
cassette video tape to digital,50,high,100,2,vhs_legacy,MEDIUM
cassette video to digital,50,high,99,3,other,MEDIUM
cat memorials and keepsakes,50,high,100,3,other,MEDIUM
ceramic photo mug,50,high,100,3,physical_products,MEDIUM
change 8mm to digital,50,high,100,3,other,MEDIUM
change camcorder tapes to dvd,50,medium,43,2,vhs_legacy,HIGH
change vhs to digital near me,50,high,100,2,vhs_legacy,HIGH
change video tape to dvd,50,high,86,2,vhs_legacy,MEDIUM
change video tapes to digital,50,high,100,2,vhs_legacy,MEDIUM
change video to dvd near me,50,high,100,3,other,HIGH
changing 8mm film to digital,50,high,100,2,vhs_legacy,MEDIUM
changing old video camera tapes to dvd,50,high,100,3,other,MEDIUM
changing super 8 film to dvd,50,high,100,2,vhs_legacy,MEDIUM
changing vcr tapes to dvd,50,high,100,2,vhs_legacy,MEDIUM
changing vhs to dvd near me,50,high,100,2,vhs_legacy,HIGH
cheap graduation gifts for guys,50,high,100,2,gift_graduation,MEDIUM
cheap graduation gifts in bulk,50,high,100,2,gift_graduation,MEDIUM
cheap personalized gifts for mom,50,high,100,2,gift_personalized,HIGH
cheap photo blankets collage,50,high,100,3,physical_products,MEDIUM
cheap photo mugs,50,high,100,3,physical_products,MEDIUM
cheapest place to convert vhs to dvd,50,high,100,2,vhs_legacy,MEDIUM
cheapest vhs to digital service,50,high,100,2,vhs_legacy,HIGH
cheapest way to convert vhs to digital,50,high,100,2,vhs_legacy,MEDIUM
cheapest way to convert vhs to dvd,50,high,100,2,vhs_legacy,MEDIUM
cheapest way to transfer vhs to dvd,50,high,100,2,vhs_legacy,MEDIUM
cheese gift basket ideas,50,high,100,3,gift_other,MEDIUM
chiropractor graduation gifts,50,high,100,2,gift_graduation,MEDIUM
christian graduation gift ideas,50,high,100,2,gift_graduation,MEDIUM
christian graduation gifts for her,50,high,88,2,gift_graduation,MEDIUM
christmas bereavement gift,50,high,100,2,gift_memorial,MEDIUM
christmas gift for someone who lost their dad,50,high,100,3,gift_other,MEDIUM
christmas gift for someone who lost their mother,50,high,100,3,gift_other,MEDIUM
christmas gift idea for someone who lost a loved one,50,high,100,3,gift_other,MEDIUM
christmas gift ideas for grieving family,50,high,100,3,gift_other,MEDIUM
christmas gifts for grad students,50,high,100,3,gift_other,MEDIUM
christmas gifts for grieving family,50,high,100,3,gift_other,MEDIUM
christmas gifts for someone who lost their mom,50,high,100,3,gift_other,MEDIUM
christmas gifts remembering lost loved ones,50,high,100,3,gift_other,MEDIUM
christmas memorial gift ideas,50,high,100,2,gift_memorial,MEDIUM
christmas ornament for someone who lost a loved one,50,high,100,3,other,MEDIUM
christmas ornaments death loved one,50,high,100,3,other,MEDIUM
christmas presents for someone who lost a loved one,50,high,100,3,gift_other,MEDIUM
christmas remembrance gifts,50,high,100,2,gift_memorial,MEDIUM
christmas sympathy gifts,50,high,100,2,gift_memorial,MEDIUM
class graduation gift ideas,50,high,100,2,gift_graduation,MEDIUM
class graduation gifts,50,high,67,2,gift_graduation,MEDIUM
classy graduation gifts,50,high,100,2,gift_graduation,MEDIUM
classy sympathy gifts,50,high,100,2,gift_memorial,MEDIUM
clearclick digital converter,50,high,100,3,other,HIGH
clearclick vhs to dvd,50,high,89,2,vhs_legacy,MEDIUM
clearclick video 2 digital 2.0,50,high,82,3,other,MEDIUM
clearclick video 2 digital 3.0,50,medium,55,3,other,MEDIUM
clearclick video 2 digital converter,50,low,20,3,other,HIGH
clearclick video 2 digital converter 2.0,50,high,73,3,other,HIGH
clearclick video converter,50,high,100,3,other,HIGH
clearclick video to digital 2.0,50,high,99,3,other,MEDIUM
clearclick video to digital converter 2.0 best buy,50,high,100,3,other,HIGH
clearclick video to digital converter 2.0 record video from vcr's,50,high,100,3,other,HIGH
clearclick video2digital 2.0,50,high,100,3,other,MEDIUM
cna graduation gifts,50,high,100,2,gift_graduation,MEDIUM
coffee mug photo printing near me,50,high,100,3,physical_products,HIGH
coffee mug printing near me,50,high,100,3,other,HIGH
coffee mug with photo printing near me,50,high,100,3,physical_products,HIGH
coffee mug with picture printed on it,50,high,100,3,other,MEDIUM
coffee mugs with photos printed on it,50,high,100,3,other,MEDIUM
coffee mugs with pictures on them,50,high,100,3,other,MEDIUM
collage maker with song,50,low,21,3,other,MEDIUM
collage photo cushion,50,low,0,3,other,MEDIUM
collage video app free,50,high,86,3,other,LOW
collage with background music,50,low,0,3,other,MEDIUM
collage with music,50,high,93,3,other,MEDIUM
collage with music free,50,high,86,3,other,LOW
collage with music maker,50,high,71,3,other,MEDIUM
combine photo and music online,50,low,14,3,other,LOW
combine photos and videos with music,50,high,100,3,other,MEDIUM
combine photos with music,50,medium,51,3,other,MEDIUM
combine video and photo app,50,high,78,3,other,MEDIUM
comfort sympathy gifts,50,high,100,2,gift_memorial,MEDIUM
comforting gifts for grieving friend,50,high,100,3,gift_other,MEDIUM
commercial vhs to dvd converter,50,high,100,2,vhs_legacy,HIGH
common graduation gifts,50,medium,66,2,gift_graduation,MEDIUM
compact vhs converter,50,high,100,3,other,HIGH
compact vhs to digital,50,high,96,2,vhs_legacy,MEDIUM
compact video cassette converter,50,high,95,3,other,HIGH
compact video cassette to digital,50,high,100,3,other,MEDIUM
companies that change vhs to dvd,50,high,100,2,vhs_legacy,MEDIUM
companies that convert 8mm to digital,50,high,99,3,other,MEDIUM
companies that convert vhs tapes to digital,50,high,100,2,vhs_legacy,MEDIUM
companies that convert vhs tapes to dvd,50,high,82,2,vhs_legacy,MEDIUM
companies that convert vhs to digital near me,50,high,100,2,vhs_legacy,HIGH
companies that digitize vhs tapes,50,high,100,2,vhs_legacy,MEDIUM
companies that transfer 8mm film to dvd,50,high,100,2,vhs_legacy,MEDIUM
companies that transfer vhs tapes to dvd,50,high,82,2,vhs_legacy,MEDIUM
companies that turn vhs tapes into dvds,50,high,100,2,vhs_legacy,MEDIUM
companies who convert vhs tapes to dvd,50,high,86,2,vhs_legacy,MEDIUM
company that converts 8mm to dvd,50,high,100,3,other,MEDIUM
company that converts vhs to digital,50,high,100,2,vhs_legacy,MEDIUM
company that turns vhs into dvd,50,high,100,3,other,MEDIUM
company to convert vhs to digital,50,high,100,2,vhs_legacy,MEDIUM
condolence gift for friend,50,high,100,2,gift_memorial,MEDIUM
condolence gift ideas for loss of father,50,high,100,2,gift_memorial,MEDIUM
condolence gift ideas for loss of mother,50,high,100,2,gift_memorial,MEDIUM
condolence gift ideas for men,50,high,100,2,gift_memorial,MEDIUM
condolence gifts for coworkers,50,high,100,2,gift_memorial,MEDIUM
condolence gifts for loss of sister,50,high,100,2,gift_memorial,MEDIUM
condolence gifts for loss of son,50,high,100,2,gift_memorial,MEDIUM
condolence ideas,50,high,100,3,other,MEDIUM
condolence package ideas,50,high,100,3,other,MEDIUM
condolence present ideas,50,high,100,3,gift_other,MEDIUM
condolence sympathy basket ideas,50,high,93,3,other,MEDIUM
condolence sympathy gift ideas,50,high,100,2,gift_memorial,MEDIUM
condolences care package ideas,50,high,94,3,other,MEDIUM
congrats grad gifts,50,high,100,2,gift_graduation,MEDIUM
congratulations gift for graduation,50,high,92,3,gift_other,MEDIUM
congratulations ideas for graduation,50,high,100,3,other,MEDIUM
connect vhs to computer,50,high,100,3,other,MEDIUM
connect vhs to pc,50,high,88,3,other,MEDIUM
consolation gift ideas,50,high,100,3,gift_other,MEDIUM
contemporary anniversary gifts,50,high,86,2,gift_anniversary,MEDIUM
conversion of vhs tapes to digital,50,high,100,2,vhs_legacy,MEDIUM
convert 8 mm film,50,high,100,3,other,MEDIUM
convert 8 mm film to digital,50,high,100,2,vhs_legacy,MEDIUM
convert 8mm film reel to dvd,50,medium,57,2,vhs_legacy,MEDIUM
convert 8mm film to cd,50,high,94,2,vhs_legacy,MEDIUM
convert 8mm film to digital at home,50,high,96,2,vhs_legacy,MEDIUM
convert 8mm film to digital costco,50,high,81,2,vhs_legacy,HIGH
convert 8mm film to digital equipment,50,high,100,2,vhs_legacy,MEDIUM
convert 8mm film to digital service,50,high,77,2,vhs_legacy,HIGH
convert 8mm film to digital video,50,low,0,2,vhs_legacy,MEDIUM
convert 8mm film to digital with sound,50,high,100,2,vhs_legacy,MEDIUM
convert 8mm film to dvd,50,high,100,2,vhs_legacy,MEDIUM
convert 8mm film to dvd at home,50,high,100,2,vhs_legacy,MEDIUM
convert 8mm film to mp4,50,high,74,2,vhs_legacy,MEDIUM
convert 8mm film to usb,50,high,100,2,vhs_legacy,MEDIUM
convert 8mm film to video,50,high,100,2,vhs_legacy,MEDIUM
convert 8mm home movies to digital,50,high,98,2,vhs_legacy,MEDIUM
convert 8mm movie film to dvd,50,high,100,3,other,MEDIUM
convert 8mm movies to dvd at home,50,high,100,3,other,MEDIUM
convert 8mm mp to digital,50,high,100,3,other,MEDIUM
convert 8mm reel to digital,50,high,98,3,other,MEDIUM
convert 8mm tape to digital at home,50,high,100,3,other,MEDIUM
convert 8mm tapes to digital service,50,high,100,3,other,HIGH
convert 8mm tapes to dvd near me,50,high,76,3,other,HIGH
convert 8mm to,50,high,100,3,other,MEDIUM
convert 8mm to digital at home,50,high,96,3,other,MEDIUM
convert 8mm to digital costco,50,high,81,3,other,HIGH
convert 8mm to digital equipment,50,high,100,3,other,MEDIUM
convert 8mm to digital service,50,high,77,3,other,HIGH
convert 8mm to dvd at home,50,high,100,3,other,MEDIUM
convert 8mm to dvd costco,50,high,100,3,other,HIGH
convert 8mm to dvd equipment,50,high,100,3,other,MEDIUM
convert 8mm to dvd service near me,50,high,100,3,other,HIGH
convert 8mm to dvd walmart,50,high,100,3,other,MEDIUM
convert 8mm to mp4,50,high,74,3,other,MEDIUM
convert 8mm vhs to digital,50,high,100,2,vhs_legacy,MEDIUM
convert 8mm video cassette to digital near me,50,high,100,3,other,HIGH
convert 8mm video cassette to digital without the camcorder,50,high,100,3,other,HIGH
convert 8mm video tapes to digital,50,high,100,2,vhs_legacy,MEDIUM
convert 8mm video to digital near me,50,high,79,3,other,HIGH
convert 8mm video to dvd,50,high,100,3,other,MEDIUM
convert a vhs to digital,50,high,100,2,vhs_legacy,MEDIUM
convert analogue video to digital,50,high,100,3,other,MEDIUM
convert beta tapes to digital,50,high,100,3,other,MEDIUM
convert beta tapes to dvd,50,high,93,3,other,MEDIUM
convert beta to dvd near me,50,high,100,3,other,HIGH
convert camcorder tapes to digital near me,50,high,100,2,vhs_legacy,HIGH
convert camcorder tapes to dvd near me,50,medium,48,2,vhs_legacy,HIGH
convert cassette tape to dvd,50,high,79,3,other,MEDIUM
convert cassette to dvd,50,high,79,3,other,MEDIUM
convert compact vhs to digital,50,high,100,2,vhs_legacy,MEDIUM
convert digital tapes to dvd,50,high,100,3,other,MEDIUM
convert digital video cassette to dvd,50,high,100,3,other,MEDIUM
convert family videos to digital,50,high,99,3,other,MEDIUM
convert film reels to digital,50,high,100,3,other,MEDIUM
convert h8 tape to dvd,50,high,100,3,other,MEDIUM
convert handycam video to digital,50,high,100,3,other,MEDIUM
convert hi 8mm to digital,50,high,100,3,other,MEDIUM
convert home vhs to digital,50,high,100,2,vhs_legacy,MEDIUM
convert home videos to dvd,50,high,100,3,other,MEDIUM
convert home videos to usb,50,high,100,3,other,MEDIUM
convert kodachrome slides to digital,50,high,99,3,other,MEDIUM
convert mini dv to dvd,50,high,100,2,vhs_legacy,MEDIUM
convert mini vhs tapes to digital,50,high,100,2,vhs_legacy,MEDIUM
convert mini vhs to digital,50,high,100,2,vhs_legacy,MEDIUM
convert mini vhs to dvd,50,high,100,2,vhs_legacy,MEDIUM
convert my vhs tapes to digital,50,high,100,2,vhs_legacy,MEDIUM
convert my vhs tapes to dvd,50,high,100,2,vhs_legacy,MEDIUM
convert my vhs to digital,50,high,100,2,vhs_legacy,MEDIUM
convert my vhs to dvd,50,high,99,2,vhs_legacy,MEDIUM
convert old 8mm film to digital,50,high,73,2,vhs_legacy,MEDIUM
convert old 8mm film to dvd,50,high,100,2,vhs_legacy,MEDIUM
convert old 8mm movies to digital,50,high,100,3,other,MEDIUM
convert old 8mm tapes to digital,50,high,99,3,other,MEDIUM
convert old camcorder tapes to dvd,50,high,100,2,vhs_legacy,HIGH
convert old film reels to digital,50,high,98,3,other,MEDIUM
convert old film reels to digital near me,50,high,94,3,other,HIGH
convert old film to digital near me,50,high,85,2,vhs_legacy,HIGH
convert old home movies,50,high,98,2,vhs_legacy,MEDIUM
convert old home movies to digital,50,high,100,2,vhs_legacy,MEDIUM
convert old home videos to digital,50,high,100,3,other,MEDIUM
convert old movie film to digital,50,high,92,2,vhs_legacy,MEDIUM
convert old movies to dvd,50,high,100,3,other,MEDIUM
convert old reel movies to dvd,50,high,100,3,other,MEDIUM
convert old tapes to digital near me,50,high,100,2,vhs_legacy,HIGH
convert old tapes to dvd,50,high,100,2,vhs_legacy,MEDIUM
convert old tapes to dvd near me,50,high,100,2,vhs_legacy,HIGH
convert old vcr tapes to dvd,50,high,100,2,vhs_legacy,MEDIUM
convert old vcr to digital,50,high,100,2,vhs_legacy,MEDIUM
convert old vhs movies to digital,50,high,100,3,other,MEDIUM
convert old vhs tapes to digital,50,high,100,2,vhs_legacy,MEDIUM
convert old vhs tapes to digital files,50,high,71,2,vhs_legacy,MEDIUM
convert old vhs tapes to dvd,50,high,100,2,vhs_legacy,MEDIUM
convert old vhs to digital,50,high,100,2,vhs_legacy,MEDIUM
convert old vhs to digital near me,50,high,95,2,vhs_legacy,HIGH
convert old vhs to dvd,50,high,100,2,vhs_legacy,MEDIUM
convert old video cassette tapes to digital,50,high,98,2,vhs_legacy,MEDIUM
convert old video cassettes to digital,50,high,95,2,vhs_legacy,MEDIUM
convert old video tapes,50,high,100,2,vhs_legacy,MEDIUM
convert old video tapes to digital near me,50,high,77,2,vhs_legacy,HIGH
convert old video tapes to dvd,50,high,100,2,vhs_legacy,MEDIUM
convert old videos to digital near me,50,high,100,2,vhs_legacy,HIGH
convert old videos to dvd,50,high,67,2,vhs_legacy,MEDIUM
convert pal vhs to digital,50,high,99,2,vhs_legacy,MEDIUM
convert photos to video with music,50,high,89,3,other,MEDIUM
convert pictures to video with music,50,high,89,3,other,MEDIUM
convert reel film to digital,50,high,100,2,vhs_legacy,MEDIUM
convert reel to reel to dvd near me,50,high,69,3,other,HIGH
convert reels to dvd,50,high,100,3,other,MEDIUM
convert small vhs to digital,50,high,100,2,vhs_legacy,MEDIUM
convert small video tapes to digital,50,high,90,2,vhs_legacy,MEDIUM
convert super 8 film,50,high,100,2,vhs_legacy,MEDIUM
convert super 8 movies to dvd,50,high,100,2,vhs_legacy,MEDIUM
convert super 8 sound to digital,50,high,93,2,vhs_legacy,MEDIUM
convert super 8 to digital costco,50,high,86,2,vhs_legacy,HIGH
convert super 8 to digital near me,50,high,91,2,vhs_legacy,HIGH
convert super 8 to digital with sound,50,high,100,2,vhs_legacy,MEDIUM
convert super 8 video to digital,50,high,100,2,vhs_legacy,MEDIUM
convert super 8mm movies to dvd,50,high,100,2,vhs_legacy,MEDIUM
convert tape to dvd near me,50,high,99,3,other,HIGH
convert to vhs,50,medium,59,3,other,MEDIUM
convert v8 tapes to digital,50,high,100,3,other,MEDIUM
convert vcr cassette to cd,50,high,100,2,vhs_legacy,MEDIUM
convert vcr tape to dvd near me,50,high,91,2,vhs_legacy,HIGH
convert vcr tapes to cd,50,high,100,2,vhs_legacy,MEDIUM
convert vcr tapes to digital near me,50,high,98,2,vhs_legacy,HIGH
convert vcr tapes to dvd walmart,50,high,100,2,vhs_legacy,MEDIUM
convert vcr tapes to usb,50,high,100,2,vhs_legacy,MEDIUM
convert vcr to digital near me,50,high,99,2,vhs_legacy,HIGH
convert vcr to disc,50,high,100,2,vhs_legacy,MEDIUM
convert vcr to mp4,50,medium,66,2,vhs_legacy,MEDIUM
convert vcr to usb near me,50,high,76,2,vhs_legacy,HIGH
convert vhs 8mm to digital,50,high,100,2,vhs_legacy,MEDIUM
convert vhs and 8mm tapes to dvd,50,high,100,2,vhs_legacy,MEDIUM
convert vhs and 8mm to digital,50,high,100,2,vhs_legacy,MEDIUM
convert vhs and dvd to digital,50,high,100,2,vhs_legacy,MEDIUM
convert vhs c tapes to digital,50,medium,59,2,vhs_legacy,MEDIUM
convert vhs c tapes to dvd,50,high,100,2,vhs_legacy,MEDIUM
convert vhs c to digital near me,50,high,84,2,vhs_legacy,HIGH
convert vhs c to digital service,50,high,100,2,vhs_legacy,HIGH
convert vhs camcorder to digital,50,high,97,2,vhs_legacy,HIGH
convert vhs home movies to digital,50,high,99,2,vhs_legacy,MEDIUM
convert vhs home movies to dvd,50,high,98,2,vhs_legacy,MEDIUM
convert vhs movie to dvd,50,high,100,2,vhs_legacy,MEDIUM
convert vhs movies to digital,50,high,100,2,vhs_legacy,MEDIUM
convert vhs near me,50,high,80,2,vhs_legacy,HIGH
convert vhs tape to dvd services,50,high,79,2,vhs_legacy,HIGH
convert vhs tape to thumb drive,50,high,100,2,vhs_legacy,MEDIUM
convert vhs tapes into digital files,50,high,100,2,vhs_legacy,MEDIUM
convert vhs tapes to cd,50,high,100,2,vhs_legacy,MEDIUM
convert vhs tapes to digital media,50,high,100,2,vhs_legacy,MEDIUM
convert vhs tapes to digital near me,50,high,100,2,vhs_legacy,HIGH
convert vhs tapes to digital service,50,high,100,2,vhs_legacy,HIGH
convert vhs tapes to disc,50,high,100,2,vhs_legacy,MEDIUM
convert vhs tapes to dvd near me,50,high,79,2,vhs_legacy,HIGH
convert vhs tapes to flash drive,50,high,100,2,vhs_legacy,MEDIUM
convert vhs tapes to memory stick,50,high,100,2,vhs_legacy,MEDIUM
convert vhs tapes to mp4,50,high,100,2,vhs_legacy,MEDIUM
convert vhs tapes to usb,50,high,100,2,vhs_legacy,MEDIUM
convert vhs to,50,high,100,2,vhs_legacy,MEDIUM
convert vhs to 1080p,50,high,100,2,vhs_legacy,MEDIUM
convert vhs to avi,50,low,14,2,vhs_legacy,MEDIUM
convert vhs to blu ray,50,high,84,2,vhs_legacy,MEDIUM
convert vhs to cd near me,50,high,98,2,vhs_legacy,HIGH
convert vhs to cd services,50,high,100,2,vhs_legacy,HIGH
convert vhs to cd walmart,50,high,100,2,vhs_legacy,MEDIUM
convert vhs to cloud,50,high,100,2,vhs_legacy,MEDIUM
convert vhs to computer file,50,high,100,2,vhs_legacy,MEDIUM
convert vhs to digital amazon,50,high,99,2,vhs_legacy,MEDIUM
convert vhs to digital best quality,50,high,100,2,vhs_legacy,MEDIUM
convert vhs to digital companies,50,high,100,2,vhs_legacy,MEDIUM
convert vhs to digital converter,50,high,100,2,vhs_legacy,HIGH
convert vhs to digital cost,50,high,96,2,vhs_legacy,HIGH
convert vhs to digital costco,50,high,100,2,vhs_legacy,HIGH
convert vhs to digital costco canada,50,high,100,2,vhs_legacy,HIGH
convert vhs to digital format,50,high,100,2,vhs_legacy,MEDIUM
convert vhs to digital media,50,high,100,2,vhs_legacy,MEDIUM
convert vhs to digital nearby,50,high,77,2,vhs_legacy,MEDIUM
convert vhs to digital reddit,50,high,73,2,vhs_legacy,MEDIUM
convert vhs to digital service near me,50,high,72,2,vhs_legacy,HIGH
convert vhs to digital video,50,high,100,2,vhs_legacy,MEDIUM
convert vhs to digital walgreens,50,high,70,2,vhs_legacy,MEDIUM
convert vhs to digital walmart,50,high,98,2,vhs_legacy,MEDIUM
convert vhs to digital without vcr,50,high,100,2,vhs_legacy,MEDIUM
convert vhs to dvd cost,50,high,81,2,vhs_legacy,HIGH
convert vhs to dvd cvs,50,medium,53,2,vhs_legacy,MEDIUM
convert vhs to dvd nearby,50,high,94,2,vhs_legacy,MEDIUM
convert vhs to dvd player,50,high,100,2,vhs_legacy,MEDIUM
convert vhs to dvd store,50,medium,38,2,vhs_legacy,MEDIUM
convert vhs to dvd walgreens,50,medium,60,2,vhs_legacy,MEDIUM
convert vhs to dvd without vcr,50,high,100,2,vhs_legacy,MEDIUM
convert vhs to dvd without vhs player,50,high,100,2,vhs_legacy,MEDIUM
convert vhs to external hard drive,50,high,100,2,vhs_legacy,MEDIUM
convert vhs to file,50,high,100,2,vhs_legacy,MEDIUM
convert vhs to flash drive near me,50,high,69,2,vhs_legacy,HIGH
convert vhs to hard drive,50,high,100,2,vhs_legacy,MEDIUM
convert vhs to hd,50,high,100,2,vhs_legacy,MEDIUM
convert vhs to hd quality,50,high,100,2,vhs_legacy,MEDIUM
convert vhs to memory stick,50,high,100,2,vhs_legacy,MEDIUM
convert vhs to mp4 near me,50,high,100,2,vhs_legacy,HIGH
convert vhs to mp4 service,50,medium,44,2,vhs_legacy,HIGH
convert vhs to mp4 service near me,50,high,100,2,vhs_legacy,HIGH
convert vhs to mpeg,50,high,100,2,vhs_legacy,MEDIUM
convert vhs to usb drive,50,high,94,2,vhs_legacy,MEDIUM
convert vhs to usb near me,50,high,81,2,vhs_legacy,HIGH
convert vhs to usb service near me,50,high,99,2,vhs_legacy,HIGH
convert vhs to video file,50,high,100,2,vhs_legacy,MEDIUM
convert vhs video tapes to digital,50,high,100,2,vhs_legacy,MEDIUM
convert vhs videos to digital format,50,high,100,2,vhs_legacy,MEDIUM
convert video camera tapes to dvd,50,high,100,3,other,MEDIUM
convert video cassette tape to digital format,50,high,100,3,other,MEDIUM
convert video cassette tapes to digital,50,high,97,3,other,MEDIUM
convert video cassette to cd,50,high,100,3,other,MEDIUM
convert video cassette to cd service near me,50,high,71,3,other,HIGH
convert video cassette to digital near me,50,high,100,3,other,HIGH
convert video cassette to dvd near me,50,high,100,3,other,HIGH
convert video cassette to mp4,50,high,100,3,other,MEDIUM
convert video cassette to usb,50,high,96,3,other,MEDIUM
convert video into dvd,50,high,100,3,other,MEDIUM
convert video tape to usb,50,high,100,2,vhs_legacy,MEDIUM
convert video tapes to cd,50,high,100,2,vhs_legacy,MEDIUM
convert video tapes to digital costco,50,high,100,2,vhs_legacy,HIGH
convert video tapes to digital near me,50,high,100,2,vhs_legacy,HIGH
convert video tapes to dvd near me,50,high,100,2,vhs_legacy,HIGH
convert video to digital near me,50,high,100,3,other,HIGH
convert video to digital service,50,high,71,3,other,HIGH
convert video to dvd format,50,high,70,3,other,MEDIUM
convert video to dvd near me,50,high,100,3,other,HIGH
convert video to dvd shops near me,50,high,100,3,other,HIGH
convert video to memory stick,50,high,100,3,other,MEDIUM
convert video to vhs,50,high,92,3,other,MEDIUM
convert your 8mm home videos to digital,50,high,94,3,other,MEDIUM
convert your vhs to digital,50,high,100,2,vhs_legacy,MEDIUM
convert your vhs to dvd,50,medium,61,2,vhs_legacy,MEDIUM
converting 8 mm to digital,50,high,97,3,other,MEDIUM
converting 8mm film to digital costco,50,high,81,2,vhs_legacy,HIGH
converting 8mm movies to digital format,50,high,92,3,other,MEDIUM
converting 8mm to digital near me,50,high,78,3,other,HIGH
converting 8mm to dvd near me,50,high,89,3,other,HIGH
converting a vhs tape to a dvd,50,high,100,2,vhs_legacy,MEDIUM
converting a vhs tape to digital,50,high,100,2,vhs_legacy,MEDIUM
converting camcorder video tape to digital,50,high,96,2,vhs_legacy,HIGH
converting home video tapes to digital,50,high,100,2,vhs_legacy,MEDIUM
converting mini vhs tapes to dvd,50,high,100,2,vhs_legacy,MEDIUM
converting mini video tapes to digital,50,high,67,2,vhs_legacy,MEDIUM
converting movie reels to dvd,50,high,100,3,other,MEDIUM
converting old 8mm movies to dvd,50,high,100,3,other,MEDIUM
converting old film reels to dvd,50,high,100,3,other,MEDIUM
converting old film to dvd,50,high,100,3,other,MEDIUM
converting old vhs tapes to digital format,50,high,100,2,vhs_legacy,MEDIUM
converting old vhs to digital,50,high,99,2,vhs_legacy,MEDIUM
converting old video camera tapes to digital,50,high,95,3,other,MEDIUM
converting reel film to dvd,50,high,71,3,other,MEDIUM
converting super 8 film to digital near me,50,high,75,2,vhs_legacy,HIGH
converting super 8 to digital near me,50,medium,64,2,vhs_legacy,HIGH
converting super 8 to dvd,50,low,17,2,vhs_legacy,MEDIUM
converting tapes to dvd service,50,high,81,3,other,HIGH
converting vcr tapes to digital format,50,high,100,2,vhs_legacy,MEDIUM
converting vhs home movies to digital,50,high,99,2,vhs_legacy,MEDIUM
converting vhs tapes to digital files,50,medium,37,2,vhs_legacy,MEDIUM
converting vhs tapes to digital format,50,high,92,2,vhs_legacy,MEDIUM
converting vhs tapes to digital near me,50,high,94,2,vhs_legacy,HIGH
converting vhs tapes to dvd near me,50,high,98,2,vhs_legacy,HIGH
converting vhs tapes to thumb drive,50,high,100,2,vhs_legacy,MEDIUM
converting vhs tapes to usb,50,high,100,2,vhs_legacy,MEDIUM
converting vhs to cd near me,50,high,69,3,other,HIGH
converting vhs to digital at home,50,high,100,2,vhs_legacy,MEDIUM
converting vhs to digital files,50,high,100,2,vhs_legacy,MEDIUM
converting vhs to digital walmart,50,high,71,2,vhs_legacy,MEDIUM
converting vhs to dvd at home,50,high,100,2,vhs_legacy,MEDIUM
converting vhs to dvd service near me,50,high,100,2,vhs_legacy,HIGH
converting vhs to thumb drive,50,high,100,3,other,MEDIUM
converting video tapes to digital files,50,high,100,2,vhs_legacy,MEDIUM
convocation gift ideas,50,low,10,2,gift_graduation,MEDIUM
convocation gift ideas for her,50,high,100,2,gift_graduation,MEDIUM
convocation gift ideas for him,50,high,100,2,gift_graduation,MEDIUM
convocation gifts for him,50,high,100,2,gift_graduation,MEDIUM
cool graduation gift ideas,50,high,79,2,gift_graduation,MEDIUM
cool graduation presents,50,high,100,2,gift_graduation,MEDIUM
cool mothers day,50,low,0,2,gift_mothers,MEDIUM
cool mothers day presents,50,high,100,2,gift_mothers,MEDIUM
cool mum gifts,50,high,100,2,gift_mothers,MEDIUM
cool photo gifts for dad,50,high,100,2,gift_personalized,MEDIUM
cool unique gifts for mom,50,high,100,2,gift_personalized,MEDIUM
cop graduation gift,50,high,100,2,gift_graduation,MEDIUM
copper 22nd anniversary gifts for him,50,high,100,2,gift_anniversary,MEDIUM
copper 22nd wedding anniversary gifts for him,50,high,100,2,gift_anniversary,MEDIUM
copper wedding anniversary gifts for her,50,high,100,2,gift_anniversary,MEDIUM
copper wedding anniversary gifts for him,50,high,100,2,gift_anniversary,MEDIUM
copy 8mm film to digital,50,high,100,2,vhs_legacy,MEDIUM
copy 8mm film to dvd,50,high,100,2,vhs_legacy,MEDIUM
copy 8mm tape to computer,50,high,100,3,other,MEDIUM
copy 8mm tapes to dvd,50,high,100,3,other,MEDIUM
copy 8mm to dvd,50,high,100,3,other,MEDIUM
copy dvd to vhs,50,medium,48,3,other,MEDIUM
copy protected vhs to dvd,50,high,83,2,vhs_legacy,MEDIUM
copy super 8 film to computer,50,high,100,2,vhs_legacy,MEDIUM
copy super 8 film to dvd,50,low,14,2,vhs_legacy,MEDIUM
copy super 8 movies to dvd,50,low,14,2,vhs_legacy,MEDIUM
copy vcr tape to computer,50,high,100,2,vhs_legacy,MEDIUM
copy vcr tapes to dvd,50,high,100,2,vhs_legacy,MEDIUM
copy vcr to computer,50,high,100,3,other,MEDIUM
copy vcr to dvd,50,high,92,3,other,MEDIUM
copy vcr to dvd service,50,high,100,3,other,HIGH
copy vhs tape to computer,50,high,100,2,vhs_legacy,MEDIUM
copy vhs tapes to digital,50,high,100,2,vhs_legacy,MEDIUM
copy vhs tapes to dvd near me,50,high,71,2,vhs_legacy,HIGH
copy vhs to cd,50,high,100,3,other,MEDIUM
copy vhs to dvd player,50,high,100,2,vhs_legacy,MEDIUM
copy vhs to dvd recorder,50,high,100,2,vhs_legacy,HIGH
copy vhs to dvd service,50,high,100,2,vhs_legacy,HIGH
copy vhs to dvd using computer,50,high,100,2,vhs_legacy,MEDIUM
copy vhs to flash drive,50,high,100,3,other,MEDIUM
copy video tape to dvd,50,high,67,2,vhs_legacy,MEDIUM
copying tapes to dvd,50,high,67,3,other,MEDIUM
copying vhs tapes to dvd,50,high,100,2,vhs_legacy,MEDIUM
copying video tapes to computer,50,high,100,2,vhs_legacy,MEDIUM
coral anniversary gift ideas,50,high,100,2,gift_anniversary,MEDIUM
coral anniversary gifts for wife,50,high,100,2,gift_anniversary,MEDIUM
corporate sympathy gifts,50,high,100,2,gift_memorial,MEDIUM
correctional officer graduation gifts,50,high,100,2,gift_graduation,MEDIUM
cost of converting 8mm film to digital,50,high,100,2,vhs_legacy,HIGH
cost of converting vhs to digital,50,high,100,2,vhs_legacy,HIGH
cost of converting video to dvd,50,high,86,3,other,HIGH
cost of transferring 8mm film to dvd,50,high,98,2,vhs_legacy,HIGH
cost of transferring vhs to digital,50,high,99,2,vhs_legacy,HIGH
cost of vhs to dvd,50,medium,63,2,vhs_legacy,HIGH
cost to convert 8mm film to digital,50,high,100,2,vhs_legacy,HIGH
cost to convert 8mm film to dvd,50,medium,60,2,vhs_legacy,HIGH
cost to convert 8mm to digital,50,high,100,3,other,HIGH
cost to convert 8mm to dvd,50,high,98,3,other,HIGH
cost to convert vcr tapes to dvd,50,high,100,2,vhs_legacy,HIGH
cost to convert vhs tapes to digital,50,high,100,2,vhs_legacy,HIGH
cost to convert vhs to digital,50,high,100,2,vhs_legacy,HIGH
cost to digitize 8mm film,50,high,100,2,vhs_legacy,HIGH
cost to digitize vhs tapes,50,high,100,2,vhs_legacy,HIGH
cost to transfer 8mm to digital,50,high,100,3,other,HIGH
cost to transfer 8mm to dvd,50,high,98,3,other,HIGH
cost to transfer super 8 film to dvd,50,medium,57,2,vhs_legacy,HIGH
cost to transfer vhs to digital,50,high,100,2,vhs_legacy,HIGH
costco 8mm conversion,50,high,90,3,other,HIGH
costco 8mm film transfer,50,medium,61,2,vhs_legacy,HIGH
costco 8mm to digital,50,high,86,3,other,HIGH
costco 8mm to dvd,50,high,100,3,other,HIGH
costco 8mm video transfer,50,high,100,3,other,HIGH
costco conversion of vhs to dvd,50,low,0,2,vhs_legacy,HIGH
costco convert 8mm to digital,50,high,98,3,other,HIGH
costco convert 8mm to dvd,50,high,100,3,other,HIGH
costco convert tapes to digital,50,high,98,3,other,HIGH
costco convert vhs to digital,50,high,100,2,vhs_legacy,HIGH
costco converting video tapes to dvd,50,high,100,2,vhs_legacy,HIGH
costco digitize vhs,50,high,100,2,vhs_legacy,HIGH
costco personalized mugs,50,high,100,3,other,HIGH
costco super 8 film transfer,50,high,88,2,vhs_legacy,HIGH
costco tape to dvd,50,high,93,3,other,HIGH
costco tape transfer,50,high,100,3,other,HIGH
costco transfer 8mm to dvd,50,high,100,3,other,HIGH
costco transfer vhs to digital,50,high,100,2,vhs_legacy,HIGH
costco vcr conversion,50,high,71,3,other,HIGH
costco vcr to digital,50,high,95,2,vhs_legacy,HIGH
costco vhs conversion service,50,high,86,2,vhs_legacy,HIGH
costco vhs tape conversion,50,high,91,2,vhs_legacy,HIGH
costco vhs to digital conversion,50,high,100,2,vhs_legacy,HIGH
costco vhs to dvd service,50,high,77,2,vhs_legacy,HIGH
costco vhs to flash drive,50,high,100,3,other,HIGH
costco video tape conversion,50,high,100,2,vhs_legacy,HIGH
costco video tape transfer,50,high,100,2,vhs_legacy,HIGH
cotton anniversary gift ideas for him,50,high,100,2,gift_anniversary,MEDIUM
cotton gift ideas for him,50,high,100,3,gift_other,MEDIUM
cotton wedding anniversary gift ideas,50,high,100,2,gift_anniversary,MEDIUM
cotton wedding anniversary gifts for him,50,high,100,2,gift_anniversary,MEDIUM
cotton wedding anniversary ideas,50,high,100,2,gift_anniversary,MEDIUM
country family reunion videos youtube,50,low,0,1,life_events,MEDIUM
couple cup photo frame,50,high,75,3,physical_products,MEDIUM
couple gifts for parents anniversary,50,high,100,3,gift_other,MEDIUM
couple keychain photo,50,high,88,3,other,MEDIUM
couple mugs with photos,50,high,100,3,other,MEDIUM
couple photo keychain,50,high,100,3,other,MEDIUM
couple photo mug,50,high,100,3,physical_products,MEDIUM
couple photo pillow,50,high,100,3,other,MEDIUM
couple song picture frame,50,medium,53,3,physical_products,MEDIUM
coworker picture frame,50,high,100,3,physical_products,MEDIUM
crafty graduation gift ideas,50,high,67,2,gift_graduation,MEDIUM
create a movie with pictures and music,50,high,73,3,other,MEDIUM
create a photo slideshow with music in powerpoint,50,medium,55,1,direct_service,MEDIUM
create a photo video slideshow with music,50,high,84,1,direct_service,MEDIUM
create a picture slideshow with music online free,50,high,75,1,direct_service,LOW
create a slide show with music,50,high,86,3,other,MEDIUM
create a slideshow with music for facebook,50,medium,62,1,direct_service,MEDIUM
create a slideshow with music on facebook,50,medium,62,1,direct_service,MEDIUM
create a slideshow with music on mac,50,medium,39,1,direct_service,LOW
create a video with pictures and music online,50,medium,50,3,other,LOW
create collage with music,50,high,95,3,other,MEDIUM
create free picture slideshow with music,50,high,94,1,direct_service,LOW
create movie with photos and music,50,high,73,3,other,MEDIUM
create mp4 slideshow with music,50,high,69,1,direct_service,MEDIUM
create online photo slideshow with music free,50,high,75,1,direct_service,LOW
create photo album with music,50,high,98,3,physical_products,MEDIUM
create photo album with song,50,high,100,3,physical_products,MEDIUM
create photo and video slideshow with music,50,high,95,1,direct_service,MEDIUM
create photo movie with music,50,high,83,3,other,MEDIUM
create photo slideshow with music free,50,high,94,1,direct_service,LOW
create photo slideshow with music iphone,50,high,86,1,direct_service,LOW
create photo slideshow with music online free,50,high,79,1,direct_service,LOW
create photo slideshow with music windows 10,50,low,0,1,direct_service,LOW
create photo video with music on iphone,50,medium,50,3,other,LOW
create photo video with music online,50,low,29,3,other,LOW
create photo video with song,50,medium,36,3,other,MEDIUM
create photo with music,50,high,70,3,other,MEDIUM
create photo with song,50,high,86,3,other,MEDIUM
create picture with music,50,high,89,3,other,MEDIUM
create slideshow on iphone with music,50,medium,43,3,other,LOW
create slideshow with music android,50,medium,64,1,direct_service,LOW
create slideshow with music facebook,50,medium,50,1,direct_service,MEDIUM
create slideshow with music google photos,50,low,33,1,direct_service,LOW
create slideshow with music on facebook,50,medium,50,1,direct_service,MEDIUM
create slideshow with music on iphone,50,medium,55,1,direct_service,LOW
create slideshow with music online,50,medium,40,1,direct_service,LOW
create slideshow with music online free,50,medium,59,1,direct_service,LOW
create slideshow with music windows 10,50,low,0,1,direct_service,LOW
create slideshow with music windows 10 free,50,high,100,1,direct_service,LOW
create song with photos,50,high,76,3,other,MEDIUM
create video from photos iphone with music,50,low,0,1,direct_service,LOW
create video from photos with music free,50,high,100,1,direct_service,LOW
create video with photos and music online free,50,high,71,3,other,LOW
create your own slideshow with music,50,high,75,1,direct_service,MEDIUM
create your own video with pictures and music,50,medium,57,3,other,MEDIUM
creating a video montage with photos,50,high,82,1,direct_service,MEDIUM
creative 14th anniversary gifts,50,high,100,2,gift_anniversary,MEDIUM
creative 14th anniversary gifts for husband,50,high,98,2,gift_anniversary,MEDIUM
creative 4th anniversary gifts for him,50,high,100,2,gift_anniversary,MEDIUM
creative 50th anniversary gifts for parents,50,high,100,2,gift_anniversary,MEDIUM
creative condolence gifts,50,high,100,2,gift_memorial,MEDIUM
creative cotton anniversary gifts,50,high,100,2,gift_anniversary,MEDIUM
creative funeral gifts,50,high,100,3,gift_other,MEDIUM
creative gift ideas for 50th wedding anniversary,50,high,83,2,gift_anniversary,MEDIUM
creative gift ideas for mom,50,high,100,3,gift_other,MEDIUM
creative gifts for mom to be,50,high,100,3,gift_other,MEDIUM
creative gifts for mum,50,high,100,3,gift_other,MEDIUM
creative graduation ideas,50,high,67,3,other,MEDIUM
creative ideas for 25th wedding anniversary,50,high,91,2,gift_anniversary,MEDIUM
creative ideas for mom's birthday,50,high,67,3,other,MEDIUM
creative memorial gifts,50,high,100,2,gift_memorial,MEDIUM
creative paper anniversary gifts,50,high,100,2,gift_anniversary,MEDIUM
creative sympathy gift ideas,50,high,100,2,gift_memorial,MEDIUM
creative sympathy gifts,50,high,100,2,gift_memorial,MEDIUM
creative unique sympathy gifts,50,high,100,2,gift_memorial,MEDIUM
cricut graduation gift ideas,50,high,83,2,gift_graduation,MEDIUM
cricut graduation gifts,50,high,88,2,gift_graduation,MEDIUM
crna graduation gifts,50,high,100,2,gift_graduation,MEDIUM
crystal 3d photo near me,50,high,100,3,other,HIGH
crystal anniversary gifts for couple,50,high,94,2,gift_anniversary,MEDIUM
crystal keychain with photo,50,high,100,3,other,MEDIUM
crystal keychain with photo near me,50,medium,50,3,other,HIGH
crystal photo cube near me,50,high,100,3,other,HIGH
crystal photo engraving near me,50,high,100,3,other,HIGH
crystal wedding anniversary gifts for her,50,high,100,2,gift_anniversary,MEDIUM
crystal wedding anniversary gifts for him,50,high,100,2,gift_anniversary,MEDIUM
cup with custom picture,50,high,100,3,other,HIGH
custom 3d crystal,50,high,98,3,other,HIGH
custom 3d crystal keepsake,50,high,100,3,other,HIGH
custom 3d glass picture,50,high,100,3,other,HIGH
custom 3d photo crystal,50,high,100,3,other,HIGH
custom 3d pictures,50,high,100,3,other,HIGH
custom best friend portrait,50,high,100,3,other,HIGH
custom blankets with pictures and words,50,high,100,3,physical_products,HIGH
custom bottle opener with picture,50,high,100,3,other,HIGH
custom camera film roll keychain,50,high,100,3,other,HIGH
custom camera roll keychain,50,high,100,3,other,HIGH
custom canvas wall decor,50,medium,41,3,tools_comparison,LOW
custom coffee mugs heat changing,50,high,100,3,other,HIGH
custom colorful camera roll keychain,50,low,0,3,other,HIGH
custom crystal engraving,50,high,100,3,other,HIGH
custom crystal keychain,50,high,89,3,other,HIGH
custom dad coffee mug,50,high,100,3,other,HIGH
custom dad picture frames,50,high,100,3,physical_products,HIGH
custom digital pet portraits,50,high,100,3,other,HIGH
custom dog face pillow,50,high,100,3,other,HIGH
custom dog photo socks,50,high,100,3,other,HIGH
custom face socks for dad,50,high,98,3,other,HIGH
custom face teddy,50,medium,50,3,other,HIGH
custom family picture frames,50,high,100,3,physical_products,HIGH
custom family portrait cartoon,50,high,100,3,other,HIGH
custom family portrait drawing,50,high,100,3,other,HIGH
custom family portrait with pets,50,high,100,3,other,HIGH
custom father's day shirts with pictures,50,high,100,2,gift_fathers,HIGH
custom fathers day blanket,50,medium,57,2,gift_fathers,HIGH
custom fathers day photo book,50,high,100,2,gift_fathers,HIGH
custom fathers day shirts with pictures,50,low,0,2,gift_fathers,HIGH
custom film keychain,50,high,100,3,other,HIGH
custom film roll keychain,50,high,100,3,other,HIGH
custom glass picture cube,50,high,100,3,other,HIGH
custom heart picture frame,50,high,100,3,physical_products,HIGH
custom heart puzzle,50,high,100,3,other,HIGH
custom heart shaped puzzle,50,high,100,3,other,HIGH
custom heat activated mug,50,high,100,3,other,HIGH
custom key chain with picture,50,high,100,3,other,HIGH
custom keyring photo,50,high,100,3,other,HIGH
custom love puzzle,50,high,89,3,other,HIGH
custom made picture blankets,50,high,70,3,physical_products,HIGH
custom mini me pillow,50,high,100,3,other,HIGH
custom mom mug,50,high,98,3,other,HIGH
custom mug designer,50,high,100,3,physical_products,HIGH
custom mug with picture and text,50,high,100,3,physical_products,HIGH
custom mugs heat changing,50,high,100,3,physical_products,HIGH
custom pet photo pillow,50,high,100,3,other,HIGH
custom photo album keychain,50,high,100,3,physical_products,HIGH
custom photo board,50,high,100,3,other,HIGH
custom photo collage canvas,50,high,100,3,tools_comparison,LOW
custom photo color changing mug,50,high,100,3,other,HIGH
custom photo crystal,50,high,100,3,other,HIGH
custom photo cup,50,high,100,3,other,HIGH
custom photo cushions,50,high,100,3,other,HIGH
custom photo father's day gifts,50,medium,50,2,gift_fathers,HIGH
custom photo film roll keychain,50,medium,64,3,other,HIGH
custom photo key chain,50,high,100,3,other,HIGH
custom photo magnets bulk,50,high,100,3,other,HIGH
custom photo mug same day,50,high,100,3,physical_products,HIGH
custom photo mugs near me,50,high,100,3,physical_products,HIGH
custom photo pillow case,50,high,100,3,other,HIGH
custom photo placemats,50,high,100,3,other,HIGH
custom photo roll keychain,50,high,100,3,other,HIGH
custom photo rubik's cube,50,high,100,3,other,HIGH
custom photo sequin pillow,50,high,100,3,other,HIGH
custom photo spotify glass,50,high,100,3,other,HIGH
custom photo wine glass,50,high,100,3,other,HIGH
custom photo yeti,50,high,100,3,other,HIGH
custom picture cube,50,high,100,3,other,HIGH
custom picture gifts for dad,50,high,100,3,gift_other,HIGH
custom picture key chain,50,high,100,3,other,HIGH
custom picture pillow case,50,high,100,3,other,HIGH
custom pillow with dog picture,50,high,100,3,other,HIGH
custom pillowcase with picture,50,high,100,3,other,HIGH
custom portrait blankets,50,high,100,3,other,HIGH
custom portrait with deceased loved ones,50,high,100,3,other,HIGH
custom printed ceramic mugs,50,high,100,3,other,HIGH
custom printed mugs near me,50,high,100,3,other,HIGH
custom puzzle amazon,50,high,100,3,physical_products,HIGH
custom puzzle near me,50,high,100,3,physical_products,HIGH
custom reversible sequin pillow,50,high,100,3,other,HIGH
custom shot glass with picture,50,high,100,3,other,HIGH
custom slideshow with music,50,high,100,1,direct_service,HIGH
custom socks with dog photo,50,high,100,3,other,HIGH
custom umbrella with photos,50,high,93,3,other,HIGH
custom wallet picture,50,high,100,3,other,HIGH
custom wine glass with picture,50,high,100,3,other,HIGH
customizable 520 piece premium photo puzzle 16x20,50,high,100,3,physical_products,HIGH
customizable keychain with picture,50,high,100,3,other,HIGH
customized acrylic photo frames,50,high,100,3,physical_products,HIGH
customized beer mugs with pictures,50,high,100,3,other,HIGH
customized bottle with pictures,50,high,100,3,other,HIGH
customized coffee mugs online,50,high,100,3,other,LOW
customized couple photo frame,50,high,100,3,physical_products,HIGH
customized family photo frames,50,high,100,3,physical_products,HIGH
customized key chain picture,50,high,100,3,other,HIGH
customized key chain with photo,50,high,100,3,other,HIGH
customized led photo frame,50,high,100,3,physical_products,HIGH
customized photo frames for birthday,50,high,100,3,physical_products,HIGH
customized pillow with photo near me,50,high,100,3,other,HIGH
customized ref magnet,50,high,100,3,other,HIGH
customized sequin pillow,50,high,100,3,other,HIGH
customized wooden keychain with photo,50,low,0,3,other,HIGH
customized wrapping paper with face,50,high,100,3,other,HIGH
cute diy graduation gifts,50,high,100,2,gift_graduation,LOW
cute grad gifts for best friends,50,high,100,2,gift_graduation,MEDIUM
cute graduation gift ideas for friends,50,high,75,2,gift_graduation,MEDIUM
cute graduation gifts for best friends,50,high,100,2,gift_graduation,MEDIUM
cute graduation gifts for boyfriend,50,high,75,2,gift_graduation,MEDIUM
cute graduation gifts for girlfriend,50,high,100,2,gift_graduation,MEDIUM
cute graduation gifts for sister,50,low,0,2,gift_graduation,MEDIUM
cute graduation ideas,50,high,88,3,other,MEDIUM
cute graduation party favors,50,medium,60,3,other_graduation,MEDIUM
cute memorial gifts,50,high,98,2,gift_memorial,MEDIUM
cute memory gifts,50,high,100,3,gift_other,MEDIUM
cute nursing graduation gifts,50,high,100,2,gift_graduation,MEDIUM
cute one year anniversary gifts for her,50,medium,50,2,gift_anniversary,MEDIUM
cute preschool graduation gifts,50,high,100,2,gift_graduation,MEDIUM
cute senior gift ideas,50,high,100,3,gift_other,MEDIUM
cute senior gifts,50,high,100,3,gift_other,MEDIUM
cute small graduation gifts,50,high,100,2,gift_graduation,MEDIUM
cvs convert vhs to digital,50,high,87,2,vhs_legacy,MEDIUM
cvs father's day photo gifts,50,high,100,2,gift_fathers,MEDIUM
cvs graduation gifts,50,high,100,2,gift_graduation,MEDIUM
cvs personalized mugs,50,high,99,3,other,HIGH
dad frames personalized,50,high,100,3,other,HIGH
dad gifts with pictures,50,high,100,2,gift_fathers,MEDIUM
dad keychain with picture,50,high,100,3,other,MEDIUM
dad letter picture frame,50,low,0,3,physical_products,MEDIUM
dad mug with picture,50,high,100,3,other,MEDIUM
dad personalised photo frame,50,high,95,2,gift_personalized,HIGH
dad photo canvas,50,medium,44,3,tools_comparison,LOW
dad photo keychain,50,high,100,3,other,MEDIUM
dad photo mug,50,high,99,3,physical_products,MEDIUM
dad picture keychain,50,high,100,3,other,MEDIUM
dad picture mug,50,medium,33,3,other,MEDIUM
dad remembrance gifts,50,high,100,2,gift_memorial,MEDIUM
dad sympathy gifts,50,high,100,2,gift_memorial,MEDIUM
daddy collage photo frame,50,high,100,3,physical_products,MEDIUM
daddy keyring photo,50,high,100,3,other,MEDIUM
daddy personalised frame,50,high,95,3,other,HIGH
daddy personalised photo frame,50,high,95,2,gift_personalized,HIGH
daddy photo collage,50,high,100,3,other,MEDIUM
daddy photo keyring,50,high,100,3,other,MEDIUM
daddy picture collage,50,high,75,3,other,MEDIUM
daddy word photo frame,50,high,100,3,physical_products,MEDIUM
daughter remembrance gifts,50,high,100,2,gift_memorial,MEDIUM
death gifts ideas,50,high,100,3,gift_other,MEDIUM
death memorial gift ideas,50,high,100,2,gift_memorial,MEDIUM
death memory gifts,50,high,100,3,gift_other,MEDIUM
death of husband gift,50,high,100,3,gift_other,MEDIUM
deceased pet gift ideas,50,high,100,3,gift_other,MEDIUM
deepest sympathy gifts,50,high,100,2,gift_memorial,MEDIUM
degree gifts,50,medium,54,3,gift_other,MEDIUM
design own mug,50,high,100,3,other,MEDIUM
diamond anniversary gift ideas,50,high,100,2,gift_anniversary,MEDIUM
diamond vc500 vhs to digital converter,50,low,8,2,vhs_legacy,HIGH
diamond vc500st,50,high,100,3,other,MEDIUM
diamond vhs converter,50,high,94,3,other,HIGH
diamond vhs to digital converter,50,high,98,2,vhs_legacy,HIGH
diamond vhs to dvd converter,50,medium,43,2,vhs_legacy,HIGH
diamond wedding anniversary gifts for mum and dad,50,high,100,2,gift_anniversary,MEDIUM
diamond wedding gift ideas,50,low,29,3,gift_other,MEDIUM
diamond wedding gifts,50,medium,48,3,gift_other,MEDIUM
diamond wedding presents,50,medium,48,3,gift_other,MEDIUM
different anniversary gifts,50,high,100,2,gift_anniversary,MEDIUM
different gifts for mom,50,high,100,3,gift_other,MEDIUM
different gifts for mothers day,50,high,100,2,gift_mothers,MEDIUM
different mother's day gifts,50,high,100,2,gift_mothers,MEDIUM
different mothers day presents,50,high,100,2,gift_mothers,MEDIUM
digibeta transfer,50,high,71,3,other,MEDIUM
digital 8 film,50,low,26,3,other,MEDIUM
digital 8mm,50,high,96,3,other,MEDIUM
digital 8mm tape,50,high,76,3,other,MEDIUM
digital tape conversion,50,high,98,3,other,MEDIUM
digital to vhs,50,medium,55,3,other,MEDIUM
digital to vhs conversion,50,medium,64,2,vhs_legacy,MEDIUM
digital video cassette player converter,50,high,100,3,other,HIGH
digital video cassette recorder,50,high,76,3,other,HIGH
digital video cassette to usb,50,high,86,3,other,MEDIUM
digital video tape converter,50,high,100,2,vhs_legacy,HIGH
digital video to vhs,50,medium,40,3,other,MEDIUM
digitise old video tapes,50,high,100,2,vhs_legacy,MEDIUM
digitise vcr tapes,50,high,100,2,vhs_legacy,MEDIUM
digitize 8 mm film,50,high,100,3,other,MEDIUM
digitize 8mm film costco,50,medium,57,2,vhs_legacy,HIGH
digitize 8mm film with sound,50,high,100,2,vhs_legacy,MEDIUM
digitize 8mm home movies,50,high,100,2,vhs_legacy,MEDIUM
digitize 8mm movie film,50,high,100,3,other,MEDIUM
digitize 8mm video,50,high,100,3,other,MEDIUM
digitize 8mm video tapes,50,high,100,2,vhs_legacy,MEDIUM
digitize a vhs tape,50,high,100,2,vhs_legacy,MEDIUM
digitize film reels near me,50,high,86,2,vhs_legacy,HIGH
digitize my vhs tapes,50,high,100,2,vhs_legacy,MEDIUM
digitize old 8mm film,50,high,100,2,vhs_legacy,MEDIUM
digitize old camcorder tapes,50,high,100,2,vhs_legacy,HIGH
digitize old home videos,50,high,100,2,vhs_legacy,MEDIUM
digitize old movies,50,high,100,2,vhs_legacy,MEDIUM
digitize old tapes,50,high,100,2,vhs_legacy,MEDIUM
digitize old vhs tapes,50,medium,51,2,vhs_legacy,MEDIUM
digitize old video tapes,50,high,100,2,vhs_legacy,MEDIUM
digitize super 8,50,high,99,2,vhs_legacy,MEDIUM
digitize super 8 film near me,50,high,100,2,vhs_legacy,HIGH
digitize tapes near me,50,high,99,2,vhs_legacy,HIGH
digitize tapes service,50,high,100,2,vhs_legacy,HIGH
digitize vcr tapes near me,50,high,100,2,vhs_legacy,HIGH
digitize vhs at home,50,high,100,2,vhs_legacy,MEDIUM
digitize vhs c,50,high,100,2,vhs_legacy,MEDIUM
digitize vhs c tapes,50,high,100,2,vhs_legacy,MEDIUM
digitize vhs reddit,50,medium,58,2,vhs_legacy,MEDIUM
digitize vhs tapes at home,50,high,100,2,vhs_legacy,MEDIUM
digitize vhs tapes costco,50,high,100,2,vhs_legacy,HIGH
digitize vhs tapes service,50,high,100,2,vhs_legacy,HIGH
digitize vhs to digital,50,high,100,2,vhs_legacy,MEDIUM
digitize vhs to dvd,50,high,100,2,vhs_legacy,MEDIUM
digitize video tapes near me,50,high,83,2,vhs_legacy,HIGH
digitize your old vhs tapes,50,high,100,2,vhs_legacy,MEDIUM
digitize your vhs tapes,50,high,100,2,vhs_legacy,MEDIUM
digitizer vhs,50,high,100,3,other,MEDIUM
digitizing 8 mm film,50,high,97,3,other,MEDIUM
digitizing 8mm film at home,50,high,71,2,vhs_legacy,MEDIUM
digitizing home movies near me,50,high,100,2,vhs_legacy,HIGH
digitizing old home movies,50,high,87,2,vhs_legacy,MEDIUM
digitizing old vhs tapes,50,high,100,2,vhs_legacy,MEDIUM
digitizing super 8 film with sound,50,high,97,2,vhs_legacy,MEDIUM
digitizing vhs c tapes,50,high,100,3,other,MEDIUM
digitnow vhs,50,high,81,3,other,MEDIUM
digitnow vhs to digital converter,50,high,95,2,vhs_legacy,HIGH
digitnow video capture vhs to digital converter,50,medium,50,2,vhs_legacy,HIGH
digitnow video converter,50,high,77,3,other,HIGH
digitnow video to digital converter,50,medium,47,3,other,HIGH
diploma gift,50,high,71,3,gift_other,MEDIUM
dissertation defense gifts,50,high,100,3,gift_other,MEDIUM
dissertation gift ideas,50,high,100,3,gift_other,MEDIUM
diy bereavement gifts,50,high,100,2,gift_memorial,LOW
diy care package for grieving friend,50,high,100,3,other,LOW
diy dollar tree graduation gifts,50,medium,50,2,gift_graduation,LOW
diy father's day photo ideas,50,low,0,2,gift_fathers,LOW
diy film roll keychain,50,high,100,3,other,LOW
diy funeral gifts,50,high,100,3,gift_other,LOW
diy gifts for grieving friends,50,high,100,3,gift_other,LOW
diy grad gifts for friends,50,low,0,2,gift_graduation,LOW
diy graduation favors ideas,50,high,100,3,other,LOW
diy graduation gift baskets,50,high,86,2,gift_graduation,LOW
diy graduation gifts for boyfriend,50,high,100,2,gift_graduation,LOW
diy graduation gifts for friends,50,high,75,2,gift_graduation,LOW
diy graduation gifts for guys,50,high,100,2,gift_graduation,LOW
diy graduation money gifts,50,high,100,3,gift_other,LOW
diy in loving memory gifts,50,low,0,3,gift_other,LOW
diy in memory gifts,50,high,100,3,gift_other,LOW
diy kindergarten graduation gifts,50,high,100,2,gift_graduation,LOW
diy money graduation gifts,50,medium,40,2,gift_graduation,LOW
diy money lei ideas,50,low,0,3,other,LOW
diy photo gifts for dad,50,high,89,2,gift_personalized,LOW
diy preschool graduation gifts,50,high,96,2,gift_graduation,LOW
diy remembrance gifts,50,high,100,2,gift_memorial,LOW
diy senior gifts,50,high,80,3,gift_other,LOW
diy slideshow with music,50,low,7,1,direct_service,LOW
diy sympathy basket,50,high,100,3,other,LOW
diy sympathy basket ideas,50,high,100,3,other,LOW
diy sympathy gift,50,high,100,2,gift_memorial,LOW
diy sympathy gift basket ideas,50,high,100,2,gift_memorial,LOW
diy sympathy gift baskets,50,high,100,2,gift_memorial,LOW
diy sympathy gift ideas,50,high,100,2,gift_memorial,LOW
doctor graduation gifts for her,50,high,100,2,gift_graduation,MEDIUM
doctor of psychology gifts,50,low,29,3,gift_other,MEDIUM
doctor photo frame,50,high,100,3,physical_products,MEDIUM
doctorate degree gifts for her,50,high,100,3,gift_other,MEDIUM
doctorate gifts for her,50,high,100,3,gift_other,MEDIUM
doctorate graduation gift ideas for her,50,high,86,2,gift_graduation,MEDIUM
doctorate graduation gifts for him,50,high,100,2,gift_graduation,MEDIUM
dog memorial gift for him,50,high,100,2,gift_memorial,MEDIUM
dog memory gift ideas,50,high,100,3,gift_other,MEDIUM
dog photo cushion,50,high,75,3,other,MEDIUM
dog picture mug,50,high,100,3,other,MEDIUM
dog sympathy gift ideas,50,high,100,2,gift_memorial,MEDIUM
dollar store graduation gifts,50,medium,37,2,gift_graduation,MEDIUM
dollar tree graduation gift basket,50,high,100,2,gift_graduation,MEDIUM
dollar tree graduation gift ideas,50,high,87,2,gift_graduation,MEDIUM
dollar tree graduation ideas,50,high,71,3,other,MEDIUM
download slideshow with music,50,medium,57,1,direct_service,LOW
download video photo app,50,medium,36,3,other,LOW
dried flower memorial ideas,50,high,100,3,other,MEDIUM
dubbing vhs tapes to dvd,50,medium,57,2,vhs_legacy,MEDIUM
dvd conversion near me,50,medium,63,3,other,HIGH
dvd photo slideshow professional,50,medium,39,1,direct_service,HIGH
dvd ripping service,50,medium,48,3,other,HIGH
dvd transfer company,50,low,8,3,other,MEDIUM
dvd transfer near me,50,medium,64,3,other,HIGH
dvd transfer services,50,medium,34,3,other,HIGH
dvr tapes to dvd,50,high,100,3,other,MEDIUM
early graduation gift,50,high,100,2,gift_graduation,MEDIUM
easiest photo video maker,50,medium,43,3,other,LOW
easiest program to make a slideshow with music,50,medium,43,1,direct_service,LOW
easiest slideshow maker with music,50,high,80,1,direct_service,LOW
easiest slideshow with music,50,high,93,1,direct_service,LOW
easiest way to convert vhs tapes to digital,50,high,100,2,vhs_legacy,LOW
easiest way to convert vhs to digital,50,high,100,2,vhs_legacy,LOW
easiest way to convert vhs to dvd,50,high,100,2,vhs_legacy,LOW
easiest way to create a slideshow with music,50,high,76,1,direct_service,LOW
easiest way to digitize vhs,50,high,89,2,vhs_legacy,LOW
easiest way to make a photo slideshow with music,50,high,69,1,direct_service,LOW
easiest way to make a picture slideshow with music,50,high,76,1,direct_service,LOW
easiest way to make a slide show with music,50,high,86,3,other,LOW
easiest way to make a slideshow with music on mac,50,high,93,1,direct_service,LOW
easiest way to make a slideshow with music on pc,50,medium,46,1,direct_service,LOW
easiest way to make a slideshow with pictures and music,50,high,68,1,direct_service,LOW
easiest way to make a video from photos,50,high,71,1,direct_service,LOW
easiest way to make a video with pictures and music,50,high,83,3,other,LOW
easiest way to make video with pictures and music,50,medium,61,3,other,LOW
easiest way to transfer vhs to digital,50,high,100,2,vhs_legacy,LOW
easiest way to transfer vhs to dvd,50,high,100,2,vhs_legacy,LOW
easy app to make video with pictures and music,50,high,79,3,other,MEDIUM
easy diy graduation gifts,50,high,73,2,gift_graduation,LOW
easy graduation gift ideas,50,high,79,2,gift_graduation,MEDIUM
easy money lei ideas,50,low,14,3,other,MEDIUM
easy photo and video editing software,50,high,100,3,other,LOW
easy photo slideshow maker with music,50,high,86,1,direct_service,MEDIUM
easy photo slideshow with music,50,high,75,1,direct_service,MEDIUM
easy photo video maker with music,50,high,80,3,other,MEDIUM
easy picture slideshow with music,50,medium,45,1,direct_service,MEDIUM
easy slideshow maker with music,50,high,87,1,direct_service,MEDIUM
easy slideshow maker with music free,50,high,91,1,direct_service,LOW
easy slideshow with music,50,high,87,1,direct_service,MEDIUM
easy slideshow with music free,50,medium,62,1,direct_service,LOW
easy vhs to dvd converter,50,high,100,2,vhs_legacy,HIGH
easy video maker with photos and music,50,high,95,3,other,MEDIUM
easy way to convert vhs to digital,50,high,100,2,vhs_legacy,LOW
easy way to convert vhs to dvd,50,high,100,2,vhs_legacy,LOW
easy way to make a photo slideshow with music,50,high,83,1,direct_service,LOW
easy way to make a picture slideshow with music,50,high,83,1,direct_service,LOW
easy way to make a slideshow with music,50,high,76,1,direct_service,LOW
easy way to transfer vhs to dvd,50,high,100,2,vhs_legacy,LOW
edd graduation gifts,50,high,100,2,gift_graduation,MEDIUM
edible graduation gifts,50,medium,33,2,gift_graduation,MEDIUM
edit photo and music,50,low,29,3,other,MEDIUM
edit photo with music online,50,high,86,3,other,LOW
edit pictures with music,50,high,75,3,other,MEDIUM
editing apps for photos and videos,50,high,100,3,other,MEDIUM
editing apps for videos and photos,50,high,100,3,other,MEDIUM
editing apps photo video,50,low,0,3,other,MEDIUM
editing photo and video app,50,high,93,3,other,MEDIUM
editing photo video app,50,low,29,3,other,MEDIUM
editing vhs tapes,50,low,21,2,vhs_legacy,MEDIUM
editing vhs tapes to dvd,50,high,100,2,vhs_legacy,MEDIUM
editing video photo app,50,low,21,3,other,MEDIUM
eighth anniversary gift traditional,50,high,100,2,gift_anniversary,MEDIUM
elephant graduation gift,50,high,100,2,gift_graduation,MEDIUM
eleventh wedding anniversary gift,50,high,100,2,gift_anniversary,MEDIUM
elgato capture vhs,50,medium,64,3,other,MEDIUM
elgato vhs converter amazon,50,low,14,3,other,HIGH
elgato vhs to digital,50,high,100,2,vhs_legacy,MEDIUM
elgato vhs to dvd,50,low,30,2,vhs_legacy,MEDIUM
elgato vhs to dvd converter,50,high,93,2,vhs_legacy,HIGH
elgato video capture vhs,50,high,100,3,other,MEDIUM
elgato video capture vhs to digital,50,high,88,2,vhs_legacy,MEDIUM
emerald wedding anniversary gifts for parents,50,high,100,2,gift_anniversary,MEDIUM
employee retirement gift ideas,50,high,100,2,gift_retirement,MEDIUM
engraved 50th anniversary gifts,50,high,100,2,gift_anniversary,MEDIUM
engraved frames near me,50,high,100,3,other,HIGH
engraved glass picture,50,high,100,3,other,MEDIUM
engraved graduation gifts for him,50,high,100,2,gift_graduation,MEDIUM
engraved leather photo album,50,high,100,3,physical_products,MEDIUM
engraved photo frame near me,50,high,100,3,physical_products,HIGH
engraved photo wallet,50,high,100,3,other,MEDIUM
engraved picture wallet,50,high,100,3,other,MEDIUM
engraved pocket watch with photo,50,high,98,3,other,MEDIUM
equipment to convert 8mm film to digital,50,high,100,2,vhs_legacy,MEDIUM
equipment to convert 8mm to digital,50,high,100,3,other,MEDIUM
equipment to digitize 8mm film,50,high,100,2,vhs_legacy,MEDIUM
equipment to transfer 8mm film to digital,50,high,100,2,vhs_legacy,MEDIUM
equipment to transfer 8mm to dvd,50,high,100,3,other,MEDIUM
esthetician graduation gifts,50,high,95,2,gift_graduation,MEDIUM
etched crystal picture,50,high,100,3,other,MEDIUM
etsy 50th anniversary gifts for parents,50,medium,50,2,gift_anniversary,MEDIUM
etsy graduation gift ideas,50,high,100,2,gift_graduation,MEDIUM
etsy graduation gifts for her,50,high,100,2,gift_graduation,MEDIUM
etsy graduation gifts for him,50,high,100,2,gift_graduation,MEDIUM
etsy graduation ideas,50,high,71,3,other,MEDIUM
etsy in memory gifts,50,high,100,3,gift_other,MEDIUM
etsy nurse graduation gifts,50,high,100,2,gift_graduation,MEDIUM
etsy personalised photo frame,50,high,100,2,gift_personalized,HIGH
etsy phd graduation gift,50,high,100,2,gift_graduation,MEDIUM
etsy photo album personalized,50,high,100,3,physical_products,HIGH
etsy photo frames personalised,50,high,100,3,physical_products,HIGH
etsy photo puzzle,50,high,100,3,physical_products,MEDIUM
expensive graduation gift ideas,50,high,89,2,gift_graduation,MEDIUM
expensive graduation gifts for her,50,high,83,2,gift_graduation,MEDIUM
expensive graduation gifts for him,50,high,100,2,gift_graduation,MEDIUM
expensive phd graduation gifts,50,low,0,2,gift_graduation,MEDIUM
extra large photo mug,50,high,100,3,physical_products,MEDIUM
eyesen 8mm digitizer,50,high,75,3,other,MEDIUM
face pillow personalised,50,high,100,3,other,HIGH
facebook photo with music,50,low,0,3,other,MEDIUM
facebook picture collage with music,50,low,0,3,other,MEDIUM
facebook slideshow maker with music,50,high,71,1,direct_service,MEDIUM
family remembrance gifts,50,high,100,2,gift_memorial,MEDIUM
family reunion video,50,low,0,1,life_events,MEDIUM
fancy graduation gifts,50,high,100,2,gift_graduation,MEDIUM
fastest way to convert vhs to digital,50,high,100,2,vhs_legacy,MEDIUM
father bereavement gifts,50,high,100,2,gift_memorial,MEDIUM
father daughter picture frame ideas,50,high,100,3,physical_products,MEDIUM
father's day acrylic block,50,high,100,2,gift_fathers,MEDIUM
father's day collage canvas,50,low,0,2,gift_fathers,LOW
father's day collage frame,50,low,0,2,gift_fathers,MEDIUM
father's day collage ideas,50,low,0,2,gift_fathers,MEDIUM
father's day custom mug,50,high,100,2,gift_fathers,HIGH
father's day gift ideas photos,50,high,100,2,gift_fathers,MEDIUM
father's day gift photo frame,50,low,0,2,gift_fathers,MEDIUM
father's day gift picture frame,50,high,100,2,gift_fathers,MEDIUM
father's day gifts picture frames,50,low,0,2,gift_fathers,MEDIUM
father's day magic mug,50,high,100,2,gift_fathers,MEDIUM
father's day mug with photo,50,high,100,2,gift_fathers,MEDIUM
father's day personalized photo frames,50,low,0,2,gift_fathers,HIGH
father's day photo album,50,high,100,2,gift_fathers,MEDIUM
father's day photo gift ideas,50,high,100,2,gift_fathers,MEDIUM
father's day picture collage,50,medium,50,2,gift_fathers,MEDIUM
father's day picture collage ideas,50,low,0,2,gift_fathers,MEDIUM
father's day picture gift ideas,50,low,0,2,gift_fathers,MEDIUM
fathers day blanket with pictures,50,high,100,2,gift_fathers,MEDIUM
fathers day memorial gifts,50,high,100,2,gift_fathers,MEDIUM
fathers day photo album ideas,50,low,0,2,gift_fathers,MEDIUM
fathers day photo blanket,50,low,0,2,gift_fathers,MEDIUM
fathers day photo collage,50,high,100,2,gift_fathers,MEDIUM
fathers day photo gift ideas,50,high,100,2,gift_fathers,MEDIUM
fathers day photo mug,50,high,100,2,gift_fathers,MEDIUM
fathers day photo prints,50,low,0,2,gift_fathers,MEDIUM
fathers day picture blanket,50,high,100,2,gift_fathers,MEDIUM
fathers day picture mug,50,high,100,2,gift_fathers,MEDIUM
fathers day socks with faces,50,high,100,2,gift_fathers,MEDIUM
fcpx photo montage,50,medium,63,1,direct_service,MEDIUM
fellowship graduation gifts,50,high,100,2,gift_graduation,MEDIUM
fifth anniversary gift for him,50,high,100,2,gift_anniversary,MEDIUM
fifth anniversary gift ideas,50,high,100,2,gift_anniversary,MEDIUM
film camera roll keychain,50,medium,50,3,other,MEDIUM
film reel converter,50,high,100,3,other,HIGH
film reel to digital conversion,50,high,100,3,other,MEDIUM
film reels to digital,50,high,100,3,other,MEDIUM
film reels to dvd,50,high,68,3,other,MEDIUM
film roll keychain custom,50,high,100,3,other,HIGH
film roll keychain diy,50,high,77,3,other,LOW
film roll picture keychain,50,high,100,3,other,MEDIUM
film to video transfer near me,50,high,87,3,other,HIGH
film2digital,50,high,100,3,other,MEDIUM
film2digital moviemaker,50,high,100,3,other,MEDIUM
final cut pro photo montage,50,medium,63,1,direct_service,MEDIUM
firefighter academy graduation gifts,50,high,100,2,gift_graduation,MEDIUM
first anniversary gift for brother and sister in law,50,high,100,2,gift_anniversary,MEDIUM
first anniversary gift ideas for couple,50,high,100,2,gift_anniversary,MEDIUM
first anniversary gift ideas for couple from parents,50,high,100,2,gift_anniversary,MEDIUM
first anniversary ideas for him,50,high,100,3,other,MEDIUM
first anniversary ideas for husband,50,high,100,3,other,MEDIUM
first anniversary ideas for wife,50,high,100,3,other,MEDIUM
first day of senior year gift,50,low,0,3,gift_other,MEDIUM
first fathers day frame,50,high,100,2,gift_fathers,MEDIUM
first fathers day photo album,50,low,0,2,gift_fathers,MEDIUM
first fathers day photo book,50,high,67,2,gift_fathers,MEDIUM
first fathers day photo frame,50,medium,55,2,gift_fathers,MEDIUM
first fathers day picture frame,50,medium,55,2,gift_fathers,MEDIUM
first marriage anniversary gift for wife,50,high,100,2,gift_anniversary,MEDIUM
first wedding anniversary celebration ideas,50,high,88,2,gift_anniversary,MEDIUM
first wedding anniversary gift for friends,50,high,100,2,gift_anniversary,MEDIUM
first wedding anniversary gift ideas for husband,50,high,100,2,gift_anniversary,MEDIUM
first wedding anniversary gift ideas for wife,50,high,100,2,gift_anniversary,MEDIUM
first wedding anniversary gift ideas from parents,50,high,100,2,gift_anniversary,MEDIUM
first wedding anniversary gifts for couples,50,high,100,2,gift_anniversary,MEDIUM
first wedding gift,50,high,100,3,gift_other,MEDIUM
first year anniversary gifts for husband,50,high,100,2,gift_anniversary,MEDIUM
first year anniversary gifts for wife,50,high,100,2,gift_anniversary,MEDIUM
first year together gifts,50,high,100,3,gift_other,MEDIUM
first year wedding gift,50,high,100,3,gift_other,MEDIUM
five year wedding anniversary gift ideas for him,50,high,100,2,gift_anniversary,MEDIUM
flower graduation theme,50,high,100,3,other,MEDIUM
flowers to get someone who lost someone,50,low,29,3,other,MEDIUM
flowers to give someone who lost a loved one,50,high,97,3,other,MEDIUM
fnp gift ideas,50,high,100,3,gift_other,MEDIUM
fnp graduation gifts,50,high,100,2,gift_graduation,MEDIUM
food ideas to send for sympathy,50,high,100,3,other,MEDIUM
forty year anniversary gift,50,high,100,2,gift_anniversary,MEDIUM
four year anniversary gift for her,50,high,100,2,gift_anniversary,MEDIUM
four year anniversary gift for him,50,high,100,2,gift_anniversary,MEDIUM
four year anniversary gift ideas,50,high,95,2,gift_anniversary,MEDIUM
four year wedding anniversary gift for him,50,high,100,2,gift_anniversary,MEDIUM
four year wedding anniversary gift ideas,50,medium,47,2,gift_anniversary,MEDIUM
fourteenth anniversary gift,50,high,100,2,gift_anniversary,MEDIUM
fourth anniversary gifts for him,50,high,100,2,gift_anniversary,MEDIUM
free app for photo slideshow with music,50,high,68,1,direct_service,LOW
free app for photos with music,50,high,79,3,other,LOW
free app for picture slideshow with music,50,low,31,1,direct_service,LOW
free app for pictures with music,50,high,86,3,other,LOW
free app for video collage,50,high,88,3,other,LOW
free app to add music to picture,50,high,100,3,other,LOW
free app to combine videos and pictures with music,50,high,93,3,other,LOW
free app to create video from photos with music,50,high,69,1,direct_service,LOW
free app to make a music video with pictures,50,high,71,3,other,LOW
free app to make photo slideshow with music,50,high,84,1,direct_service,LOW
free app to make picture slideshow with music,50,high,79,1,direct_service,LOW
free app to make slideshow with pictures and music,50,high,84,3,other,LOW
free app to put pictures to music,50,high,100,3,other,LOW
free app video maker with music and pictures,50,high,100,3,other,LOW
free apps to make a video with pictures and music,50,high,81,3,other,LOW
free collage maker with music,50,high,82,3,other,LOW
free collage with music,50,high,71,3,other,LOW
free download photo video maker with song,50,high,86,3,other,LOW
free facebook slideshow maker with music,50,high,93,1,direct_service,LOW
free how to make a video with pictures and music,50,high,71,3,other,LOW
free iphone slideshow maker,50,high,86,3,tools_comparison,LOW
free movie maker with pictures and music,50,high,93,3,other,LOW
free music and photo slideshow maker,50,high,100,1,direct_service,LOW
free music for picture slideshow,50,high,86,1,direct_service,LOW
free online photo slideshow maker with music and effects,50,low,0,1,direct_service,LOW
free online photo to video maker with music,50,high,100,3,other,LOW
free online slideshow with music,50,medium,63,1,direct_service,LOW
free photo and music slideshow maker,50,high,83,3,tools_comparison,LOW
free photo and video editing software,50,medium,62,3,other,LOW
free photo and video editing software for pc,50,medium,62,3,other,LOW
free photo and video editor app,50,low,5,3,tools_comparison,LOW
free photo and video editor for pc,50,low,0,3,tools_comparison,LOW
free photo editor with music,50,high,93,3,tools_comparison,LOW
free photo movie maker with music,50,high,93,3,other,LOW
free photo music app,50,high,76,3,other,LOW
free photo music video maker,50,medium,59,3,other,LOW
free photo slide maker with music,50,high,83,3,other,LOW
free photo slideshow maker with music,50,high,83,1,direct_service,LOW
free photo slideshow with music app,50,medium,50,1,direct_service,LOW
free photo to video app,50,high,77,3,other,LOW
free photo video app,50,high,92,3,other,LOW
free photo video editing software,50,medium,62,3,other,LOW
free photo video editor app,50,high,88,3,tools_comparison,LOW
free photo video maker app with song,50,medium,52,3,other,LOW
free photo video maker with music app,50,high,93,3,other,LOW
free pic slideshow with music,50,high,84,1,direct_service,LOW
free picture collage with music,50,high,83,3,other,LOW
free picture movie maker with music,50,high,93,3,other,LOW
free picture slideshow maker with music,50,high,83,1,direct_service,LOW
free picture slideshow maker with music online,50,high,86,1,direct_service,LOW
free picture slideshow with music,50,high,86,1,direct_service,LOW
free picture slideshow with music app,50,high,79,1,direct_service,LOW
free picture video with music,50,high,81,3,other,LOW
free program to create slideshow with music,50,high,73,1,direct_service,LOW
free program to make a video with pictures and music,50,high,86,3,other,LOW
free program to make picture slideshow with music,50,high,75,1,direct_service,LOW
free program to make videos with pictures and music,50,high,76,3,other,LOW
free simple slideshow maker,50,high,86,3,tools_comparison,LOW
free slideshow maker iphone,50,high,89,3,tools_comparison,LOW
free slideshow maker with audio,50,high,100,3,tools_comparison,LOW
free slideshow maker with music for iphone,50,high,100,1,direct_service,LOW
free slideshow maker with music for mac,50,high,86,1,direct_service,LOW
free slideshow maker with my own music,50,low,0,3,tools_comparison,LOW
free slideshow movie maker with music,50,high,95,3,tools_comparison,LOW
free slideshow software with music,50,high,86,3,tools_comparison,LOW
free slideshow with music iphone,50,high,82,1,direct_service,LOW
free software for photo slideshow with music,50,high,100,1,direct_service,LOW
free software for picture slideshow with music,50,high,100,1,direct_service,LOW
free software to create photo slideshow with music,50,high,75,1,direct_service,LOW
free software to create video from photos with music,50,high,76,1,direct_service,LOW
free software to make videos with pictures and music,50,high,76,3,other,LOW
free video and photo editing app,50,high,78,3,other,LOW
free website to make photo slideshow with music,50,high,100,1,direct_service,LOW
free website to make videos with pictures and music,50,high,68,3,other,LOW
friend group graduation gifts,50,high,100,2,gift_graduation,MEDIUM
friend memorial gifts,50,high,100,2,gift_memorial,MEDIUM
friends dad passed away gift,50,high,100,3,gift_other,MEDIUM
from vhs to digital,50,high,99,2,vhs_legacy,MEDIUM
from vhs to dvd,50,high,100,2,vhs_legacy,MEDIUM
from vhs to usb,50,high,100,3,other,MEDIUM
fun gift ideas for mother's day,50,medium,57,2,gift_mothers,MEDIUM
fun gifts for mom to be,50,high,100,3,gift_other,MEDIUM
fun graduation gifts for her,50,high,100,2,gift_graduation,MEDIUM
funeral basket ideas,50,high,100,3,other,MEDIUM
funeral flower banner ideas,50,high,100,3,other,MEDIUM
funeral flower ideas for dad,50,high,80,3,other,MEDIUM
funeral flower ideas for mom,50,high,100,3,other,MEDIUM
funeral flower ideas from grandchildren,50,high,100,3,other,MEDIUM
funeral flower note ideas,50,high,96,3,other,MEDIUM
funeral gift ideas instead of flowers,50,high,100,3,gift_other,MEDIUM
funeral gifts for loss of father,50,high,100,2,gift_memorial,MEDIUM
funeral gifts to send,50,high,100,3,gift_other,MEDIUM
funeral ideas instead of flowers,50,high,100,3,other,MEDIUM
funeral keepsake gifts,50,high,87,3,gift_other,MEDIUM
funeral memorial gift ideas,50,high,100,2,gift_memorial,MEDIUM
funeral photo video,50,medium,40,3,other,MEDIUM
funeral spray ideas,50,high,100,3,other,MEDIUM
funeral sympathy gifts,50,high,100,2,gift_memorial,MEDIUM
funeral thank you gift ideas,50,high,100,3,gift_other,MEDIUM
funky gifts for mom,50,high,100,3,gift_other,MEDIUM
funny 25th anniversary gifts,50,high,100,2,gift_anniversary,MEDIUM
funny 30th anniversary gifts,50,high,100,2,gift_anniversary,MEDIUM
funny 40th anniversary gifts,50,high,100,2,gift_anniversary,MEDIUM
funny 50th wedding anniversary poems for parents,50,high,78,2,gift_anniversary,MEDIUM
funny 60th wedding anniversary gifts,50,high,100,2,gift_anniversary,MEDIUM
funny grad gifts for guys,50,high,100,2,gift_graduation,MEDIUM
funny graduation gifts for friends,50,high,100,2,gift_graduation,MEDIUM
funny graduation gifts for guys,50,high,100,2,gift_graduation,MEDIUM
funny graduation ideas,50,high,79,3,other,MEDIUM
funny phd gifts,50,high,100,3,gift_other,MEDIUM
funny police academy graduation gifts,50,high,100,2,gift_graduation,MEDIUM
funny retirement gifts for coworkers,50,high,100,2,gift_retirement,MEDIUM
funny senior gifts,50,high,100,3,gift_other,MEDIUM
funny silver wedding anniversary gifts,50,low,0,2,gift_anniversary,MEDIUM
funny sympathy gifts,50,high,96,2,gift_memorial,MEDIUM
funny wedding anniversary gifts,50,high,100,2,gift_anniversary,MEDIUM
get vhs converted to digital,50,high,100,3,other,MEDIUM
get vhs converted to dvd,50,high,88,3,other,MEDIUM
get vhs tapes digitized,50,high,100,2,vhs_legacy,MEDIUM
get vhs tapes onto computer,50,high,100,2,vhs_legacy,MEDIUM
get vhs transferred to dvd,50,high,93,2,vhs_legacy,MEDIUM
get video tapes onto dvd,50,high,100,2,vhs_legacy,MEDIUM
getting personal photo frame,50,high,100,3,physical_products,MEDIUM
getting vhs to digital,50,high,100,2,vhs_legacy,MEDIUM
getting vhs to dvd,50,high,81,2,vhs_legacy,MEDIUM
gift anniversary for couple,50,high,100,3,gift_other,MEDIUM
gift bag ideas for graduation party,50,high,100,3,gift_other,MEDIUM
gift basket death in family,50,high,95,3,gift_other,MEDIUM
gift basket for a grieving friend,50,high,100,3,gift_other,MEDIUM
gift basket for grieving friend,50,high,100,3,gift_other,MEDIUM
gift basket for loss of husband,50,high,100,2,gift_memorial,MEDIUM
gift basket for loss of parent,50,high,100,2,gift_memorial,MEDIUM
gift basket ideas for death in family,50,high,100,3,gift_other,MEDIUM
gift basket ideas for funeral,50,high,100,3,gift_other,MEDIUM
gift basket ideas for graduating seniors,50,high,79,3,gift_other,MEDIUM
gift basket ideas for grieving family,50,high,67,3,gift_other,MEDIUM
gift basket ideas for grieving friend,50,high,100,3,gift_other,MEDIUM
gift basket ideas for someone who lost a loved one,50,high,100,3,gift_other,MEDIUM
gift baskets for graduating seniors,50,high,100,3,gift_other,MEDIUM
gift box for grieving friend,50,high,87,3,gift_other,MEDIUM
gift cards for grads,50,high,67,3,gift_other,MEDIUM
gift for 27th anniversary,50,high,100,3,gift_other,MEDIUM
gift for a daughter who lost her father,50,high,100,3,gift_other,MEDIUM
gift for a daughter who lost her mother,50,high,100,3,gift_other,MEDIUM
gift for a dog that passed away,50,high,100,3,gift_other,MEDIUM
gift for a friend who lost her husband,50,high,100,3,gift_other,MEDIUM
gift for a friend's graduation,50,high,100,3,gift_other,MEDIUM
gift for a loss loved one,50,high,100,3,gift_other,MEDIUM
gift for a man who lost his mother,50,high,100,3,gift_other,MEDIUM
gift for a retiring coworker,50,high,100,3,gift_other,MEDIUM
gift for a son who lost his mother,50,high,100,3,gift_other,MEDIUM
gift for best friend who lost her dad,50,high,100,3,gift_other,MEDIUM
gift for boyfriend on graduation,50,high,100,3,gift_other,MEDIUM
gift for coworker who lost a parent,50,high,100,3,gift_other,MEDIUM
gift for coworker who lost parent,50,high,100,3,gift_other,MEDIUM
gift for dog dying,50,high,100,3,gift_other,MEDIUM
gift for family loss,50,high,100,3,gift_other,MEDIUM
gift for family who lost a loved one,50,high,100,3,gift_other,MEDIUM
gift for father passing away,50,high,100,2,gift_fathers,MEDIUM
gift for friend loss of father,50,high,100,2,gift_memorial,MEDIUM
gift for friend loss of mother,50,high,100,2,gift_memorial,MEDIUM
gift for friend that lost father,50,high,100,3,gift_other,MEDIUM
gift for friend that lost mother,50,high,100,3,gift_other,MEDIUM
gift for friend who lost husband,50,high,100,3,gift_other,MEDIUM
gift for friend whose mother passed away,50,high,100,3,gift_other,MEDIUM
gift for friend whose parent died,50,high,100,3,gift_other,MEDIUM
gift for friends mom passing away,50,high,100,3,gift_other,MEDIUM
gift for grieving boyfriend,50,high,100,3,gift_other,MEDIUM
gift for grieving father,50,high,100,3,gift_other,MEDIUM
gift for grieving grandmother,50,high,100,2,gift_grandparents,MEDIUM
gift for grieving male friend,50,high,100,3,gift_other,MEDIUM
gift for grieving sister,50,high,100,3,gift_other,MEDIUM
gift for grieving teenager,50,high,100,3,gift_other,MEDIUM
gift for husband who lost his mother,50,high,100,3,gift_other,MEDIUM
gift for man who lost his wife,50,high,100,3,gift_other,MEDIUM
gift for marriage anniversary couple,50,high,100,3,gift_other,MEDIUM
gift for master's degree for him,50,high,100,3,gift_other,MEDIUM
gift for mom who lost her mother,50,high,100,2,gift_mothers,MEDIUM
gift for mother passing away,50,high,100,2,gift_mothers,MEDIUM
gift for new doctors graduates,50,high,100,3,gift_other,MEDIUM
gift for new phd,50,high,100,3,gift_other,MEDIUM
gift for phd supervisor,50,high,100,3,gift_other,MEDIUM
gift for preschool teacher graduation,50,high,100,3,gift_other,MEDIUM
gift for recent graduate,50,high,100,3,gift_other,MEDIUM
gift for someone bereaved,50,high,100,3,gift_other,MEDIUM
gift for someone graduating police academy,50,high,100,3,gift_other,MEDIUM
gift for someone grieving a pet,50,high,100,3,gift_other,MEDIUM
gift for someone grieving loss of mother,50,high,100,2,gift_memorial,MEDIUM
gift for someone losing a parent,50,high,100,3,gift_other,MEDIUM
gift for someone losing a pet,50,high,100,3,gift_other,MEDIUM
gift for someone starting police academy,50,high,100,3,gift_other,MEDIUM
gift for someone who has lost a sister,50,high,100,3,gift_other,MEDIUM
gift for someone who has lost their mum,50,high,100,3,gift_other,MEDIUM
gift for someone who lost a best friend,50,high,100,3,gift_other,MEDIUM
gift for someone who lost a daughter,50,high,100,3,gift_other,MEDIUM
gift for someone who lost a family member,50,high,100,3,gift_other,MEDIUM
gift for someone who lost a father,50,high,100,3,gift_other,MEDIUM
gift for someone who lost a friend,50,high,100,3,gift_other,MEDIUM
gift for someone who lost a grandparent,50,high,100,2,gift_grandparents,MEDIUM
gift for someone who lost a husband,50,high,100,3,gift_other,MEDIUM
gift for someone who lost a sister,50,high,100,3,gift_other,MEDIUM
gift for someone who lost a spouse,50,high,100,3,gift_other,MEDIUM
gift for someone who lost grandparent,50,high,100,2,gift_grandparents,MEDIUM
gift for someone who lost spouse,50,high,100,3,gift_other,MEDIUM
gift for someone who lost their brother,50,high,100,3,gift_other,MEDIUM
gift for someone who lost their grandma,50,high,100,2,gift_grandparents,MEDIUM
gift for someone who lost their son,50,high,100,3,gift_other,MEDIUM
gift for someone whose brother died,50,high,100,3,gift_other,MEDIUM
gift for someone whose cat died,50,high,100,3,gift_other,MEDIUM
gift for someone whose dad died,50,high,100,3,gift_other,MEDIUM
gift for someone whose father died,50,high,95,3,gift_other,MEDIUM
gift for someone whose mom passed away,50,high,100,3,gift_other,MEDIUM
gift for someone whose mother died,50,high,100,3,gift_other,MEDIUM
gift for woman who lost mother,50,high,100,3,gift_other,MEDIUM
gift ideas after losing a loved one,50,high,100,3,gift_other,MEDIUM
gift ideas for a friend who lost a parent,50,high,100,3,gift_other,MEDIUM
gift ideas for a friend who lost her dad,50,high,100,3,gift_other,MEDIUM
gift ideas for a friend who lost her mother,50,high,100,3,gift_other,MEDIUM
gift ideas for a grieving mother,50,high,100,3,gift_other,MEDIUM
gift ideas for a grieving widow,50,high,100,3,gift_other,MEDIUM
gift ideas for a lost loved one,50,high,100,3,gift_other,MEDIUM
gift ideas for a preschool graduate,50,medium,57,3,gift_other,MEDIUM
gift ideas for air force airman,50,high,100,3,gift_other,MEDIUM
gift ideas for bereaved family,50,high,79,3,gift_other,MEDIUM
gift ideas for bereaved parents,50,high,100,3,gift_other,MEDIUM
gift ideas for completing masters degree,50,high,100,3,gift_other,MEDIUM
gift ideas for coworker retiring,50,high,100,3,gift_other,MEDIUM
gift ideas for elementary graduation,50,high,100,3,gift_other,MEDIUM
gift ideas for family of deceased,50,high,100,3,gift_other,MEDIUM
gift ideas for family who lost a loved one,50,medium,57,3,gift_other,MEDIUM
gift ideas for female coworker retirement,50,high,94,3,gift_other,MEDIUM
gift ideas for firefighter graduation,50,high,100,3,gift_other,MEDIUM
gift ideas for friend who lost father,50,high,100,3,gift_other,MEDIUM
gift ideas for friend who lost mother,50,high,100,3,gift_other,MEDIUM
gift ideas for graduating nurse practitioner,50,high,100,3,gift_other,MEDIUM
gift ideas for graduating veterinarians,50,high,100,3,gift_other,MEDIUM
gift ideas for graduating with masters degree,50,high,100,3,gift_other,MEDIUM
gift ideas for grieving daughter,50,high,100,3,gift_other,MEDIUM
gift ideas for grieving family,50,high,100,3,gift_other,MEDIUM
gift ideas for grieving husband,50,high,100,3,gift_other,MEDIUM
gift ideas for grieving mom,50,high,100,3,gift_other,MEDIUM
gift ideas for grieving mother,50,high,100,3,gift_other,MEDIUM
gift ideas for grieving parents,50,high,100,3,gift_other,MEDIUM
gift ideas for grieving pet owners,50,high,100,3,gift_other,MEDIUM
gift ideas for grieving spouse,50,high,100,3,gift_other,MEDIUM
gift ideas for grieving widow,50,high,100,3,gift_other,MEDIUM
gift ideas for grieving wife,50,high,100,3,gift_other,MEDIUM
gift ideas for him graduation,50,high,100,3,gift_other,MEDIUM
gift ideas for losing a loved one,50,high,100,3,gift_other,MEDIUM
gift ideas for loss of dog,50,high,100,2,gift_memorial,MEDIUM
gift ideas for lost loved ones,50,high,100,3,gift_other,MEDIUM
gift ideas for lpn graduate,50,high,100,3,gift_other,MEDIUM
gift ideas for masters students,50,high,95,3,gift_other,MEDIUM
gift ideas for mba students,50,high,100,3,gift_other,MEDIUM
gift ideas for memorial service,50,high,100,3,gift_other,HIGH
gift ideas for memory of loved one,50,high,100,3,gift_other,MEDIUM
gift ideas for military graduation,50,high,100,3,gift_other,MEDIUM
gift ideas for mother passing away,50,high,100,3,gift_other,MEDIUM
gift ideas for my parents 50th wedding anniversary,50,high,100,2,gift_anniversary,MEDIUM
gift ideas for new grad nurses,50,high,100,3,gift_other,MEDIUM
gift ideas for new graduates,50,high,100,3,gift_other,MEDIUM
gift ideas for new teacher graduates,50,high,100,3,gift_other,MEDIUM
gift ideas for nurse practitioner graduate,50,high,100,3,gift_other,MEDIUM
gift ideas for nurses pinning ceremony,50,high,100,3,gift_other,MEDIUM
gift ideas for passing of a loved one,50,high,100,3,gift_other,MEDIUM
gift ideas for pet death,50,high,100,3,gift_other,MEDIUM
gift ideas for pharmacy graduates,50,high,100,3,gift_other,LOW
gift ideas for phd supervisor,50,high,100,3,gift_other,MEDIUM
gift ideas for police graduation,50,high,100,3,gift_other,MEDIUM
gift ideas for residency graduation,50,high,100,3,gift_other,MEDIUM
gift ideas for retiring female coworker,50,high,100,3,gift_other,MEDIUM
gift ideas for slp graduate,50,high,100,3,gift_other,MEDIUM
gift ideas for someone graduating from police academy,50,high,100,3,gift_other,MEDIUM
gift ideas for someone grieving,50,high,100,3,gift_other,MEDIUM
gift ideas for someone grieving a loss,50,high,100,3,gift_other,MEDIUM
gift ideas for someone mourning,50,high,100,3,gift_other,MEDIUM
gift ideas for someone receiving their doctorate,50,high,100,3,gift_other,MEDIUM
gift ideas for someone who has lost a loved one,50,high,100,3,gift_other,MEDIUM
gift ideas for someone who has lost a parent,50,high,100,3,gift_other,MEDIUM
gift ideas for someone who has passed away,50,high,100,3,gift_other,MEDIUM
gift ideas for someone who just lost a loved one,50,high,100,3,gift_other,MEDIUM
gift ideas for someone who lost a dog,50,high,100,3,gift_other,MEDIUM
gift ideas for someone who lost a family member,50,high,100,3,gift_other,MEDIUM
gift ideas for someone who lost a parent,50,high,100,3,gift_other,MEDIUM
gift ideas for someone who lost a pet,50,high,100,3,gift_other,MEDIUM
gift ideas for someone who lost a spouse,50,high,100,3,gift_other,MEDIUM
gift ideas for someone who lost their dad,50,high,100,3,gift_other,MEDIUM
gift ideas for someone who lost their dog,50,high,100,3,gift_other,MEDIUM
gift ideas for someone who lost their father,50,high,100,3,gift_other,MEDIUM
gift ideas for someone who lost their husband,50,high,100,3,gift_other,MEDIUM
gift ideas for someone who lost their mom,50,high,100,3,gift_other,MEDIUM
gift ideas for someone who lost their mother,50,high,100,3,gift_other,MEDIUM
gift ideas for sympathy loss,50,high,96,3,gift_other,MEDIUM
gift ideas for those who have lost a loved one,50,high,100,3,gift_other,MEDIUM
gift ideas for those who lost a loved one,50,high,100,3,gift_other,MEDIUM
gift ideas for valedictorian,50,high,100,3,gift_other,MEDIUM
gift ideas to memorialize a loved one,50,high,100,3,gift_other,MEDIUM
gift in honor of someone who died,50,medium,49,3,gift_other,MEDIUM
gift items for 50th wedding anniversary,50,high,100,2,gift_anniversary,MEDIUM
gift items for anniversary couple,50,high,100,3,gift_other,MEDIUM
gift items for marriage anniversary,50,high,100,3,gift_other,MEDIUM
gift items for wedding anniversary,50,low,0,2,gift_anniversary,MEDIUM
gift suggestions for masters degree,50,high,100,3,gift_other,MEDIUM
gift table ideas for graduation,50,high,100,3,gift_other,MEDIUM
gift to a grieving friend,50,high,100,3,gift_other,MEDIUM
gift to give friend who lost dad,50,high,100,3,gift_other,MEDIUM
gift to give someone who lost a dog,50,high,100,3,gift_other,MEDIUM
gift to give someone who lost a mother,50,high,100,3,gift_other,MEDIUM
gift to give someone who lost a parent,50,high,100,3,gift_other,MEDIUM
gift to remember someone who has died,50,high,100,3,gift_other,MEDIUM
gift to retired employee,50,medium,50,3,gift_other,MEDIUM
gift to send someone who lost a parent,50,high,100,3,gift_other,MEDIUM
gift to send to someone who lost a parent,50,high,100,3,gift_other,MEDIUM
gift to someone who lost their dad,50,high,100,3,gift_other,MEDIUM
gift to someone who lost their dog,50,high,100,3,gift_other,MEDIUM
gift to someone who lost their mother,50,high,100,3,gift_other,MEDIUM
gifts about lost loved ones,50,high,100,3,gift_other,MEDIUM
gifts after a death,50,high,100,3,gift_other,MEDIUM
gifts for 19th wedding anniversary,50,high,100,2,gift_anniversary,MEDIUM
gifts for 1st anniversary for couple,50,high,100,3,gift_other,MEDIUM
gifts for 50th wedding anniversary couple,50,high,100,2,gift_anniversary,MEDIUM
gifts for 50th wedding anniversary parents,50,high,100,2,gift_anniversary,MEDIUM
gifts for 60th anniversary couple,50,high,100,3,gift_other,MEDIUM
gifts for 8th graders,50,high,100,3,gift_other,MEDIUM
gifts for a family that lost a loved one,50,high,100,3,gift_other,MEDIUM
gifts for a friend grieving,50,high,100,3,gift_other,MEDIUM
gifts for a friend that lost a loved one,50,high,100,3,gift_other,MEDIUM
gifts for a friend who lost her dad,50,high,100,3,gift_other,MEDIUM
gifts for a friend who lost her mom,50,high,100,3,gift_other,MEDIUM
gifts for a grieving father,50,high,100,3,gift_other,MEDIUM
gifts for a grieving husband,50,high,100,3,gift_other,MEDIUM
gifts for a lost pet,50,high,100,3,gift_other,MEDIUM
gifts for a loved one that passed away,50,high,100,3,gift_other,MEDIUM
gifts for a man who lost his father,50,high,100,3,gift_other,MEDIUM
gifts for a memorial keepsake,50,high,100,3,gift_other,MEDIUM
gifts for a passed loved one,50,high,100,3,gift_other,MEDIUM
gifts for a person who lost their dog,50,high,100,3,gift_other,MEDIUM
gifts for a special mom,50,high,100,3,gift_other,MEDIUM
gifts for a wife who lost her husband,50,high,100,3,gift_other,MEDIUM
gifts for accountants graduates,50,high,100,3,gift_other,MEDIUM
gifts for adult graduates,50,high,100,3,gift_other,MEDIUM
gifts for bereaved daughter,50,high,100,3,gift_other,MEDIUM
gifts for condolences at funerals,50,high,100,3,gift_other,MEDIUM
gifts for dad with pictures,50,high,100,3,gift_other,MEDIUM
gifts for daughter who lost her father,50,high,100,3,gift_other,MEDIUM
gifts for death of husband,50,high,100,3,gift_other,MEDIUM
gifts for death of loved one,50,high,100,3,gift_other,MEDIUM
gifts for each wedding anniversary,50,high,77,2,gift_anniversary,MEDIUM
gifts for family after funeral,50,high,100,3,gift_other,MEDIUM
gifts for friends grieving,50,high,100,3,gift_other,MEDIUM
gifts for friends who are grieving,50,high,100,3,gift_other,MEDIUM
gifts for friends who have lost a parent,50,high,100,3,gift_other,MEDIUM
gifts for friends who lost a dog,50,high,100,3,gift_other,MEDIUM
gifts for friends who lost a pet,50,high,100,3,gift_other,MEDIUM
gifts for friends who lost their dad,50,high,100,3,gift_other,MEDIUM
gifts for friends who lost their mom,50,high,100,3,gift_other,MEDIUM
gifts for funeral family,50,high,100,3,gift_other,MEDIUM
gifts for grief and loss,50,high,100,3,gift_other,MEDIUM
gifts for grieving dog owners,50,high,100,3,gift_other,MEDIUM
gifts for grieving husband,50,high,100,3,gift_other,MEDIUM
gifts for grieving siblings,50,high,100,3,gift_other,MEDIUM
gifts for grieving son,50,high,100,3,gift_other,MEDIUM
gifts for kindergarten graduation class,50,high,100,3,gift_other,MEDIUM
gifts for loved one passed away,50,high,100,3,gift_other,MEDIUM
gifts for marines going to bootcamp,50,high,100,3,gift_other,MEDIUM
gifts for mom not cheesy,50,high,99,3,gift_other,MEDIUM
gifts for mom uncommon goods,50,high,100,3,gift_other,MEDIUM
gifts for mourning family,50,high,100,3,gift_other,MEDIUM
gifts for mourning mother,50,high,100,3,gift_other,MEDIUM
gifts for new doctoral graduates,50,high,100,3,gift_other,MEDIUM
gifts for new graduate students,50,high,100,3,gift_other,MEDIUM
gifts for new phd grads,50,high,100,3,gift_other,MEDIUM
gifts for passed away loved ones,50,high,100,3,gift_other,MEDIUM
gifts for pets that have died,50,high,100,3,gift_other,MEDIUM
gifts for psychology graduate students,50,high,100,3,gift_other,MEDIUM
gifts for quirky moms,50,high,100,3,gift_other,MEDIUM
gifts for recent grads,50,high,100,3,gift_other,MEDIUM
gifts for retiring coworkers,50,high,100,3,gift_other,MEDIUM
gifts for someone graduating,50,high,100,3,gift_other,MEDIUM
gifts for someone grieving a parent,50,medium,50,3,gift_other,MEDIUM
gifts for someone grieving the loss of a parent,50,high,100,2,gift_memorial,MEDIUM
gifts for someone grieving the loss of a pet,50,high,100,2,gift_memorial,MEDIUM
gifts for someone mourning,50,high,100,3,gift_other,MEDIUM
gifts for someone passing away,50,high,100,3,gift_other,MEDIUM
gifts for someone who got their doctorate,50,high,100,3,gift_other,MEDIUM
gifts for someone who has lost their dad,50,high,100,3,gift_other,MEDIUM
gifts for someone who just lost a loved one,50,high,100,3,gift_other,MEDIUM
gifts for someone who just lost their mother,50,high,100,3,gift_other,MEDIUM
gifts for someone who lost a brother,50,high,100,3,gift_other,MEDIUM
gifts for someone who lost a son,50,high,100,3,gift_other,MEDIUM
gifts for someone who lost loved one,50,high,100,3,gift_other,MEDIUM
gifts for someone who lost their wife,50,high,100,3,gift_other,MEDIUM
gifts for someone who recently lost a loved one,50,high,100,3,gift_other,MEDIUM
gifts for someone who's lost someone,50,high,100,3,gift_other,MEDIUM
gifts for someone whose dad passed away,50,high,100,3,gift_other,MEDIUM
gifts for someone whose husband died,50,high,100,3,gift_other,MEDIUM
gifts for someone whose mom died,50,high,100,3,gift_other,MEDIUM
gifts for someone whose mother passed away,50,high,100,3,gift_other,MEDIUM
gifts for someone whose pet died,50,high,100,3,gift_other,MEDIUM
gifts for sympathy loss of husband,50,high,100,2,gift_memorial,MEDIUM
gifts for the passing of a loved one,50,high,100,3,gift_other,MEDIUM
gifts for women who have lost their mother,50,high,100,3,gift_other,MEDIUM
gifts for your parents anniversary,50,high,100,3,gift_other,MEDIUM
gifts from lost loved ones,50,high,100,3,gift_other,MEDIUM
gifts of comfort for grieving,50,high,100,3,gift_other,MEDIUM
gifts of lost loved ones,50,high,100,3,gift_other,MEDIUM
gifts of remembering a lost loved one,50,high,100,3,gift_other,MEDIUM
gifts to buy for graduation,50,high,100,3,gift_other,HIGH
gifts to get a graduate,50,high,100,3,gift_other,MEDIUM
gifts to get for someone who lost a loved one,50,high,100,3,gift_other,MEDIUM
gifts to get someone who lost a loved one,50,high,100,3,gift_other,MEDIUM
gifts to get someone who lost a parent,50,high,100,3,gift_other,MEDIUM
gifts to get someone who lost a pet,50,high,100,3,gift_other,MEDIUM
gifts to give a doctor graduation,50,high,100,3,gift_other,MEDIUM
gifts to give a friend who lost a loved one,50,high,100,3,gift_other,MEDIUM
gifts to give a grieving family,50,high,100,3,gift_other,MEDIUM
gifts to give a grieving person,50,high,100,3,gift_other,MEDIUM
gifts to give a nursing graduate,50,high,100,3,gift_other,MEDIUM
gifts to give couples for anniversary,50,high,100,3,gift_other,MEDIUM
gifts to give coworkers when you retire,50,high,100,3,gift_other,MEDIUM
gifts to give for graduation,50,high,100,3,gift_other,MEDIUM
gifts to give for someone grieving,50,high,100,3,gift_other,MEDIUM
gifts to give friends for graduation,50,high,100,3,gift_other,MEDIUM
gifts to give graduating seniors,50,high,100,3,gift_other,MEDIUM
gifts to give grieving family,50,high,100,3,gift_other,MEDIUM
gifts to give grieving friend,50,high,100,3,gift_other,MEDIUM
gifts to give grieving parents,50,high,100,3,gift_other,MEDIUM
gifts to give on graduation,50,high,100,3,gift_other,MEDIUM
gifts to give parents for 50th wedding anniversary,50,high,100,2,gift_anniversary,MEDIUM
gifts to give someone grieving,50,high,100,3,gift_other,MEDIUM
gifts to give someone in mourning,50,high,100,3,gift_other,MEDIUM
gifts to give someone who lost a family member,50,high,100,3,gift_other,MEDIUM
gifts to give someone who lost a pet,50,high,100,3,gift_other,MEDIUM
gifts to give someone who lost a son,50,high,95,3,gift_other,MEDIUM
gifts to give someone who lost someone,50,high,78,3,gift_other,MEDIUM
gifts to give someone who lost their dad,50,high,100,3,gift_other,MEDIUM
gifts to give someone who lost their dog,50,high,100,3,gift_other,MEDIUM
gifts to give someone who lost their mom,50,high,100,3,gift_other,MEDIUM
gifts to give teachers when you graduate,50,high,100,3,gift_other,MEDIUM
gifts to give those who are grieving,50,low,0,3,gift_other,MEDIUM
gifts to give to someone grieving,50,high,100,3,gift_other,MEDIUM
gifts to give your parents when you graduate,50,high,100,3,gift_other,MEDIUM
gifts to remember someone who has passed away,50,high,100,3,gift_other,MEDIUM
gifts to remember someone who passed away,50,high,100,3,gift_other,MEDIUM
gifts to send a grieving family,50,high,100,3,gift_other,MEDIUM
gifts to send after a death,50,high,100,3,gift_other,MEDIUM
gifts to send for a death,50,high,100,3,gift_other,MEDIUM
gifts to send for bereavement,50,high,100,3,gift_other,MEDIUM
gifts to send for death in family,50,high,100,3,gift_other,MEDIUM
gifts to send grieving friend,50,high,100,3,gift_other,MEDIUM
gifts to send in sympathy,50,high,84,3,gift_other,MEDIUM
gifts to send someone grieving,50,high,100,3,gift_other,MEDIUM
gifts to send to grieving family,50,high,100,3,gift_other,MEDIUM
gifts to send to someone grieving,50,high,100,3,gift_other,MEDIUM
gifts to send when someone dies,50,high,100,3,gift_other,MEDIUM
gifts to send when someone passes away,50,high,100,3,gift_other,MEDIUM
gifts when a dog dies,50,high,100,3,gift_other,MEDIUM
gifts when someone loses a parent,50,high,100,3,gift_other,MEDIUM
glass keychain with photo,50,high,98,3,other,MEDIUM
go video vhs to dvd converter,50,high,100,2,vhs_legacy,HIGH
golden anniversary 50th wedding anniversary gift ideas for your parents,50,high,100,2,gift_anniversary,MEDIUM
golden anniversary gift ideas for parents,50,high,100,2,gift_anniversary,MEDIUM
golden anniversary gifts for couples,50,high,100,2,gift_anniversary,MEDIUM
golden anniversary ideas,50,high,100,3,other,MEDIUM
golden anniversary ideas for parents,50,high,100,3,other,MEDIUM
golden wedding anniversary gift ideas for parents,50,high,100,2,gift_anniversary,MEDIUM
golden wedding anniversary gifts for mum and dad,50,medium,54,2,gift_anniversary,MEDIUM
golden wedding anniversary gifts for parents,50,medium,54,2,gift_anniversary,MEDIUM
golden wedding anniversary gifts for wife,50,high,100,2,gift_anniversary,MEDIUM
golden wedding anniversary ideas,50,high,100,2,gift_anniversary,MEDIUM
golden wedding anniversary ideas for parents,50,high,100,2,gift_anniversary,MEDIUM
golden wedding gift,50,high,100,3,gift_other,MEDIUM
golden wedding gifts for friends,50,medium,50,3,gift_other,MEDIUM
good 2 year anniversary gifts,50,high,100,2,gift_anniversary,MEDIUM
good 50th anniversary gifts for parents,50,high,100,2,gift_anniversary,MEDIUM
good app to make video with pictures and music,50,medium,54,3,other,MEDIUM
good cheap graduation gifts,50,high,100,2,gift_graduation,MEDIUM
good gift for doctoral graduation,50,high,100,3,gift_other,MEDIUM
good gift for graduate student,50,high,100,3,gift_other,MEDIUM
good gift for grieving friend,50,high,100,3,gift_other,MEDIUM
good gift for retirement coworker,50,high,90,3,gift_other,MEDIUM
good gifts for death in family,50,high,100,3,gift_other,MEDIUM
good gifts for grad students,50,high,100,3,gift_other,MEDIUM
good gifts for graduating seniors,50,high,97,3,gift_other,MEDIUM
good gifts for grieving families,50,high,100,3,gift_other,MEDIUM
good gifts for guys graduation,50,low,29,3,gift_other,MEDIUM
good gifts for masters graduation,50,high,100,3,gift_other,MEDIUM
good gifts for phd graduates,50,high,100,3,gift_other,MEDIUM
good gifts for phd students,50,high,100,3,gift_other,MEDIUM
good gifts for someone grieving,50,high,98,3,gift_other,MEDIUM
good gifts for someone who lost a loved one,50,high,100,3,gift_other,MEDIUM
good gifts for someone who lost a parent,50,high,100,3,gift_other,MEDIUM
good gifts to give someone who lost a loved one,50,high,100,3,gift_other,MEDIUM
good grad party gifts,50,medium,44,3,gift_other,MEDIUM
good graduation gifts for best friends,50,high,100,2,gift_graduation,MEDIUM
good graduation gifts for brother,50,high,93,2,gift_graduation,MEDIUM
good graduation gifts for sister,50,high,100,2,gift_graduation,MEDIUM
good graduation gifts for son,50,high,100,2,gift_graduation,MEDIUM
good graduation gifts for teachers,50,high,100,2,gift_graduation,MEDIUM
good graduation gifts for women,50,high,100,2,gift_graduation,MEDIUM
good graduation ideas,50,high,100,3,other,MEDIUM
good hs graduation gifts,50,low,0,2,gift_graduation,MEDIUM
good ideas for sympathy gifts,50,high,100,2,gift_memorial,MEDIUM
good memorial gift ideas,50,high,100,2,gift_memorial,MEDIUM
good one year anniversary gifts for her,50,high,100,2,gift_anniversary,MEDIUM
good photo slideshow music,50,low,10,1,direct_service,MEDIUM
good photo video maker app,50,high,86,3,other,MEDIUM
good remembrance gifts,50,high,100,2,gift_memorial,MEDIUM
good retirement gifts for coworker,50,high,100,2,gift_retirement,MEDIUM
good small graduation gifts,50,high,80,2,gift_graduation,MEDIUM
good university graduation gifts,50,high,100,2,gift_graduation,MEDIUM
goodie bag ideas for graduation party,50,high,87,3,other_graduation,MEDIUM
google photo music,50,low,6,3,other,MEDIUM
google photos add music to slideshow,50,low,0,3,other,LOW
google photos create slideshow with music,50,low,33,1,direct_service,LOW
google photos slideshow music,50,low,2,3,tools_comparison,LOW
google photos with music,50,low,14,3,other,LOW
google picture slideshow with music,50,medium,65,1,direct_service,MEDIUM
google slideshow maker with music,50,medium,38,1,direct_service,MEDIUM
grad gift for nursing student,50,high,100,2,gift_graduation,MEDIUM
grad gifts under $100,50,high,100,2,gift_graduation,MEDIUM
grad party gifts for friends,50,medium,50,3,gift_other,MEDIUM
grad party gifts for guys,50,high,100,3,gift_other,MEDIUM
graduation bag ideas,50,high,89,3,other,MEDIUM
graduation baskets for her,50,high,100,3,other,MEDIUM
graduation baskets for him,50,medium,62,3,other,MEDIUM
graduation bookmark ideas,50,high,100,3,other,MEDIUM
graduation box gift ideas,50,high,100,3,gift_other,MEDIUM
graduation candy bouquet ideas,50,low,25,3,other,MEDIUM
graduation candy box ideas,50,high,100,3,other,MEDIUM
graduation candy favors ideas,50,high,100,3,other,MEDIUM
graduation candy gift ideas,50,high,100,3,gift_other,MEDIUM
graduation cap flower ideas,50,high,86,3,other_graduation,MEDIUM
graduation cap ideas for grandma,50,low,0,2,gift_grandparents,MEDIUM
graduation cap storage box,50,high,100,3,other_graduation,MEDIUM
graduation cap treat boxes,50,high,100,3,other_graduation,MEDIUM
graduation care package ideas,50,low,29,3,other,MEDIUM
graduation ceremony gifts for guys,50,high,93,3,gift_other,MEDIUM
graduation chocolate ideas,50,high,100,3,other,MEDIUM
graduation day gift ideas,50,high,89,3,gift_other,MEDIUM
graduation day gifts for her,50,high,100,3,gift_other,MEDIUM
graduation day gifts for him,50,high,100,3,gift_other,MEDIUM
graduation engraving ideas,50,high,100,3,other,MEDIUM
graduation experience gifts,50,high,67,3,gift_other,MEDIUM
graduation flower centerpiece ideas,50,high,100,3,other,MEDIUM
graduation food gifts,50,high,100,3,gift_other,MEDIUM
graduation gift basket for him,50,high,100,2,gift_graduation,MEDIUM
graduation gift baskets for her,50,high,100,2,gift_graduation,MEDIUM
graduation gift box ideas for her,50,high,100,2,gift_graduation,MEDIUM
graduation gift for a guy friend,50,high,100,2,gift_graduation,MEDIUM
graduation gift for a new doctor,50,high,100,2,gift_graduation,MEDIUM
graduation gift for bachelor's degree,50,high,100,2,gift_graduation,MEDIUM
graduation gift for brother from sister,50,high,100,2,gift_graduation,MEDIUM
graduation gift for coworker,50,high,100,2,gift_graduation,MEDIUM
graduation gift for daughter's boyfriend,50,high,100,2,gift_graduation,MEDIUM
graduation gift for female friend,50,high,100,2,gift_graduation,MEDIUM
graduation gift for fiance,50,high,100,2,gift_graduation,MEDIUM
graduation gift for friends daughter,50,high,100,2,gift_graduation,MEDIUM
graduation gift for girlfriend reddit,50,high,77,2,gift_graduation,MEDIUM
graduation gift for kindergarten teacher,50,high,80,2,gift_graduation,MEDIUM
graduation gift for little brother,50,high,100,2,gift_graduation,MEDIUM
graduation gift for male friend,50,high,100,2,gift_graduation,MEDIUM
graduation gift for my boyfriend,50,high,95,2,gift_graduation,MEDIUM
graduation gift for my niece,50,low,30,2,gift_graduation,MEDIUM
graduation gift for myself,50,high,95,2,gift_graduation,MEDIUM
graduation gift for neighbor,50,high,100,2,gift_graduation,MEDIUM
graduation gift for niece money,50,medium,41,2,gift_graduation,MEDIUM
graduation gift for nurse rn,50,high,100,2,gift_graduation,MEDIUM
graduation gift for older graduate,50,high,100,2,gift_graduation,MEDIUM
graduation gift for sister in law,50,high,100,2,gift_graduation,MEDIUM
graduation gift for someone going into military,50,high,100,2,gift_graduation,MEDIUM
graduation gift for teacher degree,50,high,100,2,gift_graduation,MEDIUM
graduation gift for wife masters,50,high,100,2,gift_graduation,MEDIUM
graduation gift from dad to daughter,50,high,100,2,gift_graduation,MEDIUM
graduation gift from mom to daughter,50,high,100,2,gift_graduation,MEDIUM
graduation gift ideas cricut,50,high,100,2,gift_graduation,MEDIUM
graduation gift ideas etsy,50,high,100,2,gift_graduation,MEDIUM
graduation gift ideas for brother,50,high,100,2,gift_graduation,MEDIUM
graduation gift ideas for classmates,50,high,100,2,gift_graduation,MEDIUM
graduation gift ideas for doctorate degree,50,medium,61,2,gift_graduation,MEDIUM
graduation gift ideas for grandson,50,medium,38,2,gift_graduation,MEDIUM
graduation gift ideas for him master's degree,50,high,100,2,gift_graduation,MEDIUM
graduation gift ideas for husband,50,high,92,2,gift_graduation,MEDIUM
graduation gift ideas for medical students,50,high,100,2,gift_graduation,MEDIUM
graduation gift ideas for mom,50,high,100,2,gift_graduation,MEDIUM
graduation gift ideas for my daughter,50,high,100,2,gift_graduation,MEDIUM
graduation gift ideas for my son,50,high,100,2,gift_graduation,MEDIUM
graduation gift ideas for nephew,50,high,89,2,gift_graduation,MEDIUM
graduation gift ideas for niece,50,high,100,2,gift_graduation,MEDIUM
graduation gift ideas for older adults,50,high,100,2,gift_graduation,MEDIUM
graduation gift ideas for phd students,50,high,100,2,gift_graduation,MEDIUM
graduation gift ideas for son's girlfriend,50,high,100,2,gift_graduation,MEDIUM
graduation gift ideas for students from teachers,50,high,100,2,gift_graduation,MEDIUM
graduation gift ideas for teenager,50,low,0,2,gift_graduation,MEDIUM
graduation gift ideas for wife,50,high,100,2,gift_graduation,MEDIUM
graduation gift ideas from teacher to student,50,low,0,2,gift_graduation,MEDIUM
graduation gift ideas masters degree,50,high,100,2,gift_graduation,MEDIUM
graduation gift ideas reddit,50,medium,52,2,gift_graduation,MEDIUM
graduation gift ideas target,50,high,100,2,gift_graduation,MEDIUM
graduation gift list,50,medium,39,2,gift_graduation,MEDIUM
graduation gift package,50,high,100,2,gift_graduation,MEDIUM
graduation gift reddit,50,low,2,2,gift_graduation,MEDIUM
graduation gift set for her,50,high,100,2,gift_graduation,MEDIUM
graduation gift table ideas,50,medium,58,2,gift_graduation,MEDIUM
graduation gift to myself,50,high,100,2,gift_graduation,MEDIUM
graduation gift wrapping ideas,50,high,89,2,gift_graduation,MEDIUM
graduation gifts 2021,50,low,0,2,gift_graduation,MEDIUM
graduation gifts for a doctorate degree,50,high,100,2,gift_graduation,MEDIUM
graduation gifts for a granddaughter,50,high,100,2,gift_graduation,MEDIUM
graduation gifts for business majors,50,high,100,2,gift_graduation,MEDIUM
graduation gifts for classmates,50,high,100,2,gift_graduation,MEDIUM
graduation gifts for couples,50,high,100,2,gift_graduation,MEDIUM
graduation gifts for dad,50,high,100,2,gift_graduation,MEDIUM
graduation gifts for dancers,50,high,100,2,gift_graduation,MEDIUM
graduation gifts for elementary students,50,high,100,2,gift_graduation,MEDIUM
graduation gifts for female doctors,50,low,29,2,gift_graduation,MEDIUM
graduation gifts for future teachers,50,high,100,2,gift_graduation,MEDIUM
graduation gifts for graduate students,50,high,100,2,gift_graduation,MEDIUM
graduation gifts for group of friends,50,high,100,2,gift_graduation,MEDIUM
graduation gifts for guests,50,high,100,2,gift_graduation,MEDIUM
graduation gifts for guy best friend,50,high,100,2,gift_graduation,MEDIUM
graduation gifts for her near me,50,high,100,2,gift_graduation,HIGH
graduation gifts for him near me,50,high,100,2,gift_graduation,HIGH
graduation gifts for kindergarten class,50,high,100,2,gift_graduation,MEDIUM
graduation gifts for kindergarten students,50,high,100,2,gift_graduation,MEDIUM
graduation gifts for kindergarten students from teacher,50,high,100,2,gift_graduation,MEDIUM
graduation gifts for little sister,50,high,100,2,gift_graduation,MEDIUM
graduation gifts for male teachers,50,high,100,2,gift_graduation,MEDIUM
graduation gifts for my brother,50,high,93,2,gift_graduation,MEDIUM
graduation gifts for my girlfriend,50,high,100,2,gift_graduation,MEDIUM
graduation gifts for nursing grads,50,high,100,2,gift_graduation,MEDIUM
graduation gifts for older adults,50,high,100,2,gift_graduation,MEDIUM
graduation gifts for older grads,50,high,100,2,gift_graduation,MEDIUM
graduation gifts for pa students,50,high,100,2,gift_graduation,MEDIUM
graduation gifts for phd grads,50,high,100,2,gift_graduation,MEDIUM
graduation gifts for phd students,50,high,100,2,gift_graduation,MEDIUM
graduation gifts for pre k students,50,high,100,2,gift_graduation,MEDIUM
graduation gifts for roommates,50,high,100,2,gift_graduation,MEDIUM
graduation gifts for siblings,50,high,95,2,gift_graduation,MEDIUM
graduation gifts for son from dad,50,high,100,2,gift_graduation,MEDIUM
graduation gifts for students from teachers,50,high,100,2,gift_graduation,MEDIUM
graduation gifts for teenage guys,50,low,0,2,gift_graduation,MEDIUM
graduation gifts for university students,50,high,100,2,gift_graduation,MEDIUM
graduation gifts for young men,50,high,100,2,gift_graduation,MEDIUM
graduation gifts for your boyfriend,50,high,95,2,gift_graduation,MEDIUM
graduation gifts for your brother,50,high,100,2,gift_graduation,MEDIUM
graduation gifts for your daughter,50,high,100,2,gift_graduation,MEDIUM
graduation gifts for your friends,50,high,94,2,gift_graduation,MEDIUM
graduation gifts for your girlfriend,50,high,100,2,gift_graduation,MEDIUM
graduation gifts for your son,50,high,80,2,gift_graduation,MEDIUM
graduation gifts for yourself,50,high,100,2,gift_graduation,LOW
graduation gifts from girlfriend to boyfriend,50,high,100,2,gift_graduation,MEDIUM
graduation gifts from mom to daughter,50,high,100,2,gift_graduation,MEDIUM
graduation gifts from mom to son,50,high,73,2,gift_graduation,MEDIUM
graduation gifts from parents to daughter,50,medium,50,2,gift_graduation,MEDIUM
graduation gifts from parents to son,50,high,100,2,gift_graduation,MEDIUM
graduation gifts made out of money,50,medium,59,2,gift_graduation,MEDIUM
graduation gifts online,50,medium,55,2,gift_graduation,LOW
graduation gifts store near me,50,high,100,2,gift_graduation,HIGH
graduation gifts to make,50,high,100,2,gift_graduation,MEDIUM
graduation gifts to send,50,high,100,2,gift_graduation,MEDIUM
graduation gifts under $10,50,high,100,2,gift_graduation,MEDIUM
graduation gifts university,50,high,100,2,gift_graduation,MEDIUM
graduation gifts with cricut,50,low,0,2,gift_graduation,MEDIUM
graduation giveaways ideas,50,high,100,3,other,MEDIUM
graduation guest gift ideas,50,high,100,3,gift_other,MEDIUM
graduation hamper ideas,50,high,100,3,other,MEDIUM
graduation hoodies ideas,50,high,100,3,other,MEDIUM
graduation ideas 2023,50,high,100,3,other,MEDIUM
graduation ideas for boyfriend,50,high,74,3,other,MEDIUM
graduation ideas for elementary students,50,high,100,3,other,MEDIUM
graduation ideas for guys,50,high,100,3,other,MEDIUM
graduation ideas for men,50,high,100,3,other,MEDIUM
graduation ideas for son,50,high,100,3,other,MEDIUM
graduation jar ideas,50,high,77,3,other,MEDIUM
graduation jewelry gifts for daughter,50,high,100,3,gift_other,MEDIUM
graduation keepsake gifts,50,high,100,3,gift_other,MEDIUM
graduation keepsake ideas,50,high,100,3,other,MEDIUM
graduation mason jar ideas,50,medium,60,3,other,MEDIUM
graduation memento ideas,50,medium,40,3,other,MEDIUM
graduation memorabilia ideas,50,high,100,3,other,MEDIUM
graduation money necklace diy,50,low,29,3,other,LOW
graduation money necklace ideas,50,medium,58,3,other,MEDIUM
graduation money tree ideas,50,high,100,3,other,MEDIUM
graduation mug ideas,50,high,82,3,other,MEDIUM
graduation package ideas,50,high,100,3,other,MEDIUM
graduation party gift table ideas,50,high,100,3,gift_other,MEDIUM
graduation party giveaways,50,high,100,3,other_graduation,MEDIUM
graduation party keepsake ideas,50,high,100,3,other_graduation,MEDIUM
graduation party presents,50,high,100,3,gift_other,MEDIUM
graduation party return gift ideas,50,high,100,3,gift_other,MEDIUM
graduation party souvenir ideas,50,high,100,3,other_graduation,MEDIUM
graduation photo gift ideas,50,high,100,2,gift_personalized,MEDIUM
graduation picture collage ideas,50,high,100,3,other,MEDIUM
graduation picture gifts,50,high,100,3,gift_other,MEDIUM
graduation plaque ideas,50,high,100,3,other,MEDIUM
graduation plaques ideas,50,high,75,3,other,MEDIUM
graduation presents for sister,50,high,100,2,gift_graduation,MEDIUM
graduation presents near me,50,high,100,2,gift_graduation,HIGH
graduation registry ideas,50,medium,37,3,other,MEDIUM
graduation remembrance ideas,50,high,100,3,other,MEDIUM
graduation return gift ideas,50,high,88,3,gift_other,MEDIUM
graduation return gifts,50,high,76,3,gift_other,MEDIUM
graduation surprise gift ideas,50,high,100,3,gift_other,MEDIUM
graduation surprise ideas,50,high,96,3,other,MEDIUM
graduation surprise ideas for boyfriend,50,medium,50,3,other,MEDIUM
graduation swag bag ideas,50,medium,62,3,other,MEDIUM
graduation swag ideas,50,high,100,3,other,MEDIUM
graduation thank you gift ideas,50,high,100,3,gift_other,MEDIUM
graduation thank you gifts for guests,50,high,92,3,gift_other,MEDIUM
graduation token ideas,50,high,100,3,other,MEDIUM
graduation treat bags ideas,50,high,100,3,other,MEDIUM
graduation treat boxes,50,high,95,3,other,MEDIUM
graduation tumbler ideas,50,high,97,3,other,MEDIUM
graduation watch engraving ideas,50,high,100,3,other,MEDIUM
graduation well wishes ideas,50,high,100,3,other,MEDIUM
graduation wish list ideas,50,medium,61,3,other,MEDIUM
granddaughter memorial gifts,50,high,100,2,gift_memorial,MEDIUM
grandma photo collage,50,high,100,2,gift_grandparents,MEDIUM
grandma photo mug,50,high,100,2,gift_grandparents,MEDIUM
grandma picture frames personalized,50,high,100,2,gift_grandparents,HIGH
grandmother remembrance gifts,50,high,100,2,gift_memorial,MEDIUM
grandpa 80th birthday,50,high,89,2,gift_grandparents,MEDIUM
grandpa 80th birthday gift,50,high,100,2,gift_birthday,MEDIUM
grandpa photo mug,50,high,100,2,gift_grandparents,MEDIUM
grandpa remembrance gifts,50,high,100,2,gift_memorial,MEDIUM
grandson graduation gift ideas,50,high,100,2,gift_graduation,MEDIUM
great 50th anniversary gifts for parents,50,high,100,2,gift_anniversary,MEDIUM
great gift ideas for 50th wedding anniversary,50,high,100,2,gift_anniversary,MEDIUM
great gift ideas for parents 50th wedding anniversary,50,high,100,2,gift_anniversary,MEDIUM
great gift ideas for your mom,50,high,100,3,gift_other,MEDIUM
great gifts for graduating seniors,50,high,97,3,gift_other,MEDIUM
great graduation gifts for her,50,high,100,2,gift_graduation,MEDIUM
great wedding anniversary gifts,50,high,100,2,gift_anniversary,MEDIUM
grief gift basket ideas,50,high,100,2,gift_memorial,MEDIUM
grief gifts for loss of father,50,high,100,2,gift_memorial,MEDIUM
grievance gift ideas,50,high,100,3,gift_other,MEDIUM
grieving basket gift,50,high,100,3,gift_other,MEDIUM
grieving daughter gifts,50,high,100,3,gift_other,MEDIUM
grieving gift basket ideas,50,high,100,3,gift_other,MEDIUM
grieving gifts for her,50,high,100,3,gift_other,MEDIUM
grieving gifts for mom,50,high,100,3,gift_other,MEDIUM
grieving present ideas,50,high,100,3,gift_other,MEDIUM
grieving sympathy gift ideas,50,high,100,2,gift_memorial,MEDIUM
grieving wife gift,50,high,100,3,gift_other,MEDIUM
group graduation gifts,50,high,100,2,gift_graduation,MEDIUM
handmade diy memorial gifts,50,high,99,2,gift_memorial,LOW
handmade memorial gifts,50,high,100,2,gift_memorial,MEDIUM
handmade memory gifts,50,high,67,3,gift_other,MEDIUM
happy anniversary gift for husband,50,high,100,2,gift_anniversary,MEDIUM
happy anniversary gift for mom and dad,50,high,100,2,gift_anniversary,MEDIUM
happy anniversary gift for wife,50,high,100,2,gift_anniversary,MEDIUM
happy anniversary gift ideas,50,high,96,2,gift_anniversary,MEDIUM
happy anniversary gifts for couples,50,high,100,2,gift_anniversary,MEDIUM
happy anniversary gifts for her,50,high,100,2,gift_anniversary,MEDIUM
happy anniversary gifts for him,50,high,100,2,gift_anniversary,MEDIUM
happy anniversary gifts for parents,50,high,100,2,gift_anniversary,MEDIUM
happy anniversary ideas,50,high,98,3,other,MEDIUM
happy anniversary slide,50,low,8,3,other,MEDIUM
happy anniversary slideshow,50,low,8,1,life_events,MEDIUM
happy anniversary surprise,50,high,100,3,other,MEDIUM
happy anniversary surprise ideas,50,high,100,3,other,MEDIUM
happy birthday montage photo,50,low,0,1,life_events,MEDIUM
happy birthday mug design with photo,50,high,100,3,other,MEDIUM
happy birthday mug with photo,50,high,100,3,other,MEDIUM
happy birthday photo montage pixiz,50,low,0,1,direct_service,MEDIUM
happy birthday song photo video app,50,high,100,3,other,MEDIUM
happy father's day frames,50,high,100,2,gift_fathers,MEDIUM
happy fathers day picture frame,50,high,100,2,gift_fathers,MEDIUM
happy graduation gift,50,high,100,2,gift_graduation,MEDIUM
happy marriage anniversary gift,50,high,100,2,gift_anniversary,MEDIUM
happy wedding anniversary gift,50,high,100,2,gift_anniversary,MEDIUM
hdmi digitizer,50,low,11,3,other,MEDIUM
heart photo canvas,50,high,100,3,tools_comparison,LOW
heart photo pillow,50,high,100,3,other,MEDIUM
heart shape photo pillow,50,high,100,3,other,MEDIUM
heart shaped keychain personalized,50,high,100,3,other,HIGH
heartfelt graduation gifts,50,high,100,2,gift_graduation,MEDIUM
heat changing mugs personalised,50,high,100,3,other,HIGH
heat photo mug,50,high,100,3,physical_products,MEDIUM
heat sensitive mug personalised,50,high,100,3,other,HIGH
heat sensitive photo mug,50,high,100,3,physical_products,MEDIUM
helical scan video tape transfer to dvd,50,high,86,2,vhs_legacy,MEDIUM
her graduation,50,high,86,3,other,MEDIUM
hi 8mm to digital,50,high,100,3,other,MEDIUM
hi 8mm to digital converter,50,high,100,3,other,HIGH
hi8 converter vhs,50,high,82,2,vhs_legacy,HIGH
hi8 film to digital,50,high,94,2,vhs_legacy,MEDIUM
hi8 mp 8mm video cassette converter,50,high,100,2,vhs_legacy,HIGH
hi8 tape to dvd,50,high,100,2,vhs_legacy,MEDIUM
hi8 tapes near me,50,medium,45,2,vhs_legacy,HIGH
hi8 video transfer service,50,high,90,2,vhs_legacy,HIGH
high end graduation gifts,50,high,100,2,gift_graduation,MEDIUM
high graduation gift ideas,50,high,100,2,gift_graduation,MEDIUM
high quality vhs to digital converter,50,high,100,2,vhs_legacy,HIGH
high speed vhs to digital converter,50,high,100,2,vhs_legacy,HIGH
highest quality vhs to digital,50,medium,62,2,vhs_legacy,MEDIUM
holiday cheese and meat gift baskets,50,high,100,3,gift_other,MEDIUM
home vhs to digital,50,high,100,2,vhs_legacy,MEDIUM
home vhs to dvd,50,high,100,2,vhs_legacy,MEDIUM
home video cassette converter,50,high,100,3,other,HIGH
home video conversion service near me,50,high,100,3,other,HIGH
home video tape converter,50,high,100,2,vhs_legacy,HIGH
home video tapes to digital,50,high,100,2,vhs_legacy,MEDIUM
home video tapes to dvd,50,high,100,2,vhs_legacy,MEDIUM
home video to dvd transfer service,50,high,100,3,other,HIGH
home video transfer near me,50,high,99,3,other,HIGH
homemade graduation ideas,50,low,14,3,other,MEDIUM
homemade memorial gifts,50,high,100,2,gift_memorial,MEDIUM
homemade remembrance gifts,50,high,100,2,gift_memorial,MEDIUM
homemade retirement gifts for coworkers,50,high,100,2,gift_retirement,MEDIUM
homemade sympathy gift basket ideas,50,high,100,2,gift_memorial,MEDIUM
homemade sympathy gifts,50,high,100,2,gift_memorial,MEDIUM
honestech vhs to digital,50,medium,52,2,vhs_legacy,MEDIUM
honestech vhs to dvd converter,50,high,100,2,vhs_legacy,HIGH
how can i convert my vhs tapes to digital,50,high,99,2,vhs_legacy,MEDIUM
how can i convert vhs tapes to digital,50,high,99,2,vhs_legacy,MEDIUM
how can i copy vhs tapes to my computer,50,high,100,2,vhs_legacy,MEDIUM
how can i transfer vhs to my computer,50,high,100,2,vhs_legacy,MEDIUM
how do i convert 8mm video tapes to digital,50,high,100,2,vhs_legacy,MEDIUM
how do i convert my vhs tapes to digital,50,high,100,2,vhs_legacy,MEDIUM
how do i convert old video tapes to digital,50,high,100,2,vhs_legacy,MEDIUM
how do i convert vcr tapes to digital,50,high,100,2,vhs_legacy,MEDIUM
how do i convert video tapes to digital,50,high,100,2,vhs_legacy,MEDIUM
how do i copy vhs tapes to my computer,50,high,100,2,vhs_legacy,MEDIUM
how do i get vhs tapes on my computer,50,high,100,2,vhs_legacy,MEDIUM
how do i organize my thousands of digital photos,50,low,0,3,other,MEDIUM
how do i transfer my vhs tapes to digital,50,high,100,2,vhs_legacy,MEDIUM
how do i transfer vhs c tapes to my computer,50,high,100,2,vhs_legacy,MEDIUM
how do i transfer vhs tapes to my computer,50,high,100,2,vhs_legacy,MEDIUM
how do i transfer vhs to my computer,50,high,100,2,vhs_legacy,MEDIUM
how to convert 8mm tape to digital,50,high,100,3,other,LOW
how to convert a vcr tape to digital,50,high,100,2,vhs_legacy,LOW
how to convert a vhs tape to digital,50,high,100,2,vhs_legacy,LOW
how to convert a vhs to a computer file,50,high,71,3,other,LOW
how to convert a video cassette tape to digital,50,high,100,3,other,LOW
how to convert a video cassette to digital,50,high,100,3,other,LOW
how to convert a video tape to digital,50,high,100,2,vhs_legacy,LOW
how to convert mini video cassette to digital,50,high,100,3,other,LOW
how to convert my vhs tapes to digital,50,high,100,2,vhs_legacy,LOW
how to convert old tapes to digital,50,high,100,2,vhs_legacy,LOW
how to convert old vcr tapes to digital,50,high,99,2,vhs_legacy,LOW
how to convert old vhs tapes to digital,50,high,100,2,vhs_legacy,LOW
how to convert old video camera tapes to digital,50,high,100,2,vhs_legacy,LOW
how to convert old video tapes to digital,50,high,100,2,vhs_legacy,LOW
how to convert vhs and 8mm tapes to digital,50,high,89,2,vhs_legacy,LOW
how to convert vhs c tapes to digital,50,high,100,2,vhs_legacy,LOW
how to convert vhs cassette to digital,50,high,100,2,vhs_legacy,LOW
how to convert vhs tapes into digital files,50,high,100,2,vhs_legacy,LOW
how to convert vhs tapes to digital files,50,high,99,2,vhs_legacy,LOW
how to convert vhs tapes to digital format,50,high,100,2,vhs_legacy,LOW
how to convert vhs tapes to digital without vcr,50,high,100,2,vhs_legacy,LOW
how to convert vhs tapes to dvd using a computer,50,high,95,2,vhs_legacy,LOW
how to convert vhs tapes to flash drive,50,high,100,2,vhs_legacy,LOW
how to convert vhs to digital on pc,50,high,78,2,vhs_legacy,LOW
how to convert vhs to flash drive,50,high,100,2,vhs_legacy,LOW
how to convert vhs to hard drive,50,high,100,2,vhs_legacy,LOW
how to convert video cassette tapes to digital,50,high,100,3,other,LOW
how to convert video tape into digital,50,high,100,2,vhs_legacy,LOW
how to convert video tapes to digital files,50,high,97,2,vhs_legacy,LOW
how to copy a vhs tape to my computer,50,high,91,2,vhs_legacy,LOW
how to copy vhs tapes to digital,50,high,96,2,vhs_legacy,LOW
how to copy vhs to dvd using computer,50,low,0,2,vhs_legacy,LOW
how to copy video cassette to computer,50,high,100,3,other,LOW
how to create a memorial slideshow with music,50,high,92,1,direct_service,LOW
how to get old video tapes onto computer,50,high,100,2,vhs_legacy,LOW
how to get vcr tapes onto computer,50,high,100,2,vhs_legacy,LOW
how to get vcr tapes to digital,50,high,100,2,vhs_legacy,LOW
how to get vhs c videos onto computer,50,high,67,3,other,LOW
how to get vhs onto computer,50,high,97,3,other,LOW
how to get vhs tapes onto computer,50,high,93,2,vhs_legacy,LOW
how to get vhs tapes to digital,50,high,100,2,vhs_legacy,LOW
how to get vhs video onto a computer,50,high,92,3,other,LOW
how to get video cassette on your computer,50,high,79,3,other,LOW
how to get video cassette tape onto computer,50,high,97,3,other,LOW
how to get video from vhs to computer,50,high,100,3,other,LOW
how to get video tape to digital,50,high,100,2,vhs_legacy,LOW
how to get video tapes onto computer,50,high,100,2,vhs_legacy,LOW
how to make vhs tapes digital,50,high,100,2,vhs_legacy,LOW
how to move vhs to computer,50,high,71,3,other,LOW
how to organize thousands of digital photos,50,medium,35,3,other,LOW
how to organize thousands of photos,50,medium,43,2,photo_organization,LOW
how to play vhs on computer,50,low,24,3,other,LOW
how to put 8mm tapes on computer,50,high,100,3,other,LOW
how to put vhs tapes on computer,50,high,100,2,vhs_legacy,LOW
how to put video cassette tapes on computer,50,medium,57,3,other,LOW
how to put video tapes on computer,50,high,96,2,vhs_legacy,LOW
how to record a vhs tape to computer,50,high,85,2,vhs_legacy,LOW
how to record vcr tapes onto computer,50,high,100,2,vhs_legacy,LOW
how to record vhs onto computer,50,high,100,3,other,LOW
how to rip vhs to computer,50,high,100,3,other,LOW
how to rip vhs to pc,50,low,0,3,other,LOW
how to transfer 8mm video tape to digital,50,high,100,2,vhs_legacy,LOW
how to transfer mini dv to computer with firewire,50,low,0,2,vhs_legacy,LOW
how to transfer old vhs tapes to digital,50,high,100,2,vhs_legacy,LOW
how to transfer old video tapes to digital,50,high,100,2,vhs_legacy,LOW
how to transfer vcr tapes to digital,50,high,100,2,vhs_legacy,LOW
how to transfer vhs c tapes to computer,50,high,100,2,vhs_legacy,LOW
how to transfer vhs c to computer,50,high,80,2,vhs_legacy,LOW
how to transfer vhs tapes onto computer,50,high,100,2,vhs_legacy,LOW
how to transfer vhs tapes to digital,50,high,100,2,vhs_legacy,LOW
how to transfer vhs tapes to your computer,50,low,31,2,vhs_legacy,LOW
how to transfer vhs to dvd with computer,50,high,100,2,vhs_legacy,LOW
how to transfer vhs to hard drive,50,high,100,2,vhs_legacy,LOW
how to transfer vhs to laptop,50,high,94,2,vhs_legacy,LOW
how to transfer vhs to my computer,50,high,100,2,vhs_legacy,LOW
how to transfer video camera tapes to digital,50,high,100,3,other,LOW
how to transfer video cassette tape to computer,50,high,100,3,other,LOW
how to transfer video cassette to computer,50,low,0,3,other,LOW
how to transfer video cassette to digital,50,high,100,3,other,LOW
how to transfer video from vcr to computer,50,high,100,3,other,LOW
how to transfer video tapes onto computer,50,high,100,2,vhs_legacy,LOW
how to transfer video tapes to computer,50,high,85,2,vhs_legacy,LOW
how to turn video cassette tapes into digital,50,high,100,3,other,LOW
how to upload vhs tapes onto a computer,50,high,91,2,vhs_legacy,LOW
how to upload vhs to computer,50,high,91,3,other,LOW
hs graduation gift ideas,50,high,86,2,gift_graduation,MEDIUM
hs graduation gifts for her,50,low,25,2,gift_graduation,MEDIUM
hs graduation gifts for him,50,high,75,2,gift_graduation,MEDIUM
ht vhs to dvd,50,high,100,2,vhs_legacy,MEDIUM
husband remembrance gifts,50,high,100,2,gift_memorial,MEDIUM
i have too many photos on my phone,50,medium,53,2,photo_organization,MEDIUM
i love daddy photo frame,50,high,100,3,physical_products,MEDIUM
i love daddy picture frame,50,high,100,3,physical_products,MEDIUM
i love you dad frame,50,high,100,3,other,MEDIUM
i love you dad picture frame,50,high,100,3,physical_products,MEDIUM
i love you daddy photo frame,50,high,100,3,physical_products,MEDIUM
i love you mom picture frame,50,high,100,3,physical_products,MEDIUM
i need to make a slideshow with music,50,high,83,1,direct_service,MEDIUM
i want to create a slideshow with music,50,high,90,1,direct_service,MEDIUM
i want to make a photo slideshow with music,50,high,77,1,direct_service,MEDIUM
i want to make a slideshow with music,50,high,82,1,direct_service,MEDIUM
i want to make a video with pictures and music,50,high,74,3,other,MEDIUM
i want to make video with pictures and music,50,high,74,3,other,MEDIUM
i year anniversary gift,50,high,100,2,gift_anniversary,MEDIUM
i year anniversary gifts for him,50,high,100,2,gift_anniversary,MEDIUM
ideal graduation gifts,50,high,93,2,gift_graduation,MEDIUM
ideas for 35th wedding anniversary,50,high,100,2,gift_anniversary,MEDIUM
ideas for 4th wedding anniversary,50,high,100,2,gift_anniversary,MEDIUM
ideas for 6th wedding anniversary,50,high,100,2,gift_anniversary,MEDIUM
ideas for celebrating parents 50th wedding anniversary,50,low,19,2,gift_anniversary,MEDIUM
ideas for funeral flower cards,50,high,86,3,other,MEDIUM
ideas for funeral flowers after funeral,50,high,100,3,other,MEDIUM
ideas for funeral gifts other than flowers,50,high,100,3,gift_other,MEDIUM
ideas for grieving gifts,50,high,100,3,gift_other,MEDIUM
ideas for masters graduation gifts,50,high,100,2,gift_graduation,MEDIUM
ideas for men's funeral flowers,50,high,100,3,other,MEDIUM
ideas for messages on funeral flowers,50,high,96,3,other,MEDIUM
ideas for pearl wedding anniversary,50,medium,43,2,gift_anniversary,MEDIUM
ideas for police academy graduation,50,high,100,3,other,MEDIUM
ideas for someone who lost a dog,50,high,100,3,other,MEDIUM
ideas for someone who lost a loved one,50,high,100,3,other,MEDIUM
ideas for someone who lost a pet,50,high,100,3,other,MEDIUM
ideas for sympathy flowers,50,high,100,3,other,MEDIUM
ideas for sympathy gifts not flowers,50,high,100,2,gift_memorial,MEDIUM
ideas for your parents 50th wedding anniversary,50,high,100,2,gift_anniversary,MEDIUM
ideas of what to send when someone dies,50,high,100,3,other,MEDIUM
ideas to send for death in family,50,high,100,3,other,MEDIUM
ideas to send for sympathy,50,high,100,3,other,MEDIUM
ideas to send someone for sympathy,50,high,90,3,other,MEDIUM
ideas to send to grieving family,50,high,100,3,other,MEDIUM
image music video maker,50,high,93,3,other,MEDIUM
image video maker with song,50,high,86,3,other,MEDIUM
in loving memory gift ideas,50,high,100,3,gift_other,MEDIUM
in loving memory gifts for him,50,high,100,3,gift_other,MEDIUM
in loving memory gifts near me,50,high,100,3,gift_other,HIGH
in loving memory graduation cap,50,high,94,3,other_graduation,MEDIUM
in loving memory photo blankets,50,high,100,3,physical_products,MEDIUM
in memory christmas gifts,50,high,100,3,gift_other,MEDIUM
in memory gifts for her,50,high,100,3,gift_other,MEDIUM
in memory gifts for him,50,high,100,3,gift_other,MEDIUM
in memory gifts for men,50,high,100,3,gift_other,MEDIUM
in memory gifts for mom,50,high,100,3,gift_other,MEDIUM
in memory keepsake ideas,50,high,100,3,other,MEDIUM
in memory of daughter gifts,50,high,100,2,gift_memorial,MEDIUM
in memory of gifts diy,50,high,71,2,gift_memorial,LOW
in memory of my dad gifts,50,high,100,2,gift_fathers,MEDIUM
in memory of my dog gifts,50,high,100,2,gift_memorial,MEDIUM
in memory tree decorations,50,high,100,3,other,MEDIUM
in remembrance of mom gifts,50,high,100,2,gift_mothers,MEDIUM
inexpensive graduation gifts for guys,50,high,99,2,gift_graduation,MEDIUM
inexpensive graduation gifts for students from teachers,50,high,100,2,gift_graduation,MEDIUM
inexpensive homemade graduation gift ideas,50,medium,57,2,gift_graduation,MEDIUM
inexpensive sympathy gift ideas,50,high,100,2,gift_memorial,MEDIUM
innovative gifts for mom,50,high,100,3,gift_other,MEDIUM
instagram photo slideshow with music,50,low,0,1,direct_service,MEDIUM
ion vhs to digital converter,50,high,100,2,vhs_legacy,HIGH
ipad slideshow with music,50,low,0,1,direct_service,MEDIUM
iphone add music to photo,50,low,17,3,other,LOW
iphone app to make video with pictures and music,50,high,72,3,other,LOW
iphone create slideshow with music,50,low,21,1,direct_service,LOW
iphone photo and video editor,50,low,10,3,tools_comparison,LOW
iphone photo slideshow music,50,medium,38,1,direct_service,LOW
iphone photo slideshow with music,50,medium,38,1,direct_service,LOW
iphone photo video editor,50,high,86,3,tools_comparison,LOW
iphone photos slideshow music,50,medium,43,3,other,LOW
iphone slideshow with music,50,medium,43,1,direct_service,LOW
iphoto slideshow music,50,low,10,1,direct_service,MEDIUM
iron anniversary ideas,50,high,100,3,other,MEDIUM
ivory anniversary gifts for wife,50,high,100,2,gift_anniversary,MEDIUM
ivory wedding anniversary gifts for him,50,high,100,2,gift_anniversary,MEDIUM
jcpenney graduation gifts,50,high,100,2,gift_graduation,MEDIUM
junior high graduation gift ideas,50,high,100,2,gift_graduation,MEDIUM
jvc vhs to dvd converter,50,high,100,2,vhs_legacy,HIGH
keepsake for a lost loved one,50,high,100,3,other,MEDIUM
keepsake for someone who lost a parent,50,high,100,3,other,MEDIUM
keepsake graduation gifts for her,50,high,83,2,gift_graduation,MEDIUM
keepsake graduation gifts for him,50,high,93,2,gift_graduation,MEDIUM
keepsake ideas for funeral flowers,50,high,100,3,other,MEDIUM
keepsakes for lost loved ones,50,high,100,3,other,MEDIUM
keepsakes for someone who has passed away,50,high,100,3,other,MEDIUM
keepsakes of lost loved ones,50,high,100,3,other,MEDIUM
keychain dog photo,50,high,100,3,other,MEDIUM
keychain photo roll,50,high,100,3,other,MEDIUM
keychain picture roll,50,medium,50,3,other,MEDIUM
keychain with custom picture,50,high,100,3,other,HIGH
keyring picture,50,high,92,3,other,MEDIUM
kindergarten graduation gift bags,50,high,100,2,gift_graduation,MEDIUM
kindergarten graduation gift ideas from grandparents,50,low,0,2,gift_graduation,MEDIUM
kindergarten graduation gift ideas from teacher,50,high,100,2,gift_graduation,MEDIUM
kindergarten graduation gifts from teacher,50,high,80,2,gift_graduation,MEDIUM
kindergarten graduation keepsakes,50,low,0,3,other,MEDIUM
kindergarten graduation present,50,medium,50,2,gift_graduation,MEDIUM
kodak 8mm film conversion,50,high,100,2,vhs_legacy,MEDIUM
kodak keychain camera roll,50,high,90,3,other,MEDIUM
kodak printomatic 8mm film,50,medium,63,2,vhs_legacy,MEDIUM
kodak reels 8mm & super 8 films digitizer,50,high,100,2,vhs_legacy,MEDIUM
kosher sympathy gifts,50,high,100,2,gift_memorial,MEDIUM
large personalised mug,50,high,100,3,other,HIGH
large personalised photo album,50,high,100,2,gift_personalized,HIGH
large photo mug,50,high,100,3,physical_products,MEDIUM
laser engraved bottle opener,50,high,99,3,other,MEDIUM
laser engraved crystal cube,50,high,100,3,other,MEDIUM
laser engraved crystal photo,50,high,100,3,other,MEDIUM
laser engraved glass picture frame,50,high,100,3,physical_products,MEDIUM
laser engraved photo keychain,50,high,100,3,other,MEDIUM
laser engraved photo keyring,50,low,0,3,other,MEDIUM
laser engraved wood pictures,50,high,100,3,other,MEDIUM
laser engraved wooden photo frames,50,high,100,3,physical_products,MEDIUM
last day of preschool gifts,50,high,100,3,gift_other,MEDIUM
last minute 5 year anniversary gifts,50,medium,61,2,gift_anniversary,MEDIUM
last minute 5 year anniversary gifts for her,50,high,100,2,gift_anniversary,MEDIUM
last minute 50th wedding anniversary gifts for parents,50,high,100,2,gift_anniversary,MEDIUM
last minute graduation gift ideas,50,high,100,2,gift_graduation,MEDIUM
last minute graduation gifts for her,50,high,100,2,gift_graduation,MEDIUM
last minute graduation gifts for him,50,high,100,2,gift_graduation,MEDIUM
last minute wedding anniversary gifts,50,high,100,2,gift_anniversary,MEDIUM
leather anniversary gift ideas for her,50,high,100,2,gift_anniversary,MEDIUM
leather anniversary gifts for couple,50,high,100,2,gift_anniversary,MEDIUM
leather anniversary ideas,50,high,100,3,other,MEDIUM
leather bound photo albums personalized,50,high,100,3,physical_products,HIGH
leather gift ideas for 3rd anniversary,50,high,100,3,gift_other,MEDIUM
leather graduation gifts,50,high,100,2,gift_graduation,MEDIUM
leather wallet with picture engraved,50,high,100,3,other,MEDIUM
leather wedding anniversary gifts for her,50,high,100,2,gift_anniversary,MEDIUM
leather wedding anniversary gifts for him,50,high,100,2,gift_anniversary,MEDIUM
legacy convert vhs to dvd,50,high,100,2,vhs_legacy,MEDIUM
legacy vhs to dvd,50,high,100,2,vhs_legacy,MEDIUM
legacy vhs transfer,50,high,100,2,vhs_legacy,MEDIUM
lighted memorial gifts,50,high,100,2,gift_memorial,MEDIUM
linen and silk anniversary gifts,50,high,100,2,gift_anniversary,MEDIUM
linen anniversary gift ideas,50,high,100,2,gift_anniversary,MEDIUM
linen wedding anniversary gifts for her,50,high,100,2,gift_anniversary,MEDIUM
linen wedding anniversary gifts for him,50,high,100,2,gift_anniversary,MEDIUM
linux vhs capture,50,low,0,3,other,MEDIUM
list of anniversary gifts by year traditional and modern,50,medium,52,2,gift_anniversary,MEDIUM
live photo to video app,50,low,23,3,other,MEDIUM
local companies that transfer vhs to dvd,50,high,100,2,vhs_legacy,MEDIUM
local places to convert vhs to dvd,50,low,0,2,vhs_legacy,MEDIUM
local vhs to digital service,50,high,100,2,vhs_legacy,HIGH
local vhs to dvd,50,high,100,2,vhs_legacy,MEDIUM
local vhs to dvd conversion,50,high,100,2,vhs_legacy,MEDIUM
local vhs to dvd service,50,high,100,2,vhs_legacy,HIGH
losing a loved one gift ideas,50,high,100,3,gift_other,MEDIUM
loss of a loved one memorial gift,50,high,100,2,gift_memorial,MEDIUM
loss of a mother memorial gift,50,high,100,2,gift_memorial,MEDIUM
loss of father picture frame,50,high,100,2,gift_memorial,MEDIUM
loss of mom memorial gift,50,high,100,2,gift_memorial,MEDIUM
loss of sister memorial gifts,50,high,100,2,gift_memorial,MEDIUM
loss of wife sympathy gift,50,high,100,2,gift_memorial,MEDIUM
lost a loved one ornament,50,high,100,3,other,MEDIUM
lost loved one gifts ideas,50,high,100,3,gift_other,MEDIUM
lost loved one picture frame,50,high,100,3,physical_products,MEDIUM
lost loved ones memorial gifts,50,high,100,2,gift_memorial,MEDIUM
lost mother gift,50,high,100,3,gift_other,MEDIUM
love anniversary gift ideas,50,high,100,2,gift_anniversary,MEDIUM
love you dad frame,50,high,100,3,other,MEDIUM
loved one passed away gift,50,high,100,3,gift_other,MEDIUM
loved ones passed away gifts,50,high,100,3,gift_other,MEDIUM
loving memory gift ideas,50,high,100,3,gift_other,MEDIUM
luxury cotton anniversary gifts for her,50,high,100,2,gift_anniversary,MEDIUM
luxury silver wedding anniversary gifts,50,low,0,2,gift_anniversary,MEDIUM
luxury sympathy gifts,50,high,100,2,gift_memorial,MEDIUM
lvn graduation gifts,50,high,100,2,gift_graduation,MEDIUM
mac photo slideshow music,50,low,14,1,direct_service,LOW
macbook slideshow with music,50,medium,46,1,direct_service,LOW
madea family reunion dailymotion,50,low,0,3,other,MEDIUM
madea family reunion play dailymotion,50,low,0,3,other,MEDIUM
madea's class reunion videos,50,low,0,3,other,MEDIUM
madea's family reunion full movie dailymotion,50,low,0,3,other,MEDIUM
magic coffee mug with photo,50,high,100,3,other,MEDIUM
magic cup photo printing near me,50,low,0,3,physical_products,HIGH
magic mug design,50,high,97,3,other,MEDIUM
magic mug with photo near me,50,high,100,3,other,HIGH
magic mugs near me,50,high,96,3,other,HIGH
magic pillow printing near me,50,low,0,3,other,HIGH
magnasonic 8mm film converter,50,low,12,2,vhs_legacy,HIGH
magnasonic fs81,50,high,100,3,other,MEDIUM
make a free picture slideshow with music,50,high,94,1,direct_service,LOW
make a memory video with music,50,high,71,1,direct_service,MEDIUM
make a movie with photos and music,50,high,83,3,other,MEDIUM
make a movie with pictures and music,50,high,73,3,other,MEDIUM
make a photo album with music,50,high,98,3,physical_products,MEDIUM
make a photo collage video with music,50,high,93,3,other,MEDIUM
make a photo dvd with music,50,high,100,3,other,MEDIUM
make a photo movie with music,50,high,83,3,other,MEDIUM
make a photo slide show with music,50,low,0,3,other,MEDIUM
make a photo slide with music,50,high,100,3,other,MEDIUM
make a photo slideshow with music iphone,50,medium,52,1,direct_service,LOW
make a photo slideshow with music on mac,50,high,79,1,direct_service,LOW
make a photo video with music on iphone,50,medium,57,3,other,LOW
make a photo video with music online,50,low,29,3,other,LOW
make a photo with music,50,high,95,3,other,MEDIUM
make a picture slideshow with music powerpoint,50,low,0,1,direct_service,MEDIUM
make a picture video with music for facebook,50,high,75,3,other,MEDIUM
make a picture with music,50,high,89,3,other,MEDIUM
make a romantic video with pictures and music,50,high,75,3,other,MEDIUM
make a short video with pictures and music,50,high,100,3,other,MEDIUM
make a short video with pictures and music free online,50,high,86,3,other,LOW
make a slide show to music,50,high,67,3,other,LOW
make a slide show with music,50,high,87,3,other,MEDIUM
make a slideshow for free with music,50,high,84,1,direct_service,LOW
make a slideshow on iphone with music,50,high,69,1,direct_service,LOW
make a slideshow with music and pictures for free,50,high,94,1,direct_service,LOW
make a slideshow with music google photos,50,high,75,1,direct_service,LOW
make a slideshow with music iphone,50,medium,36,1,direct_service,LOW
make a slideshow with music on android,50,high,83,1,direct_service,LOW
make a slideshow with music on facebook,50,medium,62,1,direct_service,MEDIUM
make a slideshow with music on mac,50,low,23,1,direct_service,LOW
make a slideshow with my own music,50,high,90,1,direct_service,MEDIUM
make a slideshow with pictures and music,50,high,82,1,direct_service,MEDIUM
make a slideshow with pictures and videos,50,high,91,1,direct_service,MEDIUM
make a video of photos with music free,50,high,100,3,other,LOW
make a video of pics with music,50,high,86,3,other,MEDIUM
make a video out of pictures with music,50,high,86,3,other,MEDIUM
make a video slideshow from pictures,50,high,69,3,other,MEDIUM
make a video with music and pictures online free,50,high,69,3,other,LOW
make a video with photos and music,50,high,74,3,other,MEDIUM
make a video with pics and music,50,high,74,3,other,MEDIUM
make a video with pictures and music for facebook,50,medium,59,3,other,MEDIUM
make a video with pictures and music for instagram,50,high,100,3,other,MEDIUM
make a video with pictures and music on facebook,50,medium,59,3,other,MEDIUM
make a video with pictures and music on iphone,50,high,73,3,other,LOW
make a video with pictures and song,50,high,93,3,other,MEDIUM
make collage with song,50,medium,43,3,other,MEDIUM
make easy slideshow with music,50,high,81,1,direct_service,MEDIUM
make my own video with pictures and music,50,high,94,3,other,MEDIUM
make online video with photos and music free,50,high,71,3,other,LOW
make photo slideshow with music iphone,50,medium,37,1,direct_service,LOW
make photo slideshow with music online free,50,medium,42,1,direct_service,LOW
make photo song,50,high,86,3,other,MEDIUM
make photo song video,50,medium,57,3,other,MEDIUM
make photo to video app,50,medium,50,3,other,MEDIUM
make photo video music online free,50,high,79,3,other,LOW
make photo video with music iphone,50,high,100,3,other,LOW
make photo video with song online,50,medium,63,3,other,LOW
make photos with music,50,high,70,3,other,MEDIUM
make picture slideshow with music online free,50,high,100,1,direct_service,LOW
make slideshow free,50,high,83,3,other,LOW
make slideshow on iphone with music,50,medium,64,3,other,LOW
make slideshow with music for facebook,50,medium,62,1,direct_service,MEDIUM
make slideshow with music online,50,medium,40,1,direct_service,LOW
make slideshow with music windows 10,50,low,0,1,direct_service,LOW
make slideshow with pictures and music for free,50,high,94,3,other,LOW
make video from photos app free,50,high,81,1,direct_service,LOW
make video from photos with song,50,high,86,1,direct_service,MEDIUM
make video of photos with song,50,high,79,3,other,MEDIUM
make video online free pictures music,50,high,69,3,other,LOW
make video photo with song,50,high,86,3,other,MEDIUM
make video slideshow with pictures and music for free,50,high,100,3,other,LOW
make video using photos and music,50,high,74,3,other,MEDIUM
make video with song and photo,50,high,86,3,other,MEDIUM
make wedding video from pictures,50,high,100,3,other,MEDIUM
make your own photo slideshow with music,50,high,86,1,direct_service,MEDIUM
make your own slideshow with music,50,high,75,1,direct_service,MEDIUM
make your own video with pictures and music,50,medium,57,3,other,MEDIUM
making a dvd with pictures and music,50,high,100,3,other,MEDIUM
making a slideshow with music on windows 10,50,low,0,1,direct_service,LOW
making vhs digital,50,high,100,3,other,MEDIUM
making vhs into dvd,50,high,99,3,other,MEDIUM
male graduation gift ideas,50,high,100,2,gift_graduation,MEDIUM
marriage anniversary gift for mom and dad,50,high,100,2,gift_anniversary,MEDIUM
marriage anniversary gift for sister,50,high,80,2,gift_anniversary,MEDIUM
marriage anniversary gift ideas for husband,50,high,100,2,gift_anniversary,MEDIUM
marriage anniversary gifts for couple ideas,50,high,100,2,gift_anniversary,MEDIUM
marriage anniversary ideas for husband,50,high,100,3,other,MEDIUM
marriage anniversary surprise for wife,50,high,100,3,other,MEDIUM
marriage day gift for parents,50,low,0,3,gift_other,MEDIUM
marriage day gift ideas,50,high,100,3,gift_other,MEDIUM
marriage day gifts,50,high,100,3,gift_other,MEDIUM
marriage day gifts for couple,50,high,100,3,gift_other,MEDIUM
marriage day gifts for husband,50,high,100,3,gift_other,MEDIUM
marriage day gifts for wife,50,high,100,3,gift_other,MEDIUM
marriage milestone gifts,50,high,85,3,gift_other,MEDIUM
mason jar graduation cap,50,high,76,3,other_graduation,MEDIUM
master degree gifts for her,50,high,100,3,gift_other,MEDIUM
master's degree congratulations greeting card,50,high,100,3,other,MEDIUM
masters degree gift ideas for her,50,high,100,3,gift_other,MEDIUM
masters degree gifts for him,50,high,100,3,gift_other,MEDIUM
masters degree graduation gift for daughter,50,high,100,2,gift_graduation,MEDIUM
masters degree graduation gift ideas for him,50,high,100,2,gift_graduation,MEDIUM
masters gifts for her,50,high,100,3,gift_other,MEDIUM
masters graduation gifts for daughter,50,high,100,2,gift_graduation,MEDIUM
masters graduation gifts for wife,50,high,100,2,gift_graduation,MEDIUM
masters graduation ideas,50,high,100,3,other,MEDIUM
mba gift ideas,50,high,100,3,gift_other,MEDIUM
mba gifts,50,high,100,3,gift_other,MEDIUM
mba gifts for her,50,high,100,3,gift_other,MEDIUM
mba gifts for him,50,high,100,3,gift_other,MEDIUM
mba graduation gift for wife,50,high,100,2,gift_graduation,MEDIUM
mba graduation gift ideas for her,50,high,100,2,gift_graduation,MEDIUM
mba graduation gift ideas for him,50,high,100,2,gift_graduation,MEDIUM
mba graduation gifts for her,50,high,100,2,gift_graduation,MEDIUM
mba graduation gifts for husband,50,high,100,2,gift_graduation,MEDIUM
md graduation gifts,50,high,100,2,gift_graduation,MEDIUM
meaningful gifts after death,50,high,100,3,gift_other,MEDIUM
meaningful gifts for someone who lost a loved one,50,high,100,3,gift_other,MEDIUM
meaningful graduation gifts for daughter,50,high,100,2,gift_graduation,MEDIUM
meaningful graduation gifts for him,50,high,100,2,gift_graduation,MEDIUM
meaningful graduation gifts for son,50,high,100,2,gift_graduation,MEDIUM
meat and cheese gift basket ideas,50,high,100,3,gift_other,MEDIUM
meat gift basket ideas,50,high,100,3,gift_other,MEDIUM
medical assistant graduation gifts,50,high,97,2,gift_graduation,MEDIUM
medical graduation gift ideas,50,high,93,2,gift_graduation,MEDIUM
memorabilia for a lost loved one,50,high,100,3,other,MEDIUM
memorable gifts for death,50,high,100,3,gift_other,MEDIUM
memorial craft ideas for loss of mother,50,high,100,2,gift_memorial,MEDIUM
memorial father gifts,50,high,100,3,gift_other,MEDIUM
memorial father's day gifts,50,high,100,2,gift_fathers,MEDIUM
memorial frames for dad,50,high,100,3,other,MEDIUM
memorial gift for a man,50,high,100,2,gift_memorial,MEDIUM
memorial gift for boyfriend,50,high,100,2,gift_memorial,MEDIUM
memorial gift for husband,50,high,100,2,gift_memorial,MEDIUM
memorial gift for mother who lost son,50,high,100,2,gift_mothers,MEDIUM
memorial gift ideas for a man,50,high,100,2,gift_memorial,MEDIUM
memorial gift ideas for loss of brother,50,high,100,2,gift_memorial,MEDIUM
memorial gift ideas for loss of daughter,50,high,100,2,gift_memorial,MEDIUM
memorial gift ideas for loss of father,50,high,100,2,gift_memorial,MEDIUM
memorial gift ideas for loss of friend,50,high,100,2,gift_memorial,MEDIUM
memorial gift ideas for loss of grandfather,50,high,100,2,gift_memorial,MEDIUM
memorial gift ideas for loss of grandmother,50,high,97,2,gift_memorial,MEDIUM
memorial gift ideas for loss of husband,50,high,100,2,gift_memorial,MEDIUM
memorial gift ideas for loss of mother,50,high,100,2,gift_memorial,MEDIUM
memorial gift ideas for loss of parents,50,high,100,2,gift_memorial,MEDIUM
memorial gift ideas for loss of sister,50,high,100,2,gift_memorial,MEDIUM
memorial gift ideas for loss of son,50,high,100,2,gift_memorial,MEDIUM
memorial gift ideas for loss of wife,50,high,100,2,gift_memorial,MEDIUM
memorial gift ideas for men,50,high,100,2,gift_memorial,MEDIUM
memorial gifts diy,50,high,82,2,gift_memorial,LOW
memorial gifts for best friend,50,high,94,2,gift_memorial,MEDIUM
memorial gifts for dog owners,50,high,100,2,gift_memorial,MEDIUM
memorial gifts for family,50,high,100,2,gift_memorial,MEDIUM
memorial gifts for garden,50,high,100,2,gift_memorial,MEDIUM
memorial gifts for grandmother,50,medium,64,2,gift_memorial,MEDIUM
memorial gifts for him,50,high,100,2,gift_memorial,MEDIUM
memorial gifts for horse lovers,50,high,100,2,gift_memorial,MEDIUM
memorial gifts for loss of a brother,50,high,100,2,gift_memorial,MEDIUM
memorial gifts for loss of a daughter,50,high,100,2,gift_memorial,MEDIUM
memorial gifts for loss of best friend,50,high,100,2,gift_memorial,MEDIUM
memorial gifts for loss of both parents,50,high,100,2,gift_memorial,MEDIUM
memorial gifts for loss of father for son,50,high,100,2,gift_memorial,MEDIUM
memorial gifts for loss of friend,50,high,100,2,gift_memorial,MEDIUM
memorial gifts for loss of grandfather,50,high,100,2,gift_memorial,MEDIUM
memorial gifts for loss of grandpa,50,high,100,2,gift_memorial,MEDIUM
memorial gifts for loss of horse,50,high,94,2,gift_memorial,MEDIUM
memorial gifts for loss of mother and father,50,high,100,2,gift_memorial,MEDIUM
memorial gifts for loss of mother for son,50,high,100,2,gift_memorial,MEDIUM
memorial gifts for loss of nana,50,high,100,2,gift_memorial,MEDIUM
memorial gifts for loss of parents,50,high,100,2,gift_memorial,MEDIUM
memorial gifts for loss of wife,50,high,100,2,gift_memorial,MEDIUM
memorial gifts loss of sister,50,high,100,2,gift_memorial,MEDIUM
memorial gifts loss of wife,50,high,100,2,gift_memorial,MEDIUM
memorial gifts to send instead of flowers,50,high,100,2,gift_memorial,MEDIUM
memorial graduation gifts,50,high,100,2,gift_graduation,MEDIUM
memorial ideas for loss of father,50,high,100,2,gift_memorial,MEDIUM
memorial ideas for loss of mother,50,high,100,2,gift_memorial,MEDIUM
memorial jewelry gifts,50,high,100,3,gift_other,MEDIUM
memorial keepsake gift ideas,50,high,100,3,gift_other,MEDIUM
memorial keepsakes for dad,50,high,100,3,other,MEDIUM
memorial keepsakes for funeral,50,high,100,3,other,MEDIUM
memorial outdoor gifts,50,high,100,3,gift_other,MEDIUM
memorial photo keychain,50,high,100,3,other,MEDIUM
memorial service flower ideas,50,high,100,3,other,HIGH
memorial tree decorations,50,high,95,3,other,MEDIUM
memorial voice gifts,50,high,100,3,gift_other,MEDIUM
memorial wind chime gift for loss of a mother,50,high,100,2,gift_memorial,MEDIUM
memorial wind chimes for loss of loved one,50,high,100,2,gift_memorial,MEDIUM
memorial wind chimes sympathy gift,50,high,100,2,gift_memorial,MEDIUM
memories vhs to dvd,50,high,100,2,vhs_legacy,MEDIUM
memory book for fathers day,50,medium,64,2,gift_fathers,MEDIUM
memory dad gifts,50,high,100,2,gift_fathers,MEDIUM
memory gift for loss of dog,50,high,100,2,gift_memorial,MEDIUM
memory gift ideas for friends,50,high,100,3,gift_other,MEDIUM
memory gift ideas for loss of mother,50,high,100,2,gift_memorial,MEDIUM
memory gifts for best friend,50,high,87,3,gift_other,MEDIUM
memory gifts for loss of pet,50,high,100,2,gift_memorial,MEDIUM
memory gifts for loss of sister,50,high,100,2,gift_memorial,MEDIUM
memory gifts for lost loved ones,50,high,100,3,gift_other,MEDIUM
memory gifts of loved ones,50,high,100,3,gift_other,MEDIUM
memory keepsakes for deceased loved ones,50,high,100,3,other,MEDIUM
memory of mother gifts,50,high,100,3,gift_other,MEDIUM
men's 10 year anniversary gift ideas,50,high,100,2,gift_anniversary,MEDIUM
mens 25th anniversary gift,50,high,100,2,gift_anniversary,MEDIUM
mens memorial gifts,50,high,100,2,gift_memorial,MEDIUM
mens wallet with picture engraved,50,high,100,3,other,MEDIUM
midwife graduation gift,50,high,98,2,gift_graduation,MEDIUM
mini dv tape transfer service,50,medium,42,2,vhs_legacy,HIGH
mini dv to vhs converter,50,high,87,2,vhs_legacy,HIGH
mini dv vhs converter,50,high,87,2,vhs_legacy,HIGH
mini dv vhs tape,50,low,29,2,vhs_legacy,MEDIUM
mini tape to vhs converter,50,high,96,3,other,HIGH
mini vcr tape converter,50,high,100,2,vhs_legacy,HIGH
mini vcr tapes,50,high,90,2,vhs_legacy,MEDIUM
mini vhs tapes to dvd,50,high,100,2,vhs_legacy,MEDIUM
mini vhs to digital converter,50,high,98,2,vhs_legacy,HIGH
mini vhs to dvd,50,high,100,2,vhs_legacy,MEDIUM
mini vhs to dvd converter,50,high,93,2,vhs_legacy,HIGH
mini vhs to usb,50,high,100,3,other,MEDIUM
mini video cassette player converter,50,high,92,3,other,HIGH
mini video tape,50,high,91,2,vhs_legacy,MEDIUM
missing loved one ornament,50,high,100,3,other,MEDIUM
mix photo and music,50,high,100,3,other,MEDIUM
mix photo and video app,50,low,29,3,other,MEDIUM
mix photo with music,50,high,100,3,other,MEDIUM
mix picture with music online,50,high,100,3,other,LOW
modern 14th anniversary gift,50,high,100,2,gift_anniversary,MEDIUM
modern 15 year anniversary gift,50,high,92,2,gift_anniversary,MEDIUM
modern 20th anniversary gift,50,high,100,2,gift_anniversary,MEDIUM
modern 25th anniversary gifts,50,high,100,2,gift_anniversary,MEDIUM
modern 4th anniversary gift,50,high,100,2,gift_anniversary,MEDIUM
modern 5 year anniversary gift,50,high,100,2,gift_anniversary,MEDIUM
modern sympathy gifts,50,high,100,2,gift_memorial,MEDIUM
modern wedding gifts by year,50,low,20,3,gift_other,MEDIUM
mom and dad 50th anniversary,50,high,90,3,other,MEDIUM
mom and dad memorial gifts,50,high,100,2,gift_memorial,MEDIUM
mom dad photo frame,50,high,100,3,physical_products,MEDIUM
mom dad wedding anniversary gift,50,high,100,2,gift_anniversary,MEDIUM
mom sympathy gifts,50,high,100,2,gift_memorial,MEDIUM
most popular graduation gifts,50,high,100,2,gift_graduation,MEDIUM
most unique gifts for mom,50,high,100,2,gift_personalized,MEDIUM
mother bereavement gifts,50,high,100,2,gift_memorial,MEDIUM
mother daughter graduation gifts,50,high,100,2,gift_graduation,MEDIUM
mother daughter memorial gifts,50,high,100,2,gift_memorial,MEDIUM
mother remembrance gifts,50,high,100,2,gift_memorial,MEDIUM
mother son memorial gifts,50,high,100,2,gift_memorial,MEDIUM
mother special gift ideas,50,high,100,3,gift_other,MEDIUM
mother's day gift for someone who lost their mom,50,medium,50,2,gift_mothers,MEDIUM
mother's day memorial gifts,50,high,91,2,gift_mothers,MEDIUM
mothers day gift ideas personalised,50,high,100,2,gift_mothers,HIGH
mothers day memorial gifts,50,high,100,2,gift_mothers,MEDIUM
mothers day personalised frames,50,high,100,2,gift_mothers,HIGH
mothers day personalised mug,50,high,67,2,gift_mothers,HIGH
mothers day photo mug,50,high,100,2,gift_mothers,MEDIUM
mothers day unique,50,medium,57,2,gift_mothers,MEDIUM
mouse pad with custom picture,50,high,100,3,other,HIGH
movavi vhs to digital,50,high,86,2,vhs_legacy,MEDIUM
move vhs to digital,50,high,100,2,vhs_legacy,MEDIUM
movie film to digital converter,50,high,100,2,vhs_legacy,HIGH
movie maker pro 8mm,50,high,100,3,other,MEDIUM
movie maker pro wolverine,50,low,0,3,other,MEDIUM
movie maker with photos and music,50,high,92,3,other,MEDIUM
movie maker with photos and music online free,50,high,86,3,other,LOW
movie maker with pictures and music,50,high,90,3,other,MEDIUM
moviemaker pro film digitizer,50,high,100,3,other,MEDIUM
moving vhs to digital,50,high,100,2,vhs_legacy,MEDIUM
mug design photo,50,high,100,3,other,MEDIUM
mug design with photo,50,high,100,3,other,MEDIUM
mug personalised photo,50,high,100,2,gift_personalized,HIGH
mug picture design,50,high,100,3,other,MEDIUM
mug printing for birthday,50,high,100,3,other,MEDIUM
mug with own photo,50,high,100,3,other,MEDIUM
mug with picture custom,50,high,100,3,other,HIGH
mug with picture printed on it,50,high,100,3,other,MEDIUM
mugs with photos on them,50,high,100,3,other,MEDIUM
mugs with photos printed on them,50,high,100,3,other,MEDIUM
mugs with pictures on them,50,high,100,3,other,MEDIUM
multi photo keyring,50,high,100,3,other,MEDIUM
multi photo mug,50,high,100,3,physical_products,MEDIUM
mum and dad 50th wedding anniversary gifts,50,high,100,2,gift_anniversary,MEDIUM
mum and dad memorial photo frame,50,high,87,3,physical_products,MEDIUM
music and picture slideshow app,50,high,69,1,direct_service,MEDIUM
music graduation gifts,50,high,100,2,gift_graduation,MEDIUM
music photo app download,50,high,100,3,other,LOW
music photo collage maker,50,high,89,3,other,MEDIUM
music photo maker,50,high,81,3,other,MEDIUM
music photo maker app,50,medium,57,3,other,MEDIUM
music photo video maker with song app download,50,low,10,3,other,LOW
music picture collage app,50,high,100,3,other,MEDIUM
music picture slideshow app,50,high,69,1,direct_service,MEDIUM
music slide show,50,low,17,3,other,MEDIUM
music video with pictures app,50,high,71,3,other,MEDIUM
music with photo maker,50,medium,50,3,other,MEDIUM
musical slide show,50,low,10,3,other,MEDIUM
musical slideshow maker,50,medium,43,3,tools_comparison,MEDIUM
my first father's day photo frame,50,low,0,2,gift_fathers,MEDIUM
my hero picture frame,50,high,100,3,physical_products,MEDIUM
my parents 50th wedding anniversary,50,high,97,2,gift_anniversary,MEDIUM
my photo keychain,50,high,100,3,other,MEDIUM
my photo mugs,50,high,100,3,physical_products,MEDIUM
navy boot camp graduation gift ideas,50,high,100,2,gift_graduation,MEDIUM
navy graduation gift ideas,50,high,100,2,gift_graduation,MEDIUM
new doctor graduation gift,50,high,100,2,gift_graduation,MEDIUM
new grad rn gifts,50,high,100,3,gift_other,MEDIUM
new mom gift ideas unique,50,high,100,2,gift_mothers,MEDIUM
new photo and video editing app,50,low,0,3,other,MEDIUM
new photo video editing app,50,medium,43,3,other,MEDIUM
next day personalised mug,50,high,100,3,other,HIGH
next day photo mug,50,high,100,3,physical_products,MEDIUM
nice gift for someone who lost a parent,50,high,100,3,gift_other,MEDIUM
nice graduation gifts for her,50,high,100,2,gift_graduation,MEDIUM
nice graduation gifts for him,50,high,100,2,gift_graduation,MEDIUM
nice memorial gifts,50,high,100,2,gift_memorial,MEDIUM
niece graduation gift ideas,50,high,100,2,gift_graduation,MEDIUM
nine year anniversary gifts,50,high,100,2,gift_anniversary,MEDIUM
ninth year anniversary gift,50,high,100,2,gift_anniversary,MEDIUM
non flower funeral gifts,50,high,100,3,gift_other,MEDIUM
non flower sympathy gifts,50,high,100,2,gift_memorial,MEDIUM
non traditional 50th wedding anniversary gifts,50,high,89,2,gift_anniversary,MEDIUM
non traditional anniversary gifts,50,high,97,2,gift_anniversary,MEDIUM
non traditional gifts for mom,50,high,100,3,gift_other,MEDIUM
non traditional sympathy gifts,50,high,100,2,gift_memorial,MEDIUM
not cheesy gifts for mom,50,high,99,3,gift_other,MEDIUM
nurse graduation gifts for daughter,50,high,100,2,gift_graduation,MEDIUM
nurse pinning gift ideas,50,high,100,3,gift_other,MEDIUM
nursing graduation gifts jewelry,50,high,100,2,gift_graduation,MEDIUM
oh the places you ll go gift ideas,50,high,100,3,gift_other,MEDIUM
old 8mm film to digital,50,high,82,2,vhs_legacy,MEDIUM
old photo to video app,50,high,100,3,other,MEDIUM
old tapes to digital,50,high,100,2,vhs_legacy,MEDIUM
old tapes to dvd,50,high,100,2,vhs_legacy,MEDIUM
old vcr tapes to dvd,50,high,100,2,vhs_legacy,MEDIUM
old vhs tapes to digital,50,high,100,2,vhs_legacy,MEDIUM
old vhs tapes to dvd,50,high,100,2,vhs_legacy,MEDIUM
old vhs to digital,50,high,100,2,vhs_legacy,MEDIUM
old vhs to dvd,50,high,100,2,vhs_legacy,MEDIUM
old video camera tape converter,50,high,97,3,other,HIGH
old video cassette to dvd,50,high,100,3,other,MEDIUM
old video recorder tapes,50,medium,66,3,other,HIGH
old video recorder tapes to dvd,50,high,100,3,other,HIGH
old video tape conversion,50,high,100,2,vhs_legacy,MEDIUM
old video tapes to digital,50,high,100,2,vhs_legacy,MEDIUM
old video tapes to dvd,50,high,100,2,vhs_legacy,MEDIUM
old videos to digital,50,high,100,2,vhs_legacy,MEDIUM
one month wedding anniversary gift,50,high,100,2,gift_anniversary,MEDIUM
one photo video maker with music app,50,low,0,3,other,MEDIUM
one year anniversary gifts for friends,50,high,100,2,gift_anniversary,MEDIUM
one year anniversary gifts for men,50,high,100,2,gift_anniversary,MEDIUM
one year anniversary ideas for him,50,medium,64,3,other,MEDIUM
one year together gifts,50,high,100,3,gift_other,MEDIUM
online birthday video maker with photos and songs,50,medium,60,3,other,LOW
online coffee mug printing,50,high,100,3,other,LOW
online free photo video maker with music,50,high,86,3,other,LOW
online make a video with pictures and music,50,high,86,3,other,LOW
online music photo video maker,50,high,100,3,other,LOW
online photo slideshow maker with music,50,low,29,1,direct_service,LOW
online photo video maker with song,50,medium,63,3,other,LOW
online photo with music,50,high,100,3,other,LOW
online slideshow maker with music,50,medium,40,1,direct_service,LOW
online slideshow with music,50,medium,43,1,direct_service,LOW
online video maker for birthday free with photos and music,50,high,86,3,other,LOW
online video maker photo with music,50,medium,43,3,other,LOW
online video maker with photos and music,50,low,29,3,other,LOW
online video maker with photos and music and effects,50,low,0,3,other,LOW
online video maker with photos and music for birthday,50,low,0,3,other,LOW
online video maker with pictures and music,50,low,29,3,other,LOW
online video with photos and music,50,low,4,3,other,LOW
oriental trading graduation gifts,50,high,100,2,gift_graduation,MEDIUM
original gifts for mom,50,high,100,3,gift_other,MEDIUM
our 25th wedding anniversary,50,high,84,2,gift_anniversary,MEDIUM
our daddy photo frame,50,high,100,3,physical_products,MEDIUM
outdoor memorial gift ideas,50,high,100,2,gift_memorial,MEDIUM
pal vhs conversion,50,high,100,2,vhs_legacy,MEDIUM
pal vhs to digital,50,high,100,2,vhs_legacy,MEDIUM
pal vhs to dvd converter,50,high,100,2,vhs_legacy,HIGH
papa photo mug,50,high,100,3,physical_products,MEDIUM
paper anniversary gift ideas for her,50,high,75,2,gift_anniversary,MEDIUM
paper anniversary gift ideas for him,50,high,100,2,gift_anniversary,MEDIUM
paper anniversary gifts for wife,50,high,100,2,gift_anniversary,MEDIUM
paper anniversary year,50,medium,45,3,other,MEDIUM
paper ideas for first anniversary,50,high,100,3,other,MEDIUM
parents 25th anniversary gift ideas,50,high,100,2,gift_anniversary,MEDIUM
parents anniversary celebration ideas,50,high,100,3,other,MEDIUM
passed away loved one gifts,50,high,100,3,gift_other,MEDIUM
pearl anniversary gift for couple,50,high,98,2,gift_anniversary,MEDIUM
pearl anniversary gift ideas,50,high,100,2,gift_anniversary,MEDIUM
pearl anniversary gifts for her,50,high,100,2,gift_anniversary,MEDIUM
pearl anniversary gifts for men,50,high,100,2,gift_anniversary,MEDIUM
pearl anniversary gifts for parents,50,high,100,2,gift_anniversary,MEDIUM
pearl anniversary ideas,50,high,100,3,other,MEDIUM
pearl wedding anniversary gifts for husband,50,high,67,2,gift_anniversary,MEDIUM
pearl wedding anniversary gifts for parents,50,high,100,2,gift_anniversary,MEDIUM
pearl wedding gifts,50,high,100,3,gift_other,MEDIUM
perfect graduation gift,50,high,100,2,gift_graduation,MEDIUM
personal film roll keychain,50,high,100,3,other,MEDIUM
personal gift for mum,50,low,22,2,gift_mothers,MEDIUM
personalised 1st anniversary gifts,50,high,100,2,gift_anniversary,HIGH
personalised 25th wedding anniversary gifts,50,high,100,2,gift_anniversary,HIGH
personalised 3d crystal,50,high,100,3,other,HIGH
personalised 3d crystal block photo glass,50,high,100,3,other,HIGH
personalised 50th wedding anniversary gifts,50,high,100,2,gift_anniversary,HIGH
personalised acrylic block,50,high,100,3,other,HIGH
personalised acrylic photo block,50,high,67,3,other,HIGH
personalised acrylic photo frame,50,low,0,3,physical_products,HIGH
personalised apron with photo,50,high,100,3,other,HIGH
personalised aprons with photo and text,50,high,100,3,other,HIGH
personalised beer glass with picture,50,high,100,3,other,HIGH
personalised best friend frame,50,medium,50,3,other,HIGH
personalised best friend photo frame,50,high,100,3,physical_products,HIGH
personalised best friend picture,50,low,0,3,other,HIGH
personalised big mugs,50,high,100,3,other,HIGH
personalised camera roll keychain,50,low,0,3,other,HIGH
personalised canvas collage,50,high,100,3,tools_comparison,LOW
personalised cat pictures,50,high,100,3,other,HIGH
personalised chopping board with picture,50,low,0,3,other,HIGH
personalised collage,50,low,6,3,other,HIGH
personalised couple photo album,50,high,95,3,physical_products,HIGH
personalised cushion with photo and text,50,low,0,3,other,HIGH
personalised cushions with text,50,medium,50,3,other,HIGH
personalised dad frame,50,high,95,3,other,HIGH
personalised dad photo keyring,50,high,100,3,other,HIGH
personalised dog photo,50,high,100,3,other,HIGH
personalised drinking glass with photo,50,high,100,3,other,HIGH
personalised engraved photo frame,50,high,100,3,physical_products,HIGH
personalised face cushion,50,high,100,3,other,HIGH
personalised face doll,50,high,100,3,other,HIGH
personalised face mug,50,medium,60,3,other,HIGH
personalised face pillow,50,high,100,3,other,HIGH
personalised face wrapping paper,50,high,100,3,other,HIGH
personalised film roll keychain,50,high,100,3,other,HIGH
personalised frame with photo,50,medium,43,3,other,HIGH
personalised framed pictures,50,high,100,3,other,HIGH
personalised fridge magnets,50,high,100,3,other,HIGH
personalised fridge magnets amazon,50,high,100,3,other,HIGH
personalised fridge magnets near me,50,high,100,3,other,HIGH
personalised fridge magnets online,50,high,100,3,other,LOW
personalised gifts for grieving,50,high,100,2,gift_personalized,HIGH
personalised gifts for someone grieving,50,high,100,2,gift_personalized,HIGH
personalised gifts for someone who has lost a loved one,50,high,100,2,gift_personalized,HIGH
personalised glass photo block,50,medium,65,3,other,HIGH
personalised glass picture,50,high,100,3,other,HIGH
personalised graduation gifts for her,50,high,100,2,gift_graduation,HIGH
personalised grandma photo frame,50,high,100,2,gift_grandparents,HIGH
personalised heat mug,50,high,100,3,other,HIGH
personalised horse picture,50,high,100,3,other,HIGH
personalised key ring photo,50,high,100,3,other,HIGH
personalised keyring double sided,50,low,0,3,other,HIGH
personalised leather photo album,50,high,100,3,physical_products,HIGH
personalised leather photo keyring,50,high,100,3,other,HIGH
personalised lego picture frame,50,high,100,3,physical_products,HIGH
personalised lighter photo,50,high,100,3,other,HIGH
personalised lunch box with photo,50,high,100,3,other,HIGH
personalised magnets,50,high,98,3,other,HIGH
personalised memories photo album,50,high,100,3,physical_products,HIGH
personalised memory book for couples,50,high,98,3,other,HIGH
personalised memory box with photo,50,high,100,3,other,HIGH
personalised memory tree decorations,50,high,100,3,other,HIGH
personalised mother's day gift ideas,50,high,100,2,gift_mothers,HIGH
personalised mouse,50,high,100,3,other,HIGH
personalised mouse mat,50,high,100,3,other,HIGH
personalised mouse matt,50,high,80,3,other,HIGH
personalised mug design,50,high,100,3,other,HIGH
personalised mug dog and owner,50,high,100,3,other,HIGH
personalised mug for dad,50,high,100,3,other,HIGH
personalised mug for teacher,50,high,98,3,other,HIGH
personalised mug printing,50,high,100,3,other,HIGH
personalised mug with photo and text,50,high,100,3,other,HIGH
personalised mugs cheap,50,high,100,3,other,HIGH
personalised multi photo frames,50,high,86,3,physical_products,HIGH
personalised name frames,50,high,100,3,other,HIGH
personalised onesie with picture,50,high,100,3,other,HIGH
personalised pandora photo charm,50,high,100,3,other,HIGH
personalised pet photo album,50,high,100,3,physical_products,HIGH
personalised pet picture,50,high,100,3,other,HIGH
personalised photo,50,high,100,2,gift_personalized,HIGH
personalised photo album book,50,high,90,2,gift_personalized,HIGH
personalised photo album with sleeves,50,high,100,2,gift_personalized,HIGH
personalised photo bag,50,medium,42,2,gift_personalized,HIGH
personalised photo bear,50,high,100,2,gift_personalized,HIGH
personalised photo block,50,medium,65,2,gift_personalized,HIGH
personalised photo book for daddy,50,low,0,2,gift_personalized,HIGH
personalised photo books with text,50,high,100,2,gift_personalized,HIGH
personalised photo box,50,high,77,2,gift_personalized,HIGH
personalised photo canvas,50,high,100,2,gift_personalized,LOW
personalised photo canvas collage,50,high,100,2,gift_personalized,LOW
personalised photo chocolate,50,high,92,2,gift_personalized,HIGH
personalised photo coaster,50,high,96,2,gift_personalized,HIGH
personalised photo coin,50,high,100,2,gift_personalized,HIGH
personalised photo collage,50,high,100,2,gift_personalized,HIGH
personalised photo cup,50,high,96,2,gift_personalized,HIGH
personalised photo cushions,50,high,100,2,gift_personalized,HIGH
personalised photo doll,50,low,0,2,gift_personalized,HIGH
personalised photo frames for birthday,50,low,21,2,gift_personalized,HIGH
personalised photo frames for boyfriend,50,high,86,2,gift_personalized,HIGH
personalised photo frames for father's day,50,low,0,2,gift_fathers,HIGH
personalised photo frames for friends,50,high,100,2,gift_personalized,HIGH
personalised photo fridge magnets,50,high,100,2,gift_personalized,HIGH
personalised photo glass,50,high,100,2,gift_personalized,HIGH
personalised photo globe,50,high,100,2,gift_personalized,HIGH
personalised photo golf balls,50,high,100,2,gift_personalized,HIGH
personalised photo key chain,50,high,100,2,gift_personalized,HIGH
personalised photo keyring,50,high,100,2,gift_personalized,HIGH
personalised photo lap tray,50,low,0,2,gift_personalized,HIGH
personalised photo leather wallet,50,high,100,2,gift_personalized,HIGH
personalised photo luggage tags,50,high,100,2,gift_personalized,HIGH
personalised photo magnets,50,high,100,2,gift_personalized,HIGH
personalised photo mug,50,high,100,2,gift_personalized,HIGH
personalised photo notebook,50,high,100,2,gift_personalized,HIGH
personalised photo pillow case,50,high,100,2,gift_personalized,HIGH
personalised photo pint glass,50,high,100,2,gift_personalized,HIGH
personalised photo pocket watch,50,high,100,2,gift_personalized,HIGH
personalised photo printing,50,medium,64,2,gift_personalized,HIGH
personalised photo ring,50,high,100,2,gift_personalized,HIGH
personalised photo shirts,50,high,100,2,gift_personalized,HIGH
personalised photo slate with text,50,high,100,2,gift_personalized,HIGH
personalised photo snow globe,50,high,100,2,gift_personalized,HIGH
personalised photo socks,50,high,100,2,gift_personalized,HIGH
personalised photo sweets,50,low,0,2,gift_personalized,HIGH
personalised photo tote bag,50,high,100,2,gift_personalized,HIGH
personalised photo tshirt,50,high,100,2,gift_personalized,HIGH
personalised photo wallet,50,high,100,2,gift_personalized,HIGH
personalised photo wallet card,50,high,100,2,gift_personalized,HIGH
personalised photo watch,50,high,100,2,gift_personalized,HIGH
personalised photo water bottle,50,high,100,2,gift_personalized,HIGH
personalised photo with text,50,high,100,2,gift_personalized,HIGH
personalised photo wrapping paper,50,high,100,2,gift_personalized,HIGH
personalised picture drawing,50,high,100,3,other,HIGH
personalised picture frames,50,high,100,3,physical_products,HIGH
personalised picture frames with words,50,high,100,3,physical_products,HIGH
personalised picture snow globe,50,high,100,3,other,HIGH
personalised picture t shirts,50,high,100,3,other,HIGH
personalised picture travel mug,50,medium,57,3,other,HIGH
personalised pictures,50,high,100,3,other,HIGH
personalised pictures with words,50,high,100,3,other,HIGH
personalised pint glass with picture,50,medium,50,3,other,HIGH
personalised pocket watch with picture,50,high,100,3,other,HIGH
personalised projection keyring,50,low,0,3,other,HIGH
personalised rock slate,50,medium,40,3,other,HIGH
personalised slate photo,50,high,100,3,other,HIGH
personalised slates,50,low,23,3,other,HIGH
personalised snow globe,50,high,100,3,other,HIGH
personalised socks face,50,high,100,3,other,HIGH
personalised socks with faces,50,high,100,3,other,HIGH
personalised spotify frame,50,low,0,3,other,HIGH
personalised story books with photos,50,high,100,3,other,HIGH
personalised teddy bear with photo,50,high,100,3,other,HIGH
personalised teddy with photo,50,high,100,3,other,HIGH
personalised tie with photo,50,high,100,3,other,HIGH
personalised wallet photo card,50,high,100,3,other,HIGH
personalised water bottle with photo,50,high,100,3,other,HIGH
personalised wooden photo block,50,high,88,3,other,HIGH
personalised wooden photo frames,50,high,100,3,physical_products,HIGH
personalised wrapping paper face,50,high,74,3,other,HIGH
personalised zippo lighter with photo,50,high,100,3,other,HIGH
personalization mall picture frames,50,high,100,3,physical_products,MEDIUM
personalized 20th anniversary gifts,50,high,100,2,gift_anniversary,HIGH
personalized 3d crystal,50,high,100,3,other,HIGH
personalized 3d crystal photo rectangle,50,high,100,3,other,HIGH
personalized 3d photo,50,high,99,3,other,HIGH
personalized 40th anniversary gifts,50,high,100,2,gift_anniversary,HIGH
personalized acrylic photo,50,high,100,3,other,HIGH
personalized acrylic song with photo,50,high,100,3,other,HIGH
personalized beer mugs with photo,50,high,100,3,other,HIGH
personalized camera roll,50,high,100,3,other,HIGH
personalized camera roll keychain,50,high,89,3,other,HIGH
personalized cartoon pictures,50,high,100,3,other,HIGH
personalized christmas magnets,50,high,100,3,other,HIGH
personalized coffee mug with dog picture,50,high,100,3,other,HIGH
personalized coffee mugs with photo and text,50,high,100,3,other,HIGH
personalized coffee travel mugs with pictures,50,high,100,3,other,HIGH
personalized cube picture frame,50,high,100,3,physical_products,HIGH
personalized cup with photo,50,high,100,3,other,HIGH
personalized custom 3d holographic photo,50,high,100,3,other,HIGH
personalized dad socks,50,high,100,3,other,HIGH
personalized dog and owner picture,50,high,100,3,other,HIGH
personalized dog face pajamas,50,high,100,3,other,HIGH
personalized engraved wooden photo frame,50,high,100,3,physical_products,HIGH
personalized family photo,50,high,99,3,other,HIGH
personalized family photo albums,50,high,100,3,physical_products,HIGH
personalized family picture,50,high,100,3,other,HIGH
personalized film roll,50,high,86,3,other,HIGH
personalized film roll keychain,50,high,100,3,other,HIGH
personalized fleece blankets with pictures,50,high,100,3,other,HIGH
personalized framed wall art,50,high,100,3,physical_products,HIGH
personalized frames etsy,50,high,100,3,other,HIGH
personalized frames for couples,50,high,100,3,other,HIGH
personalized frames near me,50,high,100,3,other,HIGH
personalized fridge magnets online,50,high,100,3,other,LOW
personalized gift for loss of loved one,50,high,100,2,gift_memorial,HIGH
personalized gift for mum,50,low,22,2,gift_mothers,HIGH
personalized gifts for couples anniversary,50,high,100,2,gift_personalized,HIGH
personalized gifts for lost loved ones,50,high,100,2,gift_personalized,HIGH
personalized gifts for mom amazon,50,high,77,2,gift_personalized,HIGH
personalized gifts for someone who lost a loved one,50,high,100,2,gift_personalized,HIGH
personalized gifts for someone who passed away,50,high,100,2,gift_personalized,HIGH
personalized gifts from mother to daughter,50,high,100,2,gift_personalized,HIGH
personalized glass photo,50,high,100,3,other,HIGH
personalized graduation gift ideas,50,high,100,2,gift_graduation,HIGH
personalized graduation gifts for daughter,50,low,0,2,gift_graduation,HIGH
personalized graduation gifts for granddaughter,50,high,100,2,gift_graduation,HIGH
personalized graduation gifts for grandson,50,low,0,2,gift_graduation,HIGH
personalized graduation gifts for son,50,high,100,2,gift_graduation,HIGH
personalized graduation gifts masters degree,50,high,100,2,gift_graduation,HIGH
personalized grieving gifts,50,high,100,3,gift_other,HIGH
personalized guitar picks photo,50,high,100,3,other,HIGH
personalized handkerchief with picture,50,high,100,3,other,HIGH
personalized heart photo,50,high,100,3,other,HIGH
personalized hologram pictures,50,high,100,3,other,HIGH
personalized key chain with picture,50,high,100,3,other,HIGH
personalized kindergarten graduation gifts,50,low,0,2,gift_graduation,HIGH
personalized laminated placemats,50,high,100,3,other,HIGH
personalized leather keychain with picture,50,high,100,3,other,HIGH
personalized leather photo keychain,50,high,100,3,other,HIGH
personalized led photo frame,50,high,100,3,physical_products,HIGH
personalized love book with photos,50,high,100,3,other,HIGH
personalized love picture frames,50,high,100,3,physical_products,HIGH
personalized luggage tags with picture,50,high,100,3,other,HIGH
personalized magic mug near me,50,medium,50,3,other,HIGH
personalized memorial gift ideas,50,high,98,2,gift_memorial,HIGH
personalized memorial gifts for loss of brother,50,high,100,2,gift_memorial,HIGH
personalized memorial gifts for loss of daughter,50,high,100,2,gift_memorial,HIGH
personalized memorial glass picture frame,50,high,100,3,physical_products,HIGH
personalized memorial photo,50,high,100,3,other,HIGH
personalized memorial photo album,50,high,100,3,physical_products,HIGH
personalized memorial pictures,50,high,100,3,other,HIGH
personalized memorial pillow,50,high,100,3,other,HIGH
personalized mini photo album keychain,50,high,100,3,physical_products,HIGH
personalized mouse pads cvs,50,high,100,3,other,HIGH
personalized mouse pads walmart,50,high,100,3,other,HIGH
personalized oven mitt with photo,50,high,100,3,other,HIGH
personalized pet memorial pillow,50,high,100,3,other,HIGH
personalized pet photo keychain,50,high,100,3,other,HIGH
personalized pet pillows for owner,50,high,100,3,other,HIGH
personalized phd graduation gifts,50,high,100,2,gift_graduation,HIGH
personalized photo apron,50,high,100,2,gift_personalized,HIGH
personalized photo blankets amazon,50,high,100,2,gift_personalized,HIGH
personalized photo blankets for mom,50,low,17,2,gift_personalized,HIGH
personalized photo blankets near me,50,high,100,2,gift_personalized,HIGH
personalized photo blankets walmart,50,high,100,2,gift_personalized,HIGH
personalized photo crystal car pendant,50,high,100,2,gift_personalized,HIGH
personalized photo father's day gifts,50,high,100,2,gift_fathers,HIGH
personalized photo frames with name,50,high,100,2,gift_personalized,HIGH
personalized photo keepsake box,50,high,100,2,gift_personalized,HIGH
personalized photo key chain,50,high,100,2,gift_personalized,HIGH
personalized photo key rings,50,high,100,2,gift_personalized,HIGH
personalized photo keyring,50,high,100,2,gift_personalized,HIGH
personalized photo luggage tags,50,high,100,2,gift_personalized,HIGH
personalized photo mat,50,high,100,2,gift_personalized,HIGH
personalized photo mugs near me,50,high,100,2,gift_personalized,HIGH
personalized photo projection keychain,50,high,100,2,gift_personalized,HIGH
personalized photo rubik's cube,50,high,100,2,gift_personalized,HIGH
personalized photo water bottle,50,high,100,2,gift_personalized,HIGH
personalized photo wind chimes,50,high,100,2,gift_personalized,HIGH
personalized pics,50,high,100,3,other,HIGH
personalized picture blankets for adults,50,high,100,3,physical_products,HIGH
personalized picture book for dad,50,high,100,3,other,HIGH
personalized picture frames for couples,50,high,100,3,physical_products,HIGH
personalized picture frames with quotes,50,high,90,3,physical_products,HIGH
personalized picture gifts for dad,50,high,95,3,gift_other,HIGH
personalized placemats with photos,50,high,100,3,other,HIGH
personalized pocket watch with picture,50,high,100,3,other,HIGH
personalized popsocket with picture,50,high,100,3,other,HIGH
personalized preschool graduation gifts,50,low,0,2,gift_graduation,HIGH
personalized retirement gifts for coworkers,50,high,100,2,gift_retirement,HIGH
personalized senior gifts,50,high,100,3,gift_other,HIGH
personalized sequin pillow double sided,50,high,100,3,other,HIGH
personalized silhouette pictures,50,high,100,3,other,HIGH
personalized socks with dog pictures,50,high,100,3,other,HIGH
personalized spotify album cover portrait,50,high,100,3,other,HIGH
personalized spotify frame,50,high,94,3,other,HIGH
personalized sympathy gifts for loss of father,50,high,100,2,gift_memorial,HIGH
personalized thank you picture frames,50,high,75,3,physical_products,HIGH
personalized tray with photo,50,high,100,3,other,HIGH
personalized umbrellas with photos,50,high,100,3,other,HIGH
personalized wall frame,50,high,100,3,other,HIGH
personalized water bottle with pictures,50,high,100,3,other,HIGH
personalized wedding canvas,50,high,87,3,tools_comparison,LOW
personalized wind chimes with pictures,50,high,100,3,other,HIGH
personalized wrist watch with photo,50,high,100,3,other,HIGH
personalized yeti with picture,50,high,100,3,other,HIGH
pet custom portrait,50,high,100,3,other,HIGH
pet death gift ideas,50,high,100,3,gift_other,MEDIUM
pet memorial wording ideas,50,high,100,3,other,MEDIUM
pet memory gift ideas,50,high,100,3,gift_other,MEDIUM
pet photo bracelet,50,high,100,3,other,MEDIUM
pet shaped photo pillow,50,high,100,3,other,MEDIUM
pet sympathy gift ideas,50,high,100,2,gift_memorial,MEDIUM
pharmacy graduation gifts for her,50,high,100,2,gift_graduation,LOW
phd congratulations gift,50,high,100,3,gift_other,MEDIUM
phd gift ideas for her,50,high,100,3,gift_other,MEDIUM
phd gift ideas for him,50,high,100,3,gift_other,MEDIUM
phd gifts for him,50,high,100,3,gift_other,MEDIUM
phd graduation gift ideas for her,50,high,100,2,gift_graduation,MEDIUM
phd graduation gift ideas for him,50,high,100,2,gift_graduation,MEDIUM
phd graduation gifts for him,50,high,100,2,gift_graduation,MEDIUM
phd graduation ideas,50,high,100,3,other,MEDIUM
photo & video editing app,50,medium,43,3,other,MEDIUM
photo & video editor app,50,low,5,3,tools_comparison,MEDIUM
photo add music,50,high,82,3,other,MEDIUM
photo album book personalised,50,high,90,3,physical_products,HIGH
photo and music maker,50,high,81,3,other,MEDIUM
photo and music mixer app download,50,medium,57,3,other,LOW
photo and text mug,50,high,100,3,other,MEDIUM
photo and video app download,50,low,0,3,other,LOW
photo and video app for iphone,50,low,8,3,other,LOW
photo and video collage maker app,50,high,75,3,other,MEDIUM
photo and video collage online,50,medium,64,3,other,LOW
photo and video editing app for android,50,low,10,3,other,LOW
photo and video editing app free,50,high,75,3,other,LOW
photo and video editing apps for pc,50,high,100,3,other,MEDIUM
photo and video editing software free,50,medium,62,3,other,LOW
photo and video editor app download,50,high,86,3,tools_comparison,LOW
photo and video editor for iphone,50,low,0,3,tools_comparison,LOW
photo and video editor with music,50,high,89,3,tools_comparison,MEDIUM
photo and video enhancer app,50,low,14,3,other,MEDIUM
photo and video maker app download,50,low,12,3,other,LOW
photo and video maker with song,50,low,0,3,other,MEDIUM
photo and video merger app,50,medium,36,3,other,MEDIUM
photo and video montage,50,high,100,1,direct_service,MEDIUM
photo and video slideshow app,50,medium,45,3,tools_comparison,MEDIUM
photo and video slideshow maker with music,50,high,97,1,direct_service,MEDIUM
photo and video slideshow with music,50,high,81,1,direct_service,MEDIUM
photo and video together collage app,50,high,86,3,other,MEDIUM
photo app video app,50,low,0,3,other,MEDIUM
photo blankets near me,50,high,100,3,physical_products,HIGH
photo box personalised,50,high,75,3,other,HIGH
photo bracelet for him,50,high,100,3,other,MEDIUM
photo camera roll keychain,50,high,100,3,other,MEDIUM
photo canvas with text,50,high,100,3,tools_comparison,LOW
photo collage and video maker app,50,high,100,3,other,MEDIUM
photo collage coffee mug,50,high,100,3,other,MEDIUM
photo collage father's day,50,medium,42,2,gift_fathers,MEDIUM
photo collage for boyfriend,50,high,79,3,other,MEDIUM
photo collage gifts for dad,50,high,100,3,gift_other,MEDIUM
photo collage mouse mat,50,high,100,3,other,MEDIUM
photo collage travel mug,50,high,100,3,other,MEDIUM
photo collage video maker with music,50,medium,46,3,other,MEDIUM
photo collage video with music,50,high,88,3,other,MEDIUM
photo collage with music app,50,high,75,3,other,MEDIUM
photo collage with music free,50,high,83,3,other,LOW
photo collage with music online free,50,medium,48,3,other,LOW
photo collage with song,50,high,100,3,other,MEDIUM
photo cushion cover,50,high,88,3,other,MEDIUM
photo cushion design,50,low,0,3,other,MEDIUM
photo dad gifts,50,high,100,2,gift_fathers,MEDIUM
photo dad mug,50,high,100,3,other,MEDIUM
photo dvd maker pro,50,medium,55,3,other,MEDIUM
photo dvd maker professional,50,medium,55,3,other,HIGH
photo dvd with music,50,high,100,3,other,MEDIUM
photo editing and music,50,low,29,3,other,MEDIUM
photo editing and video making app,50,low,0,3,other,MEDIUM
photo editing app and video,50,high,86,3,other,MEDIUM
photo editing app video,50,high,100,3,other,MEDIUM
photo editing music video,50,high,86,3,other,MEDIUM
photo editing with music background,50,medium,57,3,other,MEDIUM
photo editor app video maker,50,low,0,3,tools_comparison,MEDIUM
photo editor with music free,50,high,93,3,tools_comparison,LOW
photo engraved glass block,50,high,100,3,other,MEDIUM
photo engraved wallet,50,high,100,3,other,MEDIUM
photo engraved wine glass,50,high,100,3,other,MEDIUM
photo film keychain,50,high,100,3,other,MEDIUM
photo film roll keychain,50,high,100,3,other,MEDIUM
photo frame customized near me,50,high,95,3,physical_products,HIGH
photo frame engraving near me,50,high,100,3,physical_products,HIGH
photo frame for him,50,high,91,3,physical_products,MEDIUM
photo frame ideas for father's day,50,high,67,2,gift_fathers,MEDIUM
photo frame with personalised message,50,high,100,3,physical_products,HIGH
photo gifts for dad from daughter,50,high,100,2,gift_personalized,MEDIUM
photo ideas for fathers day,50,high,100,2,gift_fathers,MEDIUM
photo key chain near me,50,high,100,3,other,HIGH
photo keychain film roll,50,high,100,3,other,MEDIUM
photo keychain for boyfriend,50,high,91,3,other,MEDIUM
photo keychain for dad,50,high,100,3,other,MEDIUM
photo keychain for fathers day,50,low,0,2,gift_fathers,MEDIUM
photo keychain roll,50,high,100,3,other,MEDIUM
photo magnets bulk,50,high,100,3,other,MEDIUM
photo maker with music app,50,high,93,3,other,MEDIUM
photo memorial gift ideas,50,high,100,2,gift_memorial,MEDIUM
photo montage app with music,50,high,75,1,direct_service,MEDIUM
photo montage birthday cake,50,low,0,1,direct_service,MEDIUM
photo montage maker with music,50,high,89,1,direct_service,MEDIUM
photo montage with music free,50,high,83,1,direct_service,LOW
photo mouse pad same day,50,high,100,3,other,MEDIUM
photo mousemat,50,high,100,3,other,MEDIUM
photo movie maker with music,50,high,92,3,other,MEDIUM
photo mug dad,50,high,100,3,physical_products,MEDIUM
photo mug printing near me,50,high,100,3,physical_products,HIGH
photo mug sale,50,high,100,3,physical_products,MEDIUM
photo mug usa,50,high,100,3,physical_products,MEDIUM
photo mug with text,50,high,100,3,physical_products,MEDIUM
photo mugs costco,50,high,100,3,physical_products,HIGH
photo mugs fast,50,high,100,3,physical_products,MEDIUM
photo mugs same day pickup near me,50,high,100,3,physical_products,HIGH
photo music editing app,50,high,100,3,other,MEDIUM
photo music maker app,50,medium,57,3,other,MEDIUM
photo music software,50,high,100,3,other,LOW
photo music video app,50,low,17,3,other,MEDIUM
photo music video maker free online,50,medium,43,3,other,LOW
photo music video online,50,low,4,3,other,LOW
photo on coffee mug near me,50,high,100,3,other,HIGH
photo on mug near me,50,high,100,3,other,HIGH
photo pillow cover,50,high,100,3,other,MEDIUM
photo pillow near me,50,high,100,3,other,HIGH
photo pillows and blankets,50,high,100,3,other,MEDIUM
photo pillows of pets,50,high,100,3,other,MEDIUM
photo pillows online,50,high,100,3,other,LOW
photo printed cushion,50,high,100,3,physical_products,MEDIUM
photo printed keychain,50,high,100,3,physical_products,MEDIUM
photo printed mugs near me,50,high,100,3,physical_products,HIGH
photo printing in mug near me,50,high,100,3,physical_products,HIGH
photo printing on coffee mugs near me,50,high,80,3,physical_products,HIGH
photo printing on mugs near me,50,high,100,3,physical_products,HIGH
photo projection keyring,50,high,73,3,other,MEDIUM
photo sequin pillow,50,high,100,3,other,MEDIUM
photo show with music,50,high,71,3,other,MEDIUM
photo slide show to music,50,high,100,3,other,LOW
photo slide with song,50,high,67,3,other,MEDIUM
photo slideshow app with music,50,medium,60,1,direct_service,MEDIUM
photo slideshow for wedding reception,50,high,90,1,direct_service,MEDIUM
photo slideshow maker with music free download for pc,50,high,100,1,direct_service,LOW
photo slideshow set to music,50,medium,33,1,direct_service,MEDIUM
photo slideshow video maker with music,50,high,97,1,direct_service,MEDIUM
photo slideshow with music app free download for pc,50,low,14,1,direct_service,LOW
photo slideshow with music facebook,50,low,29,1,direct_service,MEDIUM
photo slideshow with music for pc free download,50,low,29,1,direct_service,LOW
photo slideshow with music free,50,high,84,1,direct_service,LOW
photo slideshow with music free app,50,high,68,1,direct_service,LOW
photo slideshow with music free download,50,high,86,1,direct_service,LOW
photo slideshow with music free online,50,high,83,1,direct_service,LOW
photo slideshow with music instagram,50,low,0,1,direct_service,MEDIUM
photo slideshow with music iphone,50,medium,38,1,direct_service,LOW
photo slideshow with music on iphone,50,high,86,1,direct_service,LOW
photo slideshow with music online,50,high,77,1,direct_service,LOW
photo slideshow with my own music,50,high,100,1,direct_service,MEDIUM
photo slideshow with song,50,high,67,1,direct_service,MEDIUM
photo slideshow with spotify music,50,high,80,1,direct_service,MEDIUM
photo song maker,50,high,81,3,other,MEDIUM
photo sympathy gifts,50,high,100,2,gift_memorial,MEDIUM
photo thermal mug,50,high,100,3,other,MEDIUM
photo ties for father's day,50,high,100,2,gift_fathers,MEDIUM
photo to music video online,50,high,86,3,other,LOW
photo to video app free,50,high,82,3,other,LOW
photo to video effect app,50,medium,57,3,other,MEDIUM
photo to video maker app for android,50,low,29,3,other,LOW
photo to video slideshow maker with music,50,high,97,1,direct_service,MEDIUM
photo to video with music app,50,low,17,3,other,MEDIUM
photo travel mug with handle,50,high,100,3,other,MEDIUM
photo video app free,50,medium,55,3,other,LOW
photo video app iphone,50,low,8,3,other,LOW
photo video apps download,50,medium,57,3,other,LOW
photo video editing app for pc,50,high,100,3,other,LOW
photo video editing software for pc,50,high,100,3,other,LOW
photo video editor with music,50,high,89,3,tools_comparison,MEDIUM
photo video effect app,50,high,100,3,other,MEDIUM
photo video maker android,50,high,86,3,other,LOW
photo video maker app with song,50,high,71,3,other,MEDIUM
photo video maker app with song download,50,high,86,3,other,LOW
photo video maker app with song free download,50,medium,50,3,other,LOW
photo video maker app with song online free,50,high,82,3,other,LOW
photo video maker editor app,50,medium,43,3,other,MEDIUM
photo video maker for iphone,50,medium,65,3,other,LOW
photo video maker free app,50,high,100,3,other,LOW
photo video maker online with music and effects free,50,low,0,3,other,LOW
photo video maker with birthday song,50,medium,57,3,other,MEDIUM
photo video maker with music app,50,low,9,3,other,MEDIUM
photo video maker with music app download,50,low,0,3,other,LOW
photo video maker with music app free download for pc,50,high,71,3,other,LOW
photo video maker with music download,50,medium,36,3,other,LOW
photo video maker with music for facebook,50,high,86,3,other,MEDIUM
photo video maker with music free download,50,high,67,3,other,LOW
photo video maker with music online,50,low,29,3,other,LOW
photo video maker with music online free download,50,low,0,3,other,LOW
photo video maker with song app download,50,medium,60,3,other,LOW
photo video maker with song app download for pc,50,low,0,3,other,LOW
photo video maker with song download,50,low,0,3,other,LOW
photo video maker with song for pc,50,medium,38,3,other,MEDIUM
photo video maker with song free download,50,low,0,3,other,LOW
photo video maker with song online,50,medium,63,3,other,LOW
photo video montage app,50,high,74,1,direct_service,MEDIUM
photo video music editing app,50,high,71,3,other,MEDIUM
photo video music editor app,50,high,71,3,other,MEDIUM
photo video music maker app download,50,high,86,3,other,LOW
photo video slideshow app,50,medium,45,3,tools_comparison,MEDIUM
photo video slideshow maker with music,50,high,93,1,direct_service,MEDIUM
photo video slideshow with music,50,medium,43,1,direct_service,MEDIUM
photo video with music app download,50,high,100,3,other,LOW
photo video with music free,50,high,81,3,other,LOW
photo wallet for dad,50,high,100,3,other,MEDIUM
photo with coffee mug,50,medium,60,3,other,MEDIUM
photo with song maker,50,high,71,3,other,MEDIUM
photo with video collage app,50,medium,56,3,other,MEDIUM
photography gifts for dad,50,high,100,3,gift_other,MEDIUM
photos add music to slideshow,50,low,0,3,other,MEDIUM
photos add music to video,50,low,14,3,other,MEDIUM
photos into video with music,50,high,82,3,other,MEDIUM
photos on mugs near me,50,high,100,3,other,HIGH
photos to music app free,50,high,90,3,other,LOW
photos to video app free,50,high,93,3,other,LOW
photos to video editing app,50,high,79,3,other,MEDIUM
photos to video maker best app,50,high,100,3,other,LOW
photos video maker app download,50,low,12,3,other,LOW
photostage by nch software,50,low,21,3,other,LOW
pic and music editor,50,high,75,3,other,MEDIUM
pic and video editor app,50,medium,50,3,tools_comparison,MEDIUM
pic collage with song,50,high,95,3,other,MEDIUM
pic music online,50,medium,46,3,other,LOW
pic slideshow with music app,50,low,14,1,direct_service,MEDIUM
pic with music online,50,medium,46,3,other,LOW
picture and video editing app,50,high,81,3,other,MEDIUM
picture and video maker app,50,high,81,3,other,MEDIUM
picture and video slideshow app,50,medium,45,3,tools_comparison,MEDIUM
picture and video slideshow with music,50,high,81,1,direct_service,MEDIUM
picture cd with music,50,medium,36,3,other,MEDIUM
picture changing mug,50,high,100,3,other,MEDIUM
picture collage for girlfriend,50,high,100,3,other,MEDIUM
picture collage ideas for father's day,50,low,0,2,gift_fathers,MEDIUM
picture collage with music app,50,high,75,3,other,MEDIUM
picture dvd with music,50,high,100,3,other,MEDIUM
picture engraved in glass cube,50,high,100,3,other,MEDIUM
picture engraved keychain,50,high,100,3,other,MEDIUM
picture engraved keyring,50,medium,50,3,other,MEDIUM
picture engraved wallet,50,high,100,3,other,MEDIUM
picture frame for girlfriend birthday,50,high,92,3,physical_products,MEDIUM
picture frame with personalized message,50,high,100,3,physical_products,HIGH
picture in glass cube near me,50,high,100,3,other,HIGH
picture keychain for boyfriend,50,high,100,3,other,MEDIUM
picture keychain for dad,50,high,100,3,other,MEDIUM
picture keyring personalised,50,high,80,3,other,HIGH
picture montage app with music,50,high,90,3,other,MEDIUM
picture montage music,50,medium,33,3,other,MEDIUM
picture movie maker with music,50,high,90,3,other,MEDIUM
picture mug design,50,high,100,3,other,MEDIUM
picture mugs near me,50,high,100,3,other,HIGH
picture music editor,50,low,29,3,other,MEDIUM
picture on a mug near me,50,high,100,3,other,HIGH
picture on mug online,50,high,100,3,other,LOW
picture roll keychain,50,high,100,3,other,MEDIUM
picture slideshow app with music free,50,high,95,1,direct_service,LOW
picture slideshow with music app,50,high,69,1,direct_service,MEDIUM
picture slideshow with music online,50,high,77,1,direct_service,LOW
picture slideshow with music powerpoint,50,low,22,1,direct_service,MEDIUM
picture to video maker app,50,high,67,3,other,MEDIUM
picture video collage with music,50,high,88,3,other,MEDIUM
picture video editing app,50,high,100,3,other,MEDIUM
picture wallet for dad,50,high,100,3,other,MEDIUM
picture with music maker,50,medium,55,3,other,MEDIUM
pictures into video with music,50,high,84,3,other,MEDIUM
pictures on mugs near me,50,high,98,3,other,HIGH
pictures to video with music free,50,high,71,3,other,LOW
pictures with music app free,50,high,86,3,other,LOW
pillow case custom photo,50,high,100,3,other,HIGH
pillow cover photo printing near me,50,medium,50,3,physical_products,HIGH
pinning ceremony gift ideas,50,high,100,3,gift_other,MEDIUM
pixgram app download,50,low,0,3,other,LOW
places near me that convert vhs to dvd,50,high,76,2,vhs_legacy,HIGH
places that can convert vhs to dvd,50,high,100,2,vhs_legacy,MEDIUM
places that convert 8mm to dvd,50,medium,50,3,other,MEDIUM
places that convert tapes to dvd,50,high,100,3,other,MEDIUM
places that convert vhs tapes to dvd,50,high,100,2,vhs_legacy,MEDIUM
places that convert vhs to digital,50,high,100,2,vhs_legacy,MEDIUM
places that convert vhs to dvd near me,50,high,94,2,vhs_legacy,HIGH
places that put vhs on dvd,50,high,100,3,other,MEDIUM
places that transfer 8mm film to dvd,50,medium,50,2,vhs_legacy,MEDIUM
places that transfer vhs tapes to dvd,50,high,100,2,vhs_legacy,MEDIUM
places that transfer vhs to digital,50,high,99,2,vhs_legacy,MEDIUM
places that transfer vhs to dvd near me,50,high,69,2,vhs_legacy,HIGH
places that turn vhs to dvd,50,high,81,2,vhs_legacy,MEDIUM
places that will convert vhs to dvd,50,high,100,2,vhs_legacy,MEDIUM
places that will transfer vhs to dvd,50,high,100,2,vhs_legacy,MEDIUM
places to convert vhs to digital,50,high,100,2,vhs_legacy,MEDIUM
places to convert vhs to digital near me,50,high,77,2,vhs_legacy,HIGH
places to convert vhs to dvd near me,50,high,83,2,vhs_legacy,HIGH
places to get vhs converted to dvd,50,medium,50,3,other,MEDIUM
places to get vhs to dvd,50,high,100,2,vhs_legacy,MEDIUM
places to transfer vhs to dvd near me,50,high,100,2,vhs_legacy,HIGH
plant memorial gift,50,high,100,2,gift_memorial,MEDIUM
platinum anniversary gifts for her,50,high,100,2,gift_anniversary,MEDIUM
play music with pictures,50,low,21,3,other,MEDIUM
police graduation gift,50,high,98,2,gift_graduation,MEDIUM
popular graduation gifts for her,50,high,100,2,gift_graduation,MEDIUM
porcelain anniversary gift for wife,50,high,100,2,gift_anniversary,MEDIUM
porcelain gifts for 18th wedding anniversary,50,high,100,2,gift_anniversary,MEDIUM
portrait keychain,50,high,88,3,other,MEDIUM
post graduation gift,50,high,100,2,gift_graduation,MEDIUM
post graduation gifts,50,high,98,2,gift_graduation,MEDIUM
powerpoint photo slideshow with music,50,low,22,1,direct_service,MEDIUM
powerpoint presentation with music and pictures,50,high,100,3,gift_other,MEDIUM
powerpoint with music and pictures,50,high,73,3,other,MEDIUM
practical 50th wedding anniversary gifts for friends,50,high,100,2,gift_anniversary,MEDIUM
practical 50th wedding anniversary gifts for parents,50,high,100,2,gift_anniversary,MEDIUM
practical gifts for graduating seniors,50,high,100,3,gift_other,MEDIUM
practical graduation gifts for guys,50,high,100,2,gift_graduation,MEDIUM
practical sympathy gifts,50,high,100,2,gift_memorial,MEDIUM
pre k graduation gifts from teachers,50,high,100,2,gift_graduation,MEDIUM
pre med graduation gifts,50,high,100,2,gift_graduation,MEDIUM
pre wedding photo slideshow,50,high,100,1,direct_service,MEDIUM
preschool graduation gift ideas from grandparents,50,low,0,2,gift_graduation,MEDIUM
preschool graduation gift ideas from parents,50,high,100,2,gift_graduation,MEDIUM
preschool graduation goodie bag ideas,50,high,100,3,other,MEDIUM
present for anniversary couple,50,high,100,3,gift_other,MEDIUM
present for someone who lost a pet,50,high,100,3,gift_other,MEDIUM
presents for lost loved ones,50,high,100,3,gift_other,MEDIUM
presents for someone who has lost someone,50,high,100,3,gift_other,MEDIUM
presents for someone who lost their dad,50,high,100,3,gift_other,MEDIUM
presents for someone who lost their mom,50,high,100,3,gift_other,MEDIUM
preserving vhs tapes,50,high,76,2,vhs_legacy,MEDIUM
printed magic mug,50,high,100,3,other,MEDIUM
printed mugs online,50,high,100,3,other,LOW
professional 8mm film to digital conversion equipment,50,high,100,2,vhs_legacy,HIGH
professional photo slideshow maker,50,high,100,1,direct_service,HIGH
professional photo slideshow software,50,high,100,1,direct_service,LOW
professional vhs to digital,50,medium,43,2,vhs_legacy,HIGH
professional vhs to digital converter,50,medium,51,2,vhs_legacy,HIGH
program to create photo slideshow with music,50,high,100,1,direct_service,MEDIUM
program to create slideshow with music,50,high,100,1,direct_service,MEDIUM
program to make a slideshow with music,50,high,100,1,direct_service,MEDIUM
program to make a video with pictures and music,50,high,97,3,other,MEDIUM
programs for picture slideshow with music,50,high,96,1,direct_service,MEDIUM
programs to make photo slideshows with music,50,high,100,1,direct_service,MEDIUM
programs to make videos with pictures and music,50,high,97,3,other,MEDIUM
project graduation gift ideas,50,high,100,2,gift_graduation,MEDIUM
projection photo keychain,50,high,100,3,other,MEDIUM
pta graduation gifts,50,high,96,2,gift_graduation,MEDIUM
put music on picture online,50,low,29,3,other,LOW
put photos to music on iphone,50,high,90,3,other,LOW
put pictures to music free,50,high,87,3,other,LOW
put together a slideshow with music,50,high,100,1,direct_service,MEDIUM
put vcr tapes on dvd,50,high,100,2,vhs_legacy,MEDIUM
put vhs on computer,50,high,92,3,other,MEDIUM
put vhs on usb,50,high,100,3,other,MEDIUM
put vhs tapes on dvd,50,high,100,2,vhs_legacy,MEDIUM
put video onto dvd,50,high,73,3,other,MEDIUM
putting 8mm film on dvd,50,high,98,2,vhs_legacy,MEDIUM
putting pictures to music slideshow free,50,high,89,3,other,LOW
putting together a slideshow with music,50,high,100,1,direct_service,MEDIUM
putting video tapes onto dvd,50,low,0,2,vhs_legacy,MEDIUM
quick graduation gifts,50,high,100,2,gift_graduation,MEDIUM
quick photo video maker,50,high,69,3,other,MEDIUM
quik free video editor for photos clips music,50,low,19,3,tools_comparison,LOW
quirky gifts for mom,50,high,100,3,gift_other,MEDIUM
random gifts for mom,50,high,100,3,gift_other,MEDIUM
really cool gifts for mom,50,high,100,3,gift_other,MEDIUM
record 8mm to dvd,50,high,95,3,other,MEDIUM
record to vhs from computer,50,low,6,3,other,MEDIUM
record vcr tapes to dvd,50,high,100,2,vhs_legacy,MEDIUM
record vhs to digital,50,high,100,2,vhs_legacy,MEDIUM
record vhs to dvd player,50,high,100,2,vhs_legacy,MEDIUM
record vhs to usb,50,medium,61,3,other,MEDIUM
recording 8mm film to digital,50,high,100,2,vhs_legacy,MEDIUM
recording vhs tapes to digital,50,high,100,2,vhs_legacy,MEDIUM
reddit convert vhs to digital,50,medium,38,2,vhs_legacy,MEDIUM
reel to dvd transfer,50,high,100,3,other,MEDIUM
reel to reel digitizer,50,high,100,3,other,MEDIUM
religious sympathy gifts,50,high,100,2,gift_memorial,MEDIUM
remembrance dad gifts,50,high,100,2,gift_fathers,MEDIUM
remembrance gift for a friend,50,high,100,2,gift_memorial,MEDIUM
remembrance gift for loss of son,50,high,100,2,gift_memorial,MEDIUM
remembrance gift ideas,50,high,100,2,gift_memorial,MEDIUM
remembrance gifts for garden,50,high,100,2,gift_memorial,MEDIUM
remembrance gifts for loss of dad,50,high,100,2,gift_memorial,MEDIUM
remembrance gifts for loss of mom,50,high,100,2,gift_memorial,MEDIUM
remembrance gifts loss of husband,50,high,100,2,gift_memorial,MEDIUM
restore old video tapes,50,high,79,2,vhs_legacy,MEDIUM
restore vhs footage,50,high,86,3,other,MEDIUM
restore vhs to dvd,50,high,100,2,vhs_legacy,MEDIUM
restoring 8mm home movies,50,medium,57,2,vhs_legacy,MEDIUM
retirement blessing for coworker,50,high,100,3,other,MEDIUM
retirement blessings for coworker,50,high,100,3,other,MEDIUM
retirement decoration ideas for coworker,50,high,100,3,other,MEDIUM
retirement gift basket ideas for coworker,50,high,100,2,gift_retirement,MEDIUM
retirement gift for co worker,50,high,100,2,gift_retirement,MEDIUM
retirement gift for coworker friend,50,high,100,2,gift_retirement,MEDIUM
retirement gift for coworker male,50,high,100,2,gift_retirement,MEDIUM
retirement gift for female colleague,50,high,75,2,gift_retirement,MEDIUM
retirement gift for male colleague,50,high,100,2,gift_retirement,MEDIUM
retirement gift for male coworker,50,high,100,2,gift_retirement,MEDIUM
retirement gift for teacher coworker,50,high,100,2,gift_retirement,MEDIUM
retirement gift ideas for coworker female,50,high,99,2,gift_retirement,MEDIUM
retirement gift ideas for coworker male,50,high,100,2,gift_retirement,MEDIUM
retirement gift ideas for work colleagues,50,high,100,2,gift_retirement,MEDIUM
retirement gifts for coworker female,50,high,100,2,gift_retirement,MEDIUM
retirement gifts for coworker male,50,high,100,2,gift_retirement,MEDIUM
retirement gifts for coworkers amazon,50,low,29,2,gift_retirement,MEDIUM
retirement gifts for coworkers male,50,high,100,2,gift_retirement,MEDIUM
retirement gifts for female work colleagues,50,high,100,2,gift_retirement,MEDIUM
retirement gifts for work colleagues,50,high,100,2,gift_retirement,MEDIUM
retirement party gift ideas for coworker,50,high,100,3,gift_other,MEDIUM
retirement well wishes to colleague,50,low,4,3,other,MEDIUM
return gift ideas for graduation party,50,high,100,3,gift_other,MEDIUM
return gifts for graduation party,50,high,100,3,gift_other,MEDIUM
ring pop graduation ideas,50,high,100,3,other,MEDIUM
ripping vhs to computer,50,high,100,3,other,MEDIUM
rn pinning ceremony gift ideas,50,high,100,3,gift_other,MEDIUM
roll of film keychain,50,high,100,3,other,MEDIUM
romantic wedding anniversary ideas,50,high,100,2,gift_anniversary,MEDIUM
roxio vhs to digital,50,high,97,2,vhs_legacy,MEDIUM
roxio vhs to digital converter,50,high,95,2,vhs_legacy,HIGH
roxio vhs to dvd amazon,50,low,10,2,vhs_legacy,MEDIUM
roxio vhs to mp4,50,high,100,3,other,MEDIUM
ruby anniversary gift for husband,50,high,100,2,gift_anniversary,MEDIUM
ruby anniversary gift ideas,50,high,100,2,gift_anniversary,MEDIUM
ruby anniversary ideas,50,high,100,3,other,MEDIUM
ruby gifts for parents,50,high,100,3,gift_other,MEDIUM
ruby wedding anniversary gift ideas,50,high,80,2,gift_anniversary,MEDIUM
ruby wedding anniversary gifts for parents,50,high,100,2,gift_anniversary,MEDIUM
ruby wedding anniversary gifts for wife,50,high,100,2,gift_anniversary,MEDIUM
ruby wedding anniversary ideas,50,high,100,2,gift_anniversary,MEDIUM
ruby wedding gift,50,low,0,3,gift_other,MEDIUM
ruby wedding gift ideas,50,high,100,3,gift_other,MEDIUM
ruby wedding gifts for husband,50,high,100,3,gift_other,MEDIUM
ruby wedding gifts for wife,50,high,100,3,gift_other,MEDIUM
ruby wedding ideas,50,low,21,3,other,MEDIUM
ruby wedding presents,50,high,100,3,gift_other,MEDIUM
s vhs to digital converter,50,high,100,2,vhs_legacy,HIGH
sam's club convert vhs to dvd,50,high,97,2,vhs_legacy,MEDIUM
sam's club vhs to digital,50,medium,63,2,vhs_legacy,MEDIUM
sam's club vhs to dvd,50,high,73,2,vhs_legacy,MEDIUM
same day coffee mug printing,50,high,100,3,other,MEDIUM
same day custom mugs near me,50,high,100,3,physical_products,HIGH
same day personalised mugs,50,high,100,3,other,HIGH
same day photo blankets near me,50,high,100,3,physical_products,HIGH
same day photo mug printing near me,50,high,100,3,physical_products,HIGH
same day photo mugs near me,50,high,100,3,physical_products,HIGH
same day photo puzzle,50,high,100,3,physical_products,MEDIUM
same day vhs to dvd transfer,50,high,100,2,vhs_legacy,MEDIUM
sapphire anniversary gift for parents,50,high,99,2,gift_anniversary,HIGH
sapphire wedding anniversary gifts for parents,50,high,100,2,gift_anniversary,HIGH
save vhs to computer,50,high,100,3,other,MEDIUM
save vhs to digital,50,high,100,2,vhs_legacy,MEDIUM
saving vhs tapes to computer,50,high,100,2,vhs_legacy,MEDIUM
scanning 8mm film to digital,50,high,100,2,vhs_legacy,MEDIUM
second anniversary ideas,50,high,100,3,other,MEDIUM
second wedding anniversary gift ideas,50,high,100,2,gift_anniversary,MEDIUM
second year of marriage gift,50,high,92,3,gift_other,MEDIUM
send a graduation gift,50,high,100,2,gift_graduation,MEDIUM
send vhs tapes to convert to dvd,50,low,0,2,vhs_legacy,MEDIUM
senior gift bag ideas,50,high,87,3,gift_other,MEDIUM
senior gifts from teachers,50,low,0,3,gift_other,MEDIUM
senior graduation gifts for her,50,high,100,2,gift_graduation,MEDIUM
senior graduation gifts for him,50,high,100,2,gift_graduation,MEDIUM
senior send off gift ideas,50,high,100,3,gift_other,MEDIUM
senior swag bag ideas,50,high,91,3,other,MEDIUM
senior year gift ideas,50,high,90,3,gift_other,MEDIUM
sentimental gift for someone who passed away,50,high,100,3,gift_other,MEDIUM
sentimental gifts after death,50,high,100,3,gift_other,MEDIUM
sentimental gifts for grieving,50,high,100,3,gift_other,MEDIUM
sentimental gifts for someone who lost their dad,50,high,100,3,gift_other,MEDIUM
sentimental gifts for someone who lost their mom,50,high,100,3,gift_other,MEDIUM
sentimental gifts from mother to daughter,50,high,100,3,gift_other,MEDIUM
sentimental gifts when someone dies,50,high,100,3,gift_other,MEDIUM
sentimental graduation gift ideas,50,high,100,2,gift_graduation,MEDIUM
sentimental graduation gifts for best friends,50,high,100,2,gift_graduation,MEDIUM
sentimental graduation gifts for boyfriend,50,medium,50,2,gift_graduation,MEDIUM
sentimental graduation gifts for granddaughter,50,high,100,2,gift_graduation,MEDIUM
sentimental graduation gifts for her,50,high,100,2,gift_graduation,MEDIUM
sentimental graduation gifts for him,50,high,100,2,gift_graduation,MEDIUM
sentimental memory gifts,50,high,94,3,gift_other,MEDIUM
sentimental remembrance gifts,50,high,100,2,gift_memorial,MEDIUM
sequin cushion personalised,50,high,80,3,other,HIGH
sequin personalised cushion,50,high,100,3,other,HIGH
sequin picture pillow,50,high,100,3,other,MEDIUM
sequin pillow personalized,50,high,100,3,other,HIGH
service to convert 8mm film to digital,50,high,77,2,vhs_legacy,HIGH
service to convert vhs to dvd,50,high,100,2,vhs_legacy,HIGH
service to transfer vhs to digital,50,high,100,2,vhs_legacy,HIGH
set photos to music,50,high,92,3,other,MEDIUM
set photos to music free,50,high,86,3,other,LOW
set pictures to music,50,high,92,3,other,MEDIUM
set pictures to music free,50,high,67,3,other,LOW
set slideshow to music,50,high,74,3,other,LOW
seventh anniversary gift for him,50,high,95,2,gift_anniversary,MEDIUM
seventh wedding anniversary traditional gift,50,high,100,2,gift_anniversary,MEDIUM
shirt with personalized picture,50,high,100,3,other,HIGH
shops that convert vhs to dvd,50,high,85,2,vhs_legacy,MEDIUM
shops that convert vhs to dvd near me,50,high,67,2,vhs_legacy,HIGH
shops that transfer vhs to dvd,50,high,85,2,vhs_legacy,MEDIUM
shutterfly custom socks,50,high,100,3,other,HIGH
shutterfly graduation gifts,50,high,100,2,gift_graduation,MEDIUM
shutterfly slideshow with music,50,medium,52,1,direct_service,MEDIUM
sibling graduation gifts,50,high,86,2,gift_graduation,MEDIUM
silk 12th wedding anniversary gifts for her,50,high,100,2,gift_anniversary,MEDIUM
silk anniversary gifts for couple,50,high,100,2,gift_anniversary,MEDIUM
silk wedding anniversary gifts for her,50,high,100,2,gift_anniversary,MEDIUM
silver anniversary gift for husband,50,high,100,2,gift_anniversary,MEDIUM
silver anniversary gifts for parents,50,high,100,2,gift_anniversary,MEDIUM
silver anniversary gifts for wife,50,high,100,2,gift_anniversary,MEDIUM
silver anniversary ideas,50,high,100,3,other,MEDIUM
silver gift items for 25th wedding anniversary,50,low,0,2,gift_anniversary,MEDIUM
silver gift items for anniversary,50,high,71,3,gift_other,MEDIUM
silver gift items for wedding,50,high,100,3,gift_other,MEDIUM
silver wedding anniversary gifts for couples,50,high,100,2,gift_anniversary,MEDIUM
silver wedding anniversary gifts for him,50,medium,34,2,gift_anniversary,MEDIUM
silver wedding anniversary gifts for husband,50,high,100,2,gift_anniversary,MEDIUM
silver wedding anniversary gifts for parents,50,medium,33,2,gift_anniversary,MEDIUM
silver wedding anniversary gifts for wife,50,high,100,2,gift_anniversary,MEDIUM
silver wedding anniversary ideas,50,high,100,2,gift_anniversary,MEDIUM
silver wedding gift ideas,50,high,75,3,gift_other,MEDIUM
silver wedding gifts for couples,50,high,100,3,gift_other,MEDIUM
silver wedding gifts for friends,50,low,0,3,gift_other,MEDIUM
silver wedding gifts for husband,50,high,100,3,gift_other,MEDIUM
silver wedding gifts for wife,50,high,100,3,gift_other,MEDIUM
silver wedding present ideas,50,high,100,3,gift_other,MEDIUM
simple 50th anniversary ideas,50,low,25,3,other,MEDIUM
simple graduation gift for boyfriend,50,high,100,2,gift_graduation,MEDIUM
simple graduation gift ideas,50,high,98,2,gift_graduation,MEDIUM
simple graduation gifts for friends,50,high,93,2,gift_graduation,MEDIUM
simple slideshow maker with music,50,high,90,1,direct_service,MEDIUM
simple slideshow with music,50,high,86,1,direct_service,MEDIUM
simple sympathy gifts,50,high,100,2,gift_memorial,MEDIUM
sister frames personalized,50,high,100,3,other,HIGH
sister remembrance gifts,50,high,100,2,gift_memorial,MEDIUM
slide show maker with music free,50,high,80,3,other,LOW
slide show pictures with music,50,high,89,3,other,MEDIUM
slide show song,50,low,1,3,other,MEDIUM
slide show video with music,50,high,71,3,other,MEDIUM
slide show with music maker,50,high,100,3,other,MEDIUM
slide show with pictures and music,50,high,95,3,other,MEDIUM
slideshow add music,50,medium,56,3,other,MEDIUM
slideshow album,50,medium,42,3,other,MEDIUM
slideshow collage maker,50,medium,60,3,other,MEDIUM
slideshow editor with music,50,high,75,3,other,MEDIUM
slideshow maker add music,50,high,86,3,tools_comparison,MEDIUM
slideshow maker add your own music,50,high,86,3,tools_comparison,MEDIUM
slideshow maker photo to video,50,high,73,3,tools_comparison,MEDIUM
slideshow maker photo to video app,50,low,20,3,tools_comparison,MEDIUM
slideshow maker with audio,50,high,82,3,tools_comparison,MEDIUM
slideshow maker with multiple songs,50,high,93,3,tools_comparison,MEDIUM
slideshow maker with music for mac,50,high,100,1,direct_service,LOW
slideshow maker with music for pc,50,high,100,1,direct_service,MEDIUM
slideshow maker with music free download,50,high,81,1,direct_service,LOW
slideshow maker with music free online,50,medium,59,1,direct_service,LOW
slideshow maker with own music,50,high,100,3,tools_comparison,MEDIUM
slideshow maker with your own music,50,high,93,3,tools_comparison,MEDIUM
slideshow on iphone with music,50,high,67,3,other,LOW
slideshow with custom music,50,high,86,3,other,HIGH
slideshow with itunes music,50,high,100,3,other,MEDIUM
slideshow with music for instagram,50,medium,37,1,direct_service,MEDIUM
slideshow with music iphone,50,medium,43,1,direct_service,LOW
slideshow with music on mac,50,medium,46,1,direct_service,LOW
slideshow with my music,50,high,93,3,other,MEDIUM
slideshow with my own music,50,high,100,3,other,MEDIUM
slideshow with own music,50,high,100,3,other,MEDIUM
small condolence gift,50,high,100,2,gift_memorial,MEDIUM
small gift ideas for graduating seniors,50,medium,57,3,gift_other,MEDIUM
small gifts for graduating seniors,50,high,86,3,gift_other,MEDIUM
small grad gifts for friends,50,high,100,2,gift_graduation,MEDIUM
small graduation gifts for guys,50,high,73,2,gift_graduation,MEDIUM
small graduation gifts for students,50,high,100,2,gift_graduation,MEDIUM
small memorial gift ideas,50,high,100,2,gift_memorial,MEDIUM
small memorial gifts,50,high,100,2,gift_memorial,MEDIUM
small retirement gift for coworker,50,high,100,2,gift_retirement,MEDIUM
small retirement gift ideas for coworker,50,high,86,2,gift_retirement,MEDIUM
small senior gift ideas,50,medium,66,3,gift_other,MEDIUM
small sympathy gift ideas,50,high,100,2,gift_memorial,MEDIUM
small sympathy gifts,50,high,100,2,gift_memorial,MEDIUM
small vcr tapes,50,high,96,2,vhs_legacy,MEDIUM
small vhs converter,50,high,100,3,other,HIGH
small vhs tape converter,50,high,100,2,vhs_legacy,HIGH
small vhs tapes to dvd,50,high,100,2,vhs_legacy,MEDIUM
small video cassette to dvd,50,high,100,3,other,MEDIUM
small video tapes to dvd,50,high,100,2,vhs_legacy,MEDIUM
snapshots 252 piece personalized puzzle,50,low,0,3,other,HIGH
soccer graduation gifts,50,high,100,2,gift_graduation,MEDIUM
social worker retirement gifts,50,high,100,2,gift_retirement,MEDIUM
socks with dog face personalized,50,high,100,3,other,HIGH
socks with personalized faces,50,high,100,3,other,HIGH
socks with personalized pictures,50,high,100,3,other,HIGH
software for photo slideshow with music,50,high,96,1,direct_service,LOW
software for picture slideshow with music,50,high,96,1,direct_service,LOW
software to add music to photos,50,medium,57,3,other,LOW
software to create photo slideshow with music,50,high,100,1,direct_service,LOW
software to create videos from photos with music,50,high,97,3,other,LOW
software to make a video with photos and music,50,high,97,3,other,LOW
software to make photo slideshow with music,50,high,100,1,direct_service,LOW
software to make picture slideshows with music,50,high,100,1,direct_service,LOW
software to make videos with pictures and music,50,high,97,3,other,LOW
son memorial gifts,50,high,100,2,gift_memorial,MEDIUM
son remembrance gifts,50,high,100,2,gift_memorial,MEDIUM
song photo video maker,50,low,0,3,other,MEDIUM
sony digital video cassette recorder,50,medium,52,3,other,HIGH
sorority graduation gifts,50,high,100,2,gift_graduation,MEDIUM
sorority senior gift ideas,50,high,100,3,gift_other,MEDIUM
southtree vhs to dvd,50,high,100,2,vhs_legacy,MEDIUM
spanish sympathy gifts,50,high,100,2,gift_memorial,MEDIUM
special gifts for someone who lost a loved one,50,high,100,3,gift_other,MEDIUM
special graduation gift for daughter,50,high,100,2,gift_graduation,MEDIUM
special graduation gift for son,50,high,100,2,gift_graduation,MEDIUM
special graduation gifts for her,50,high,100,2,gift_graduation,MEDIUM
special graduation gifts for him,50,high,100,2,gift_graduation,MEDIUM
special memorial gift ideas,50,high,100,2,gift_memorial,MEDIUM
special memorial gifts,50,high,100,2,gift_memorial,MEDIUM
special presents for mums,50,medium,50,3,gift_other,MEDIUM
special remembrance gifts,50,high,100,2,gift_memorial,MEDIUM
spotify music photo frame,50,high,100,3,physical_products,MEDIUM
spotify personalized frame,50,high,100,3,other,HIGH
spotify photo keychain,50,high,100,3,other,MEDIUM
standalone vhs conversion recorder,50,high,100,2,vhs_legacy,HIGH
staples convert vhs to digital,50,high,74,2,vhs_legacy,MEDIUM
staples custom puzzles,50,high,100,3,physical_products,HIGH
staples photo mug,50,high,100,3,physical_products,MEDIUM
star wars graduation gift,50,high,100,2,gift_graduation,MEDIUM
steel wedding anniversary gifts for her,50,high,100,2,gift_anniversary,MEDIUM
steel wedding anniversary gifts for him,50,high,100,2,gift_anniversary,MEDIUM
stepdad photo frame,50,high,100,3,physical_products,MEDIUM
stepdad picture frame,50,high,100,3,physical_products,MEDIUM
stores that convert vhs to digital,50,high,100,2,vhs_legacy,MEDIUM
stores that convert vhs to dvd,50,high,85,2,vhs_legacy,MEDIUM
stores that convert vhs to dvd near me,50,high,69,2,vhs_legacy,HIGH
stores that transfer vhs tapes to dvd,50,high,100,2,vhs_legacy,MEDIUM
stores that transfer vhs to dvd,50,high,85,2,vhs_legacy,MEDIUM
student graduation gifts from teacher,50,high,86,2,gift_graduation,MEDIUM
sugar wedding anniversary gifts,50,medium,40,2,gift_anniversary,MEDIUM
super 8 conversion to dvd,50,high,100,2,vhs_legacy,MEDIUM
super 8 converter with sound,50,high,100,2,vhs_legacy,HIGH
super 8 digital,50,high,97,2,vhs_legacy,MEDIUM
super 8 film conversion,50,high,100,2,vhs_legacy,MEDIUM
super 8 film conversion near me,50,medium,64,2,vhs_legacy,HIGH
super 8 film restoration,50,low,31,2,vhs_legacy,MEDIUM
super 8 film to cd,50,high,100,2,vhs_legacy,MEDIUM
super 8 film to digital converter,50,high,100,2,vhs_legacy,HIGH
super 8 film to digital near me,50,high,91,2,vhs_legacy,HIGH
super 8 film to digital video converter,50,high,100,2,vhs_legacy,HIGH
super 8 film to dvd,50,high,100,2,vhs_legacy,MEDIUM
super 8 film to dvd converter,50,high,93,2,vhs_legacy,HIGH
super 8 film to dvd transfer,50,high,100,2,vhs_legacy,MEDIUM
super 8 film to usb,50,high,100,2,vhs_legacy,MEDIUM
super 8 film transfer,50,high,81,2,vhs_legacy,MEDIUM
super 8 film transfer near me,50,medium,35,2,vhs_legacy,HIGH
super 8 film transfer to digital,50,high,100,2,vhs_legacy,MEDIUM
super 8 film transfer to digital near me,50,medium,56,2,vhs_legacy,HIGH
super 8 movie conversion,50,high,100,2,vhs_legacy,MEDIUM
super 8 movie film transfer to dvd,50,high,73,2,vhs_legacy,MEDIUM
super 8 movie transfer,50,high,97,2,vhs_legacy,MEDIUM
super 8 movie transfer to digital,50,high,100,2,vhs_legacy,MEDIUM
super 8 movies to dvd,50,high,73,2,vhs_legacy,MEDIUM
super 8 tape converter,50,high,100,2,vhs_legacy,HIGH
super 8 tape to dvd,50,medium,33,2,vhs_legacy,MEDIUM
super 8 tapes to digital,50,high,100,2,vhs_legacy,MEDIUM
super 8 to cd,50,high,100,2,vhs_legacy,MEDIUM
super 8 to digital conversion service,50,high,96,2,vhs_legacy,HIGH
super 8 to digital near me,50,high,83,2,vhs_legacy,HIGH
super 8 to digital service,50,high,100,2,vhs_legacy,HIGH
super 8 to digital video converter,50,high,100,2,vhs_legacy,HIGH
super 8 to digital video converter equipment,50,high,100,2,vhs_legacy,HIGH
super 8 to digital video converter equipment with sound,50,high,100,2,vhs_legacy,HIGH
super 8 to dvd conversion,50,high,100,2,vhs_legacy,MEDIUM
super 8 to dvd conversion near me,50,high,75,2,vhs_legacy,HIGH
super 8 to dvd converter,50,high,93,2,vhs_legacy,HIGH
super 8 to dvd cost,50,low,25,2,vhs_legacy,HIGH
super 8 to dvd near me,50,low,29,2,vhs_legacy,HIGH
super 8 to dvd transfer,50,low,0,2,vhs_legacy,MEDIUM
super 8 to mp4,50,high,86,2,vhs_legacy,MEDIUM
super 8 transfer,50,high,81,2,vhs_legacy,MEDIUM
super 8 video converter,50,high,100,2,vhs_legacy,HIGH
super 8 video tape,50,high,70,2,vhs_legacy,MEDIUM
super 8 video to digital,50,high,91,2,vhs_legacy,MEDIUM
super 8 video to dvd,50,high,100,2,vhs_legacy,MEDIUM
super 8 video transfer,50,high,100,2,vhs_legacy,MEDIUM
super 8mm conversion to dvd,50,high,100,2,vhs_legacy,MEDIUM
super 8mm digital converter,50,high,100,2,vhs_legacy,HIGH
super 8mm film conversion,50,high,100,2,vhs_legacy,MEDIUM
super 8mm film to digital converter,50,high,86,2,vhs_legacy,HIGH
super 8mm film to digital video converter,50,high,100,2,vhs_legacy,HIGH
super 8mm film to dvd,50,high,100,2,vhs_legacy,MEDIUM
super 8mm to dvd,50,high,100,2,vhs_legacy,MEDIUM
super 8mm to dvd converter,50,high,100,2,vhs_legacy,HIGH
super 8mm transfer,50,high,100,2,vhs_legacy,MEDIUM
super 8mm transfer to digital,50,high,100,2,vhs_legacy,MEDIUM
super dad mug,50,high,100,3,other,MEDIUM
super unique gifts for mom,50,high,90,2,gift_personalized,MEDIUM
super vhs to digital,50,high,100,2,vhs_legacy,MEDIUM
super vhs to dvd,50,high,100,2,vhs_legacy,MEDIUM
surprise for wedding anniversary,50,high,88,2,gift_anniversary,MEDIUM
surprise gift for wedding anniversary,50,high,100,2,gift_anniversary,MEDIUM
swarovski graduation gifts,50,high,100,2,gift_graduation,MEDIUM
switching vhs to dvd,50,high,100,2,vhs_legacy,MEDIUM
sympathy arrangement ideas,50,high,100,3,other,MEDIUM
sympathy basket ideas diy,50,high,95,3,other,LOW
sympathy baskets diy,50,high,71,3,other,LOW
sympathy box ideas,50,high,100,3,other,MEDIUM
sympathy care package diy,50,high,100,3,other,LOW
sympathy coffee gift baskets,50,medium,57,3,gift_other,MEDIUM
sympathy delivery ideas,50,high,100,3,other,MEDIUM
sympathy edible gifts,50,high,100,3,gift_other,MEDIUM
sympathy flower arrangement ideas,50,high,100,3,other,MEDIUM
sympathy flower note ideas,50,high,94,3,other,MEDIUM
sympathy food basket ideas,50,high,100,3,other,MEDIUM
sympathy gift basket for family,50,high,93,2,gift_memorial,MEDIUM
sympathy gift baskets harry and david,50,high,100,2,gift_memorial,MEDIUM
sympathy gift baskets with wine,50,high,100,2,gift_memorial,MEDIUM
sympathy gift box for friend,50,high,100,2,gift_memorial,MEDIUM
sympathy gift box ideas,50,high,100,2,gift_memorial,MEDIUM
sympathy gift card ideas,50,high,100,2,gift_memorial,MEDIUM
sympathy gift for boss,50,high,100,2,gift_memorial,MEDIUM
sympathy gift for boyfriend,50,high,100,2,gift_memorial,MEDIUM
sympathy gift for employee,50,high,100,2,gift_memorial,MEDIUM
sympathy gift for friend who lost father,50,high,100,2,gift_memorial,MEDIUM
sympathy gift for friend who lost mother,50,high,100,2,gift_memorial,MEDIUM
sympathy gift for male,50,high,100,2,gift_memorial,MEDIUM
sympathy gift for male coworker,50,high,96,2,gift_memorial,MEDIUM
sympathy gift for teenager,50,high,100,2,gift_memorial,MEDIUM
sympathy gift ideas for a man,50,high,100,2,gift_memorial,MEDIUM
sympathy gift ideas for coworker,50,high,100,2,gift_memorial,MEDIUM
sympathy gift ideas for loss of brother,50,high,100,2,gift_memorial,MEDIUM
sympathy gift ideas for loss of daughter,50,high,100,2,gift_memorial,MEDIUM
sympathy gift ideas for loss of father,50,high,100,2,gift_memorial,MEDIUM
sympathy gift ideas for loss of grandmother,50,high,100,2,gift_memorial,MEDIUM
sympathy gift ideas for loss of husband,50,high,100,2,gift_memorial,MEDIUM
sympathy gift ideas for loss of pet,50,high,100,2,gift_memorial,MEDIUM
sympathy gift ideas for loss of sister,50,high,100,2,gift_memorial,MEDIUM
sympathy gift ideas for loss of son,50,high,100,2,gift_memorial,MEDIUM
sympathy gift ideas for loss of wife,50,high,90,2,gift_memorial,MEDIUM
sympathy gift ideas other than flowers,50,high,100,2,gift_memorial,MEDIUM
sympathy gift loss of son,50,high,100,2,gift_memorial,MEDIUM
sympathy gifts for family members,50,high,100,2,gift_memorial,MEDIUM
sympathy gifts for her,50,high,100,2,gift_memorial,MEDIUM
sympathy gifts for him,50,high,100,2,gift_memorial,MEDIUM
sympathy gifts for loss of a son,50,high,100,2,gift_memorial,MEDIUM
sympathy gifts for loss of best friend,50,high,100,2,gift_memorial,MEDIUM
sympathy gifts for loss of daughter,50,high,100,2,gift_memorial,MEDIUM
sympathy gifts for loss of family member,50,high,100,2,gift_memorial,MEDIUM
sympathy gifts for loss of friend,50,high,100,2,gift_memorial,MEDIUM
sympathy gifts for loss of grandfather,50,high,100,2,gift_memorial,MEDIUM
sympathy gifts for loss of grandmother,50,high,100,2,gift_memorial,MEDIUM
sympathy gifts for loss of husband and father,50,high,100,2,gift_memorial,MEDIUM
sympathy gifts for loss of loved one,50,high,100,2,gift_memorial,MEDIUM
sympathy gifts for loss of sibling,50,high,100,2,gift_memorial,MEDIUM
sympathy gifts for loss of wife,50,high,100,2,gift_memorial,MEDIUM
sympathy gifts for teenager,50,high,100,2,gift_memorial,MEDIUM
sympathy gifts for women,50,high,100,2,gift_memorial,MEDIUM
sympathy gifts ideas for friends,50,high,100,2,gift_memorial,MEDIUM
sympathy gifts loss of grandmother,50,high,100,2,gift_memorial,MEDIUM
sympathy gifts online,50,high,100,2,gift_memorial,LOW
sympathy gifts to send instead of flowers,50,high,100,2,gift_memorial,MEDIUM
sympathy gifts under $30,50,high,100,2,gift_memorial,MEDIUM
sympathy ideas,50,high,100,3,other,MEDIUM
sympathy ideas for loss of father,50,high,100,2,gift_memorial,MEDIUM
sympathy ideas for loss of mother,50,high,90,2,gift_memorial,MEDIUM
sympathy ideas instead of flowers,50,high,100,3,other,MEDIUM
sympathy ideas other than flowers,50,high,100,3,other,MEDIUM
sympathy jewelry for loss of mother,50,high,100,2,gift_memorial,MEDIUM
sympathy keepsake ideas,50,high,100,3,other,MEDIUM
sympathy package ideas,50,high,100,3,other,MEDIUM
sympathy photo gifts,50,high,100,2,gift_personalized,MEDIUM
sympathy plant ideas,50,high,100,3,other,MEDIUM
sympathy presents for her,50,high,100,3,gift_other,MEDIUM
sympathy thank you ideas,50,high,100,3,other,MEDIUM
sympathy wind chimes for loss of father,50,high,100,2,gift_memorial,MEDIUM
take vhs to dvd,50,high,97,2,vhs_legacy,MEDIUM
tape conversion near me,50,high,93,3,other,HIGH
tape conversion to digital near me,50,high,83,3,other,HIGH
tape digitizing service near me,50,high,89,3,other,HIGH
tape to digital service near me,50,medium,61,3,other,HIGH
tape to disc conversion near me,50,high,100,3,other,HIGH
tape to dvd conversion,50,high,100,3,other,MEDIUM
tape to dvd conversion near me,50,high,86,3,other,HIGH
tape to dvd conversion service,50,high,100,3,other,HIGH
tape to dvd near me,50,high,93,3,other,HIGH
tape to dvd service near me,50,high,100,3,other,HIGH
tape to dvd transfer near me,50,high,67,3,other,HIGH
tape to dvd transfer service,50,high,86,3,other,HIGH
tape to usb transfer service,50,high,100,3,other,HIGH
tape transfer to digital near me,50,high,100,3,other,HIGH
tapes into dvd,50,high,100,3,other,MEDIUM
tapes to digital near me,50,high,100,3,other,HIGH
tapes to dvd service,50,high,95,3,other,HIGH
tapestodigital,50,high,78,3,other,MEDIUM
tea mug with photo,50,high,100,3,other,MEDIUM
teacher graduation gift basket,50,high,83,2,gift_graduation,MEDIUM
teacher graduation gift ideas,50,high,100,2,gift_graduation,MEDIUM
teacher graduation gifts for her,50,high,100,2,gift_graduation,MEDIUM
teacher graduation gifts for him,50,high,100,2,gift_graduation,MEDIUM
teacher graduation ideas,50,high,100,3,other,MEDIUM
teacher retirement gifts from coworkers,50,high,100,2,gift_retirement,MEDIUM
tech graduation gifts,50,high,100,2,gift_graduation,MEDIUM
teddy bear for loss of loved one,50,high,100,2,gift_memorial,MEDIUM
thank you for retirement gift from coworkers,50,low,13,2,gift_retirement,MEDIUM
thank you gift ideas for graduation party,50,high,100,3,gift_other,MEDIUM
thank you gifts for graduation party,50,high,100,3,gift_other,MEDIUM
thank you to coworkers for retirement gift,50,high,87,2,gift_retirement,MEDIUM
the anniversary gift,50,medium,61,2,gift_anniversary,MEDIUM
the best app for photo video maker,50,high,71,3,other,LOW
the best app to make video from pictures,50,high,90,3,other,LOW
the best graduation gifts for her,50,high,100,2,gift_graduation,MEDIUM
the best photo and video editing app,50,high,97,3,other,MEDIUM
the best photo and video editing software,50,high,100,3,other,LOW
the best photo video editing app,50,high,100,3,other,MEDIUM
the best photo video maker app,50,high,86,3,tools_comparison,MEDIUM
the best slideshow maker with music,50,high,89,1,direct_service,MEDIUM
the best sympathy gifts,50,high,100,2,gift_memorial,MEDIUM
the best vhs to digital converter,50,high,100,2,vhs_legacy,HIGH
the best vhs to dvd converter,50,high,94,2,vhs_legacy,HIGH
the best video and photo editing app,50,high,100,3,other,MEDIUM
the best way to convert vhs to digital,50,high,92,2,vhs_legacy,MEDIUM
thermal picture mug,50,high,100,3,other,MEDIUM
things remembered graduation gifts for her,50,high,100,2,gift_graduation,MEDIUM
things remembered graduation gifts for him,50,high,100,2,gift_graduation,MEDIUM
things remembered memorial gifts,50,high,100,2,gift_memorial,MEDIUM
things remembered snow globe with picture,50,high,100,3,other,MEDIUM
things to get for graduation,50,medium,53,3,other,MEDIUM
third wedding anniversary gift ideas,50,high,100,2,gift_anniversary,MEDIUM
thirteenth anniversary gift,50,high,90,2,gift_anniversary,MEDIUM
thoughtful 1 year anniversary gifts for her,50,high,100,2,gift_anniversary,MEDIUM
thoughtful bereavement gifts,50,high,100,2,gift_memorial,MEDIUM
thoughtful condolence gifts,50,high,100,2,gift_memorial,MEDIUM
thoughtful funeral gifts,50,high,100,3,gift_other,MEDIUM
thoughtful gift for someone who lost a parent,50,high,100,3,gift_other,MEDIUM
thoughtful gift for someone who lost a pet,50,high,100,3,gift_other,MEDIUM
thoughtful gifts after a death,50,high,100,3,gift_other,MEDIUM
thoughtful gifts for a death in the family,50,high,100,3,gift_other,MEDIUM
thoughtful gifts for a grieving friend,50,high,100,3,gift_other,MEDIUM
thoughtful gifts for bereavement,50,high,100,3,gift_other,MEDIUM
thoughtful gifts for condolences,50,high,100,3,gift_other,MEDIUM
thoughtful gifts for death in family,50,high,100,3,gift_other,MEDIUM
thoughtful gifts for family of deceased,50,high,100,3,gift_other,MEDIUM
thoughtful gifts for funeral,50,high,100,3,gift_other,MEDIUM
thoughtful gifts for grieving,50,high,100,3,gift_other,MEDIUM
thoughtful gifts for grieving friend,50,high,100,3,gift_other,MEDIUM
thoughtful gifts for grieving friends,50,high,100,3,gift_other,MEDIUM
thoughtful gifts for grieving parents,50,high,100,3,gift_other,MEDIUM
thoughtful gifts for loss of loved one,50,high,100,2,gift_memorial,MEDIUM
thoughtful gifts for pet loss,50,high,100,3,gift_other,MEDIUM
thoughtful gifts for someone grieving,50,high,100,3,gift_other,MEDIUM
thoughtful gifts for someone who has lost a loved one,50,high,100,3,gift_other,MEDIUM
thoughtful gifts for someone who lost a loved one,50,high,100,3,gift_other,MEDIUM
thoughtful gifts for someone who lost their dad,50,high,100,3,gift_other,MEDIUM
thoughtful gifts for someone who lost their mom,50,high,100,3,gift_other,MEDIUM
thoughtful gifts of sympathy,50,high,100,3,gift_other,MEDIUM
thoughtful gifts when someone dies,50,high,100,3,gift_other,MEDIUM
thoughtful gifts when someone passes away,50,high,100,3,gift_other,MEDIUM
thoughtful graduation gifts for her,50,high,100,2,gift_graduation,MEDIUM
thoughtful graduation gifts for him,50,high,100,2,gift_graduation,MEDIUM
thoughtful memorial gift ideas,50,high,100,2,gift_memorial,MEDIUM
thoughtful memorial gifts,50,high,98,2,gift_memorial,MEDIUM
thoughtful memory gifts,50,high,100,3,gift_other,MEDIUM
thoughtful remembrance gifts,50,high,100,2,gift_memorial,MEDIUM
thoughtful retirement gifts for coworkers,50,high,100,2,gift_retirement,MEDIUM
thoughtful sympathy gift ideas,50,high,100,2,gift_memorial,MEDIUM
three year anniversary gift traditional,50,high,100,2,gift_anniversary,MEDIUM
thug life video editor,50,low,0,3,tools_comparison,MEDIUM
thug life video maker,50,low,5,3,other,MEDIUM
timeless graduation gifts,50,high,100,2,gift_graduation,MEDIUM
tin anniversary gifts for husband,50,high,100,2,gift_anniversary,MEDIUM
tin anniversary ideas,50,high,100,3,other,MEDIUM
tin gifts for 10th wedding anniversary,50,high,100,2,gift_anniversary,MEDIUM
tin wedding anniversary gifts for him,50,high,100,2,gift_anniversary,MEDIUM
tin wedding gifts,50,high,100,3,gift_other,MEDIUM
to make a video with pictures and music,50,medium,60,3,other,MEDIUM
too many photos on my phone,50,high,86,2,photo_organization,MEDIUM
too many photos on phone,50,low,2,2,photo_organization,MEDIUM
too many pictures on my phone,50,low,29,3,other,MEDIUM
top 10 graduation gifts,50,high,100,2,gift_graduation,MEDIUM
top 10 photo and video editing apps,50,high,82,3,other,MEDIUM
top 10 wedding anniversary gifts for husband,50,high,100,2,gift_anniversary,MEDIUM
top graduation gifts for her,50,high,100,2,gift_graduation,MEDIUM
top photo and video editing app,50,high,100,3,other,MEDIUM
top photo and video editing software,50,high,100,3,other,LOW
top photo video editing app,50,high,100,3,other,MEDIUM
top rated vhs to digital converter,50,high,96,2,vhs_legacy,HIGH
top sympathy gifts,50,high,100,2,gift_memorial,MEDIUM
top vhs to digital converter,50,high,100,2,vhs_legacy,HIGH
traditional 10 year anniversary gift for husband,50,high,100,2,gift_anniversary,MEDIUM
traditional 10 year anniversary gift for wife,50,high,100,2,gift_anniversary,MEDIUM
traditional 20th anniversary gift for husband,50,high,89,2,gift_anniversary,MEDIUM
traditional 3 year anniversary gift for him,50,high,100,2,gift_anniversary,MEDIUM
traditional 4 year anniversary gift for him,50,high,100,2,gift_anniversary,MEDIUM
traditional 40th anniversary gift for parents,50,medium,50,2,gift_anniversary,MEDIUM
traditional 4th anniversary gift for him,50,high,100,2,gift_anniversary,MEDIUM
traditional 5 year anniversary gift for him,50,high,96,2,gift_anniversary,MEDIUM
traditional 50th anniversary gifts for parents,50,low,0,2,gift_anniversary,MEDIUM
traditional 50th wedding anniversary gifts for parents,50,high,100,2,gift_anniversary,MEDIUM
traditional and modern 8th wedding anniversary gifts,50,high,100,2,gift_anniversary,MEDIUM
traditional fifth anniversary gift,50,high,97,2,gift_anniversary,MEDIUM
traditional graduation gifts masters degree,50,high,100,2,gift_graduation,MEDIUM
traditional phd graduation gifts,50,high,100,2,gift_graduation,MEDIUM
traditional ruby wedding gifts,50,low,0,3,gift_other,MEDIUM
traditional sixth wedding anniversary gift,50,high,100,2,gift_anniversary,MEDIUM
transfer 8 mm film to dvd,50,high,100,3,other,MEDIUM
transfer 8mm film to cd,50,high,100,2,vhs_legacy,MEDIUM
transfer 8mm film to computer,50,high,100,2,vhs_legacy,MEDIUM
transfer 8mm film to digital near me,50,high,91,2,vhs_legacy,HIGH
transfer 8mm film to disc,50,high,100,2,vhs_legacy,MEDIUM
transfer 8mm film to dvd,50,high,100,2,vhs_legacy,MEDIUM
transfer 8mm film to dvd at home,50,high,100,2,vhs_legacy,MEDIUM
transfer 8mm film to usb,50,high,100,2,vhs_legacy,MEDIUM
transfer 8mm reels to dvd,50,high,100,3,other,MEDIUM
transfer 8mm tape to computer,50,high,100,3,other,MEDIUM
transfer 8mm tapes to digital,50,high,100,3,other,MEDIUM
transfer 8mm to cd,50,high,100,3,other,MEDIUM
transfer 8mm to computer,50,high,100,3,other,MEDIUM
transfer 8mm to digital at home,50,high,100,3,other,MEDIUM
transfer 8mm to digital costco,50,high,95,3,other,HIGH
transfer 8mm to digital near me,50,high,100,3,other,HIGH
transfer 8mm to disc,50,high,100,3,other,MEDIUM
transfer 8mm to dvd near me,50,high,89,3,other,HIGH
transfer 8mm to dvd walmart,50,high,100,3,other,MEDIUM
transfer 8mm to usb,50,high,100,3,other,MEDIUM
transfer 8mm video cassette to digital,50,high,100,3,other,MEDIUM
transfer 8mm video to computer,50,high,100,3,other,MEDIUM
transfer a vhs tape to dvd,50,high,100,2,vhs_legacy,MEDIUM
transfer analog video to digital,50,high,69,3,other,MEDIUM
transfer beta to digital,50,high,100,3,other,MEDIUM
transfer camcorder tapes to dvd near me,50,high,99,2,vhs_legacy,HIGH
transfer cassette to dvd,50,high,79,3,other,MEDIUM
transfer digital to vhs,50,high,86,3,other,MEDIUM
transfer dvd to vhs,50,low,31,3,other,MEDIUM
transfer film reels to dvd,50,high,100,3,other,MEDIUM
transfer from vhs to dvd near me,50,high,81,2,vhs_legacy,HIGH
transfer from vhs to usb,50,high,100,3,other,MEDIUM
transfer home movies to dvd,50,high,99,2,vhs_legacy,MEDIUM
transfer home vhs to dvd,50,high,100,2,vhs_legacy,MEDIUM
transfer home videos to digital,50,high,100,3,other,MEDIUM
transfer home videos to dvd,50,high,100,3,other,MEDIUM
transfer mini vhs to digital,50,high,100,2,vhs_legacy,MEDIUM
transfer mini vhs to dvd,50,high,100,2,vhs_legacy,MEDIUM
transfer movie reels to dvd,50,high,100,3,other,MEDIUM
transfer movies from vhs to dvd,50,high,86,2,vhs_legacy,MEDIUM
transfer of vhs to digital,50,high,100,2,vhs_legacy,MEDIUM
transfer old 8mm film to digital,50,high,99,2,vhs_legacy,MEDIUM
transfer old camcorder tapes to dvd,50,high,86,2,vhs_legacy,HIGH
transfer old film to digital,50,high,100,2,vhs_legacy,MEDIUM
transfer old films to dvd,50,high,100,3,other,MEDIUM
transfer old home movies to digital,50,high,99,2,vhs_legacy,MEDIUM
transfer old home videos to digital,50,high,100,3,other,MEDIUM
transfer old movie reels to dvd,50,high,98,3,other,MEDIUM
transfer old movies to digital,50,high,100,2,vhs_legacy,MEDIUM
transfer old movies to dvd,50,high,100,3,other,MEDIUM
transfer old tapes to digital,50,high,95,2,vhs_legacy,MEDIUM
transfer old vhs to digital,50,high,100,2,vhs_legacy,MEDIUM
transfer old video tapes to digital,50,high,95,2,vhs_legacy,MEDIUM
transfer old video tapes to usb,50,high,100,2,vhs_legacy,MEDIUM
transfer old videos to digital,50,high,100,2,vhs_legacy,MEDIUM
transfer old videos to digital near me,50,high,100,2,vhs_legacy,HIGH
transfer reel to reel to dvd,50,high,90,3,other,MEDIUM
transfer small video tapes to dvd,50,medium,45,2,vhs_legacy,MEDIUM
transfer super 8 film to dvd near me,50,medium,34,2,vhs_legacy,HIGH
transfer super 8 to digital near me,50,high,98,2,vhs_legacy,HIGH
transfer super 8 to dvd near me,50,high,71,2,vhs_legacy,HIGH
transfer super 8mm film to dvd,50,high,100,2,vhs_legacy,MEDIUM
transfer super 8mm to digital,50,high,100,2,vhs_legacy,MEDIUM
transfer super 8mm to dvd,50,high,100,2,vhs_legacy,MEDIUM
transfer tapes to digital near me,50,high,100,3,other,HIGH
transfer tapes to dvd near me,50,high,86,3,other,HIGH
transfer to vhs,50,low,0,3,other,MEDIUM
transfer vcr tape to cd,50,medium,54,2,vhs_legacy,MEDIUM
transfer vcr tapes,50,high,100,2,vhs_legacy,MEDIUM
transfer vcr tapes to dvd,50,high,100,2,vhs_legacy,MEDIUM
transfer vcr to cd,50,high,100,3,other,MEDIUM
transfer vcr to digital near me,50,high,92,2,vhs_legacy,HIGH
transfer vcr to dvd near me,50,high,97,3,other,HIGH
transfer vcr to flash drive,50,high,100,3,other,MEDIUM
transfer vhs c to computer,50,high,97,2,vhs_legacy,MEDIUM
transfer vhs c to digital,50,high,100,2,vhs_legacy,MEDIUM
transfer vhs c to dvd,50,high,100,2,vhs_legacy,MEDIUM
transfer vhs home movies to dvd,50,high,100,2,vhs_legacy,MEDIUM
transfer vhs tape to cd,50,high,100,2,vhs_legacy,MEDIUM
transfer vhs tapes to digital near me,50,high,100,2,vhs_legacy,HIGH
transfer vhs tapes to dvd near me,50,high,90,2,vhs_legacy,HIGH
transfer vhs tapes to flash drive,50,high,99,2,vhs_legacy,MEDIUM
transfer vhs tapes to thumb drive,50,high,100,2,vhs_legacy,MEDIUM
transfer vhs tapes to your computer,50,high,100,2,vhs_legacy,MEDIUM
transfer vhs to,50,high,100,2,vhs_legacy,MEDIUM
transfer vhs to blu ray,50,high,84,2,vhs_legacy,MEDIUM
transfer vhs to cd dvd,50,high,100,2,vhs_legacy,MEDIUM
transfer vhs to cd near me,50,high,100,2,vhs_legacy,HIGH
transfer vhs to digital at home,50,high,100,2,vhs_legacy,MEDIUM
transfer vhs to digital costco,50,high,100,2,vhs_legacy,HIGH
transfer vhs to digital file,50,high,100,2,vhs_legacy,MEDIUM
transfer vhs to digital format,50,high,92,2,vhs_legacy,MEDIUM
transfer vhs to digital service near me,50,medium,61,2,vhs_legacy,HIGH
transfer vhs to digital walmart,50,high,98,2,vhs_legacy,MEDIUM
transfer vhs to disc,50,high,100,2,vhs_legacy,MEDIUM
transfer vhs to disc near me,50,high,100,2,vhs_legacy,HIGH
transfer vhs to disk,50,high,100,2,vhs_legacy,MEDIUM
transfer vhs to dvd player,50,high,100,2,vhs_legacy,MEDIUM
transfer vhs to dvd recorder,50,high,100,2,vhs_legacy,HIGH
transfer vhs to dvd walgreens,50,high,81,2,vhs_legacy,MEDIUM
transfer vhs to external hard drive,50,high,100,2,vhs_legacy,MEDIUM
transfer vhs to flash drive,50,high,100,2,vhs_legacy,MEDIUM
transfer vhs to flash drive near me,50,high,83,2,vhs_legacy,HIGH
transfer vhs to hard drive,50,high,100,2,vhs_legacy,MEDIUM
transfer vhs to memory stick,50,high,100,2,vhs_legacy,MEDIUM
transfer vhs to thumb drive,50,high,100,2,vhs_legacy,MEDIUM
transfer vhs to thumb drive near me,50,high,100,2,vhs_legacy,HIGH
transfer vhs to usb near me,50,high,76,2,vhs_legacy,HIGH
transfer vhs to usb stick,50,high,96,2,vhs_legacy,MEDIUM
transfer vhs video to usb stick,50,high,77,2,vhs_legacy,MEDIUM
transfer video 8 to digital,50,high,100,3,other,MEDIUM
transfer video camera tapes to digital,50,high,100,3,other,MEDIUM
transfer video cassette to cd service near me,50,high,100,3,other,HIGH
transfer video cassette to computer,50,high,100,3,other,MEDIUM
transfer video cassette to digital,50,high,100,3,other,MEDIUM
transfer video from cassette to computer,50,high,100,3,other,MEDIUM
transfer video from tape to digital,50,high,100,3,other,MEDIUM
transfer video from vcr to computer,50,high,100,3,other,MEDIUM
transfer video from vhs to computer,50,high,100,3,other,MEDIUM
transfer video from vhs to digital,50,high,100,2,vhs_legacy,MEDIUM
transfer video tape to cd,50,high,100,2,vhs_legacy,MEDIUM
transfer video tape to computer,50,high,100,2,vhs_legacy,MEDIUM
transfer video tape to memory stick,50,high,98,2,vhs_legacy,MEDIUM
transfer video tapes to digital near me,50,high,100,2,vhs_legacy,HIGH
transfer video tapes to dvd costco,50,high,100,2,vhs_legacy,HIGH
transfer video tapes to dvd near me,50,high,97,2,vhs_legacy,HIGH
transfer video tapes to usb,50,high,100,2,vhs_legacy,MEDIUM
transfer video to digital near me,50,high,100,3,other,HIGH
transfer your vhs tapes to dvd,50,high,100,2,vhs_legacy,MEDIUM
transferring old home movies to digital media,50,high,100,2,vhs_legacy,MEDIUM
transferring vhs c tapes to dvd,50,high,100,3,other,MEDIUM
transferring vhs tapes to dvd discs,50,high,100,2,vhs_legacy,MEDIUM
transferring video camera tapes to dvd,50,high,86,3,other,MEDIUM
trending graduation gifts,50,high,100,2,gift_graduation,MEDIUM
trendy graduation gifts,50,high,100,2,gift_graduation,MEDIUM
turn 8mm film into digital,50,high,100,2,vhs_legacy,MEDIUM
turn 8mm film into dvd,50,high,99,2,vhs_legacy,MEDIUM
turn camcorder tapes into dvds,50,low,10,2,vhs_legacy,HIGH
turn cassettes into dvds,50,high,79,3,other,MEDIUM
turn home movies into dvd,50,high,69,2,vhs_legacy,MEDIUM
turn my vhs tapes into dvds,50,high,100,2,vhs_legacy,MEDIUM
turn old film into digital,50,high,100,3,other,MEDIUM
turn old home movies into dvd,50,high,100,2,vhs_legacy,MEDIUM
turn old movies into dvd,50,high,96,3,other,MEDIUM
turn old tapes into dvds,50,high,99,2,vhs_legacy,MEDIUM
turn old vhs into digital,50,high,100,3,other,MEDIUM
turn old vhs tapes into dvds,50,low,0,2,vhs_legacy,MEDIUM
turn old video tapes into dvds,50,high,100,2,vhs_legacy,MEDIUM
turn photos into slideshow with music,50,high,86,1,direct_service,MEDIUM
turn photos into video with music,50,high,93,3,other,MEDIUM
turn pictures into slideshow video,50,high,86,3,other,MEDIUM
turn pictures into slideshow with music,50,high,71,1,direct_service,MEDIUM
turn pictures into video slideshow,50,high,89,3,other,MEDIUM
turn pictures into video with music,50,high,93,3,other,MEDIUM
turn tapes into digital,50,high,100,3,other,MEDIUM
turn tapes into dvd,50,high,97,3,other,MEDIUM
turn tapes into dvd near me,50,high,86,3,other,HIGH
turn vcr into digital,50,high,100,3,other,MEDIUM
turn vcr into dvd,50,high,94,3,other,MEDIUM
turn vcr tapes into dvds,50,high,100,2,vhs_legacy,MEDIUM
turn vcr tapes to dvd,50,high,100,2,vhs_legacy,MEDIUM
turn vcr to dvd,50,high,100,3,other,MEDIUM
turn vhs into digital file,50,high,100,3,other,MEDIUM
turn vhs into digital near me,50,high,99,3,other,HIGH
turn vhs into dvd near me,50,high,95,3,other,HIGH
turn vhs into dvd walgreens,50,high,82,3,other,MEDIUM
turn vhs into usb,50,high,97,3,other,MEDIUM
turn vhs tapes into dvds,50,high,94,2,vhs_legacy,MEDIUM
turn vhs tapes to digital,50,high,100,2,vhs_legacy,MEDIUM
turn vhs to dvd near me,50,high,76,2,vhs_legacy,HIGH
turn video camera tapes into dvds,50,high,100,3,other,MEDIUM
turn video cassette into dvd,50,high,97,3,other,MEDIUM
turn video cassette tapes into digital,50,high,100,3,other,MEDIUM
turn video tapes into digital files,50,high,100,2,vhs_legacy,MEDIUM
turn video tapes into dvds,50,high,97,2,vhs_legacy,MEDIUM
turn videos into dvds,50,high,88,3,other,MEDIUM
turn your old video tapes into digital files,50,high,100,2,vhs_legacy,MEDIUM
turn your vhs into digital,50,high,100,3,other,MEDIUM
turn your vhs tapes into dvds,50,high,88,2,vhs_legacy,MEDIUM
turning 8mm film into dvd,50,high,99,2,vhs_legacy,MEDIUM
turning 8mm tapes into dvd,50,high,100,3,other,MEDIUM
turning home videos into dvds,50,high,99,3,other,MEDIUM
turning old home videos into dvds,50,high,100,3,other,MEDIUM
turning pictures into a video slideshow,50,high,100,3,other,MEDIUM
turning vhs into digital media,50,high,100,3,other,MEDIUM
turning vhs into dvd near me,50,high,95,3,other,HIGH
twenty fifth anniversary gift,50,high,100,2,gift_anniversary,MEDIUM
twenty five year anniversary gift,50,high,100,2,gift_anniversary,MEDIUM
typical graduation gifts,50,high,77,2,gift_graduation,MEDIUM
typical graduation gifts from parents,50,high,92,2,gift_graduation,MEDIUM
uncommon gifts for mom,50,high,100,3,gift_other,MEDIUM
uncommon goods for mom,50,high,100,3,other,MEDIUM
uncommon goods gifts for mom,50,high,100,3,gift_other,MEDIUM
uncommon goods mom,50,high,100,3,other,MEDIUM
uncommon mother's day gifts,50,medium,43,2,gift_mothers,MEDIUM
unconventional gifts for mom,50,high,100,3,gift_other,MEDIUM
unique 1 year anniversary gifts,50,high,100,2,gift_anniversary,MEDIUM
unique 10 year anniversary gifts,50,high,100,2,gift_anniversary,MEDIUM
unique 10th anniversary gifts,50,medium,50,2,gift_anniversary,MEDIUM
unique 15 year anniversary gifts,50,high,100,2,gift_anniversary,MEDIUM
unique 1st anniversary gifts,50,high,100,2,gift_anniversary,MEDIUM
unique 20th anniversary gifts,50,high,100,2,gift_anniversary,MEDIUM
unique 25th anniversary gift ideas for him,50,high,100,2,gift_anniversary,MEDIUM
unique 2nd anniversary gifts,50,high,100,2,gift_anniversary,MEDIUM
unique 30th anniversary gifts,50,high,100,2,gift_anniversary,MEDIUM
unique 3rd wedding anniversary gifts,50,low,21,2,gift_anniversary,MEDIUM
unique 4th anniversary gift ideas,50,high,100,2,gift_anniversary,MEDIUM
unique 4th anniversary gift ideas for him,50,high,100,2,gift_anniversary,MEDIUM
unique 5 year anniversary gifts,50,high,67,2,gift_anniversary,MEDIUM
unique 50th anniversary gifts for friends,50,high,100,2,gift_anniversary,MEDIUM
unique 50th wedding anniversary gift ideas,50,high,100,2,gift_anniversary,MEDIUM
unique 7 year anniversary gifts for her,50,high,100,2,gift_anniversary,MEDIUM
unique 8th anniversary gifts for him,50,low,20,2,gift_anniversary,MEDIUM
unique anniversary gifts by year,50,high,100,2,gift_anniversary,MEDIUM
unique birthday ideas for mom,50,high,87,3,other,MEDIUM
unique condolence gift ideas,50,high,100,2,gift_memorial,MEDIUM
unique cotton anniversary gifts for him,50,high,100,2,gift_anniversary,MEDIUM
unique diy memorial gifts,50,high,100,2,gift_memorial,LOW
unique dog memorial gifts,50,high,100,2,gift_memorial,MEDIUM
unique first anniversary gifts for him,50,high,100,2,gift_anniversary,MEDIUM
unique funeral gift ideas,50,high,100,3,gift_other,MEDIUM
unique gift baskets for mom,50,high,100,2,gift_personalized,MEDIUM
unique gift ideas for mother in law,50,high,100,2,gift_personalized,MEDIUM
unique gift ideas for mum,50,high,74,2,gift_personalized,MEDIUM
unique gifts for death in family,50,high,100,2,gift_personalized,MEDIUM
unique gifts for grieving families,50,high,100,2,gift_personalized,MEDIUM
unique gifts for mom amazon,50,high,94,2,gift_personalized,MEDIUM
unique gifts for mom etsy,50,high,100,2,gift_personalized,MEDIUM
unique gifts for mom from son,50,high,100,2,gift_personalized,MEDIUM
unique gifts for mom on amazon,50,high,100,2,gift_personalized,MEDIUM
unique gifts for mom who has everything,50,high,100,2,gift_personalized,MEDIUM
unique gifts for mothers birthday,50,high,100,2,gift_personalized,MEDIUM
unique gifts for mums,50,high,100,2,gift_personalized,MEDIUM
unique gifts for someone who lost a loved one,50,high,100,2,gift_personalized,MEDIUM
unique gifts for stepmom,50,high,100,2,gift_personalized,MEDIUM
unique gifts for the mother to be,50,high,100,2,gift_personalized,MEDIUM
unique gifts for your daughter,50,high,100,2,gift_personalized,MEDIUM
unique gifts for your mom,50,high,100,2,gift_personalized,MEDIUM
unique gifts to send for sympathy,50,high,100,2,gift_personalized,MEDIUM
unique grad gifts for guys,50,high,100,2,gift_graduation,MEDIUM
unique graduation favors,50,high,100,3,other,MEDIUM
unique graduation gift ideas,50,high,100,2,gift_graduation,MEDIUM
unique graduation gifts for guys,50,high,100,2,gift_graduation,MEDIUM
unique graduation gifts for son,50,high,100,2,gift_graduation,MEDIUM
unique graduation ideas,50,high,100,3,other,MEDIUM
unique graduation party favors,50,high,100,3,other_graduation,MEDIUM
unique grief gifts,50,high,100,2,gift_memorial,MEDIUM
unique homemade mother's day gifts,50,low,19,2,gift_mothers,MEDIUM
unique ideas for mom,50,high,96,3,other,MEDIUM
unique in memory gifts,50,high,100,3,gift_other,MEDIUM
unique masters graduation gifts,50,high,100,2,gift_graduation,MEDIUM
unique memorial gifts for loss of son,50,high,100,2,gift_memorial,MEDIUM
unique mom mugs,50,high,100,3,other,MEDIUM
unique mother,50,low,15,3,other,MEDIUM
unique mother's day baskets,50,medium,50,2,gift_mothers,MEDIUM
unique mother's day gifts for daughter in law,50,low,0,2,gift_mothers,MEDIUM
unique mother's day gifts from daughter,50,medium,57,2,gift_mothers,MEDIUM
unique mothers day,50,medium,57,2,gift_mothers,MEDIUM
unique mothers day gifts homemade,50,low,0,2,gift_mothers,MEDIUM
unique mum gifts,50,high,100,2,gift_mothers,MEDIUM
unique one year anniversary gifts,50,high,100,2,gift_anniversary,MEDIUM
unique paper anniversary gifts,50,high,100,2,gift_anniversary,MEDIUM
unique photo gifts for dad,50,high,100,2,gift_personalized,MEDIUM
unique present for mum,50,high,100,3,gift_other,MEDIUM
unique sentimental gifts for mom,50,high,100,3,gift_other,MEDIUM
unique sympathy gift ideas,50,high,100,2,gift_memorial,MEDIUM
unique sympathy gifts for loss of father,50,high,100,2,gift_memorial,MEDIUM
unique sympathy gifts for loss of husband,50,high,100,2,gift_memorial,MEDIUM
unique sympathy gifts for loss of mother,50,high,100,2,gift_memorial,MEDIUM
unique valentines gifts for mom,50,high,100,3,gift_other,MEDIUM
university grad gift ideas for her,50,high,100,2,gift_graduation,MEDIUM
university graduation gift ideas for daughter,50,high,100,2,gift_graduation,MEDIUM
university graduation gift ideas for friends,50,high,100,2,gift_graduation,MEDIUM
university graduation gift ideas for her,50,high,100,2,gift_graduation,MEDIUM
university graduation gift ideas for son,50,high,100,2,gift_graduation,MEDIUM
university graduation gifts for boyfriend,50,high,97,2,gift_graduation,MEDIUM
university graduation gifts for daughter,50,high,100,2,gift_graduation,MEDIUM
university graduation ideas,50,high,100,3,other,MEDIUM
unusual 50th wedding anniversary gift ideas,50,high,100,2,gift_anniversary,MEDIUM
unusual birthday gifts for mom,50,high,100,2,gift_birthday,MEDIUM
unusual first wedding anniversary gifts for him,50,high,100,2,gift_anniversary,MEDIUM
unusual gifts for mom,50,high,100,3,gift_other,MEDIUM
unusual gifts for mothers,50,high,100,3,gift_other,MEDIUM
unusual gifts for mums birthday,50,high,100,3,gift_other,MEDIUM
unusual mom gifts,50,high,100,2,gift_mothers,MEDIUM
unusual paper anniversary gifts for her,50,high,100,2,gift_anniversary,MEDIUM
unusual silver wedding anniversary gifts,50,high,100,2,gift_anniversary,MEDIUM
unusual silver wedding anniversary gifts for husband,50,high,100,2,gift_anniversary,MEDIUM
upload vhs to computer,50,high,95,3,other,MEDIUM
usb vhs capture,50,high,77,3,other,MEDIUM
usb vhs to dvd converter,50,low,0,2,vhs_legacy,HIGH
usb video cassette converter,50,medium,48,3,other,HIGH
useful gifts for phd students,50,high,100,3,gift_other,MEDIUM
useful graduation gift ideas,50,high,100,2,gift_graduation,MEDIUM
useful graduation gifts for her,50,high,100,2,gift_graduation,MEDIUM
valedictorian gifts,50,high,100,3,gift_other,MEDIUM
vcr analog to digital converter,50,high,100,3,other,HIGH
vcr cassette converter,50,high,98,3,other,HIGH
vcr cassette to cd converter,50,high,100,3,other,HIGH
vcr cassette to usb,50,high,79,3,other,MEDIUM
vcr conversion near me,50,high,93,3,other,HIGH
vcr convert to digital near me,50,high,73,3,other,HIGH
vcr converter near me,50,high,92,3,other,HIGH
vcr converter to usb,50,high,92,3,other,HIGH
vcr digital,50,high,76,3,other,MEDIUM
vcr into dvd,50,medium,47,3,other,MEDIUM
vcr movies to dvd,50,low,0,3,other,MEDIUM
vcr player convert to dvd,50,high,90,3,other,MEDIUM
vcr player converter,50,high,100,3,other,HIGH
vcr player to dvd converter,50,high,100,3,other,HIGH
vcr tape conversion service,50,high,100,2,vhs_legacy,HIGH
vcr tape to cd converter,50,high,100,2,vhs_legacy,HIGH
vcr tape to digital service,50,high,84,2,vhs_legacy,HIGH
vcr tape to thumb drive,50,high,90,2,vhs_legacy,MEDIUM
vcr tape to usb,50,high,100,2,vhs_legacy,MEDIUM
vcr tapes to dvd near me,50,high,100,2,vhs_legacy,HIGH
vcr tapes to dvd service walmart,50,high,100,2,vhs_legacy,HIGH
vcr to blu ray converter,50,high,84,3,other,HIGH
vcr to cd converter near me,50,high,68,3,other,HIGH
vcr to digital conversion near me,50,high,96,2,vhs_legacy,HIGH
vcr to digital file,50,high,100,2,vhs_legacy,MEDIUM
vcr to digital recorder,50,high,100,2,vhs_legacy,HIGH
vcr to digital service,50,high,100,2,vhs_legacy,HIGH
vcr to digital service near me,50,high,85,2,vhs_legacy,HIGH
vcr to dvd conversion service,50,low,0,3,other,HIGH
vcr to dvd conversion service near me,50,high,71,3,other,HIGH
vcr to dvd conversion shop near me,50,high,100,3,other,HIGH
vcr to dvd converter near me,50,high,73,3,other,HIGH
vcr to dvd converter price,50,high,100,3,other,HIGH
vcr to dvd converter shop,50,high,85,3,other,HIGH
vcr to dvd converter shop near me,50,high,96,3,other,HIGH
vcr to dvd copier,50,high,92,3,other,MEDIUM
vcr to dvd near me,50,high,92,3,other,HIGH
vcr to dvd player converter,50,high,100,3,other,HIGH
vcr to dvd service,50,high,81,3,other,HIGH
vcr to dvd service near me,50,medium,55,3,other,HIGH
vcr to dvd transfer,50,high,100,3,other,MEDIUM
vcr to dvd transfer near me,50,high,80,3,other,HIGH
vcr to dvd transfer service,50,high,100,3,other,HIGH
vcr to memory stick,50,high,100,3,other,MEDIUM
vcr to mp4,50,high,86,3,other,MEDIUM
vcr to mp4 converter,50,high,100,3,other,HIGH
vcr to usb converter,50,high,100,3,other,HIGH
vcr to usb converter near me,50,low,14,3,other,HIGH
vcr to usb converter shop,50,high,99,3,other,HIGH
vcr to usb converter shop near me,50,high,79,3,other,HIGH
vcr to usb near me,50,medium,61,3,other,HIGH
vcr transfer to dvd near me,50,medium,65,3,other,HIGH
vcr vhs cassette to dvd conversion,50,low,25,3,other,MEDIUM
vcr video converter,50,high,100,3,other,HIGH
vcr with digital output,50,high,100,3,other,MEDIUM
vhs 8mm tape,50,high,82,3,other,MEDIUM
vhs 8mm to dvd converter,50,high,100,3,other,HIGH
vhs a dvd costco,50,high,100,3,other,HIGH
vhs and 8mm to dvd converter,50,medium,43,3,other,HIGH
vhs c 8mm,50,high,81,3,other,MEDIUM
vhs c camcorder to pc,50,high,100,3,other,HIGH
vhs c cassette converter,50,high,100,3,other,HIGH
vhs c conversion service,50,high,100,3,other,HIGH
vhs c conversion service near me,50,high,100,3,other,HIGH
vhs c converter best buy,50,high,100,3,other,HIGH
vhs c converter tape,50,high,100,3,other,HIGH
vhs c converter to computer,50,high,97,3,other,HIGH
vhs c film,50,low,27,3,other,MEDIUM
vhs c mini dv,50,low,5,2,vhs_legacy,MEDIUM
vhs c player converter,50,high,100,3,other,HIGH
vhs c tape converter,50,high,100,3,other,HIGH
vhs c tapes to digital,50,high,100,3,other,MEDIUM
vhs c tapes to dvd,50,high,100,3,other,MEDIUM
vhs c to computer,50,high,88,3,other,MEDIUM
vhs c to digital service,50,high,100,3,other,HIGH
vhs c to digital service near me,50,high,86,3,other,HIGH
vhs c to dvd conversion service,50,medium,49,3,other,HIGH
vhs c to dvd converter,50,high,100,3,other,HIGH
vhs c to dvd near me,50,low,0,3,other,HIGH
vhs c to dvd service,50,medium,50,3,other,HIGH
vhs c to mp4,50,high,100,3,other,MEDIUM
vhs c to usb,50,high,93,3,other,MEDIUM
vhs c transfer,50,high,100,3,other,MEDIUM
vhs c video,50,low,29,3,other,MEDIUM
vhs camcorder converter,50,high,100,3,other,HIGH
vhs camcorder tapes to dvd,50,high,100,2,vhs_legacy,HIGH
vhs camcorder to digital,50,high,100,3,other,HIGH
vhs camera to computer,50,medium,51,3,other,MEDIUM
vhs camera to digital,50,high,75,3,other,MEDIUM
vhs cartridge converter for 8mm,50,high,100,3,other,HIGH
vhs cassette to cd converter,50,medium,64,3,other,HIGH
vhs cassette to digital converter,50,high,100,3,other,HIGH
vhs cassette to dvd converter,50,high,100,3,other,HIGH
vhs conversion to digital near me,50,high,98,2,vhs_legacy,HIGH
vhs conversion to dvd near me,50,high,99,2,vhs_legacy,HIGH
vhs conversion to usb,50,high,100,2,vhs_legacy,MEDIUM
vhs convert to dvd near me,50,high,94,3,other,HIGH
vhs converter for 8mm tape,50,high,100,3,other,HIGH
vhs converter near me,50,high,76,3,other,HIGH
vhs converter service near me,50,medium,50,3,other,HIGH
vhs converter to digital near me,50,high,92,3,other,HIGH
vhs copier,50,medium,43,3,other,MEDIUM
vhs copy,50,low,20,3,other,MEDIUM
vhs copy service,50,high,77,3,other,HIGH
vhs digitization services near me,50,high,84,3,other,HIGH
vhs dvd combo converter,50,high,100,3,other,HIGH
vhs file,50,medium,65,3,other,MEDIUM
vhs hdmi output,50,high,100,3,other,MEDIUM
vhs hi 8,50,medium,61,3,other,MEDIUM
vhs hi8 converter,50,high,82,2,vhs_legacy,HIGH
vhs home movies to digital,50,high,100,2,vhs_legacy,MEDIUM
vhs home movies to dvd,50,high,100,2,vhs_legacy,MEDIUM
vhs home video to digital,50,high,100,3,other,MEDIUM
vhs home videos to dvd,50,medium,49,3,other,MEDIUM
vhs into dvd near me,50,high,95,3,other,HIGH
vhs memories to dvd,50,high,100,3,other,MEDIUM
vhs mini cassette,50,low,29,3,other,MEDIUM
vhs mini dv,50,medium,55,2,vhs_legacy,MEDIUM
vhs movie to dvd converter,50,medium,36,3,other,HIGH
vhs movies to digital,50,high,100,3,other,MEDIUM
vhs movies to dvd,50,medium,67,3,other,MEDIUM
vhs mp4 converter,50,medium,66,3,other,HIGH
vhs onto usb,50,high,100,3,other,MEDIUM
vhs player and converter,50,high,93,3,other,HIGH
vhs player convert to digital,50,high,100,3,other,MEDIUM
vhs player converter,50,high,93,3,other,HIGH
vhs player that converts to dvd,50,high,100,3,other,MEDIUM
vhs player to digital,50,high,100,3,other,MEDIUM
vhs player to digital converter,50,high,100,3,other,HIGH
vhs player usb to pc,50,high,81,3,other,MEDIUM
vhs restoration service near me,50,medium,49,3,other,HIGH
vhs tape cassette,50,medium,56,2,vhs_legacy,MEDIUM
vhs tape cleaning service,50,medium,66,2,vhs_legacy,HIGH
vhs tape cleaning service near me,50,low,16,2,vhs_legacy,HIGH
vhs tape conversion near me,50,high,100,2,vhs_legacy,HIGH
vhs tape conversion service,50,low,11,2,vhs_legacy,HIGH
vhs tape conversion service near me,50,high,79,2,vhs_legacy,HIGH
vhs tape converter near me,50,high,100,2,vhs_legacy,HIGH
vhs tape for mini dv,50,medium,55,2,vhs_legacy,MEDIUM
vhs tape format,50,low,0,2,vhs_legacy,MEDIUM
vhs tape player converter,50,high,93,2,vhs_legacy,HIGH
vhs tape quality,50,low,0,2,vhs_legacy,MEDIUM
vhs tape that plays 8mm tapes,50,high,100,2,vhs_legacy,MEDIUM
vhs tape to cd converter,50,high,100,2,vhs_legacy,HIGH
vhs tape to digital service,50,high,100,2,vhs_legacy,HIGH
vhs tape to digital service near me,50,high,79,2,vhs_legacy,HIGH
vhs tape to dvd conversion service,50,high,79,2,vhs_legacy,HIGH
vhs tape to dvd near me,50,high,92,2,vhs_legacy,HIGH
vhs tape to dvd recorder,50,high,86,2,vhs_legacy,HIGH
vhs tape to flash drive,50,high,100,2,vhs_legacy,MEDIUM
vhs tape to mp4,50,high,100,2,vhs_legacy,MEDIUM
vhs tape to usb,50,high,100,2,vhs_legacy,MEDIUM
vhs tape to usb converter,50,high,100,2,vhs_legacy,HIGH
vhs tape to usb stick,50,high,79,2,vhs_legacy,MEDIUM
vhs tape transfer,50,high,76,2,vhs_legacy,MEDIUM
vhs tape transfer near me,50,high,93,2,vhs_legacy,HIGH
vhs tape transfer service,50,high,80,2,vhs_legacy,HIGH
vhs tape transfer to digital,50,high,100,2,vhs_legacy,MEDIUM
vhs tape transfer to dvd service,50,high,79,2,vhs_legacy,HIGH
vhs tapes converted to dvd companies,50,high,82,2,vhs_legacy,MEDIUM
vhs tapes converted to usb,50,high,100,2,vhs_legacy,MEDIUM
vhs tapes into dvds,50,high,100,2,vhs_legacy,MEDIUM
vhs tapes to cd service near me,50,high,85,2,vhs_legacy,HIGH
vhs tapes to digital files,50,high,100,2,vhs_legacy,MEDIUM
vhs tapes to dvd service near me,50,high,100,2,vhs_legacy,HIGH
vhs tapes to dvd walmart,50,low,0,2,vhs_legacy,MEDIUM
vhs to,50,high,93,3,other,MEDIUM
vhs to avi converter,50,medium,62,3,other,HIGH
vhs to blu ray converter,50,high,91,3,other,HIGH
vhs to blu ray service,50,low,0,3,other,HIGH
vhs to blu ray transfer service,50,high,100,3,other,HIGH
vhs to cd conversion near me,50,high,83,3,other,HIGH
vhs to cd converter near me,50,high,99,3,other,HIGH
vhs to cd costco,50,high,86,3,other,HIGH
vhs to cd near me,50,high,90,3,other,HIGH
vhs to cd service,50,high,100,3,other,HIGH
vhs to cd service near me,50,medium,41,3,other,HIGH
vhs to cd transfer near me,50,high,82,3,other,HIGH
vhs to cloud conversion,50,high,100,3,other,MEDIUM
vhs to computer file,50,medium,65,3,other,MEDIUM
vhs to digital amazon,50,high,74,2,vhs_legacy,MEDIUM
vhs to digital at home,50,high,99,2,vhs_legacy,MEDIUM
vhs to digital best quality,50,high,100,2,vhs_legacy,MEDIUM
vhs to digital capture,50,high,95,2,vhs_legacy,MEDIUM
vhs to digital company,50,high,100,2,vhs_legacy,MEDIUM
vhs to digital conversion near me,50,high,96,2,vhs_legacy,HIGH
vhs to digital conversion service near me,50,high,99,2,vhs_legacy,HIGH
vhs to digital converter amazon,50,high,100,2,vhs_legacy,HIGH
vhs to digital converter reddit,50,medium,47,2,vhs_legacy,HIGH
vhs to digital converter service near me,50,high,99,2,vhs_legacy,HIGH
vhs to digital converter usb,50,high,97,2,vhs_legacy,HIGH
vhs to digital converter usb 2.0,50,high,100,2,vhs_legacy,HIGH
vhs to digital copy,50,high,100,2,vhs_legacy,MEDIUM
vhs to digital cost,50,high,100,2,vhs_legacy,HIGH
vhs to digital costco,50,high,100,2,vhs_legacy,HIGH
vhs to digital elgato,50,high,100,2,vhs_legacy,MEDIUM
vhs to digital file,50,high,100,2,vhs_legacy,MEDIUM
vhs to digital file converter,50,high,100,2,vhs_legacy,HIGH
vhs to digital file service,50,high,100,2,vhs_legacy,HIGH
vhs to digital file size,50,medium,66,2,vhs_legacy,MEDIUM
vhs to digital format,50,high,94,2,vhs_legacy,MEDIUM
vhs to digital media,50,high,100,2,vhs_legacy,MEDIUM
vhs to digital player,50,high,100,2,vhs_legacy,MEDIUM
vhs to digital price,50,high,100,2,vhs_legacy,HIGH
vhs to digital recorder,50,high,100,2,vhs_legacy,HIGH
vhs to digital resolution,50,low,0,2,vhs_legacy,MEDIUM
vhs to digital service costco,50,high,100,2,vhs_legacy,HIGH
vhs to digital service walmart,50,high,100,2,vhs_legacy,HIGH
vhs to digital transfer near me,50,high,100,2,vhs_legacy,HIGH
vhs to digital usb,50,high,100,2,vhs_legacy,MEDIUM
vhs to digital video,50,high,70,2,vhs_legacy,MEDIUM
vhs to digital video converter,50,high,86,2,vhs_legacy,HIGH
vhs to digital walgreens,50,high,76,2,vhs_legacy,MEDIUM
vhs to digital walmart,50,high,96,2,vhs_legacy,MEDIUM
vhs to digital without vcr,50,high,100,2,vhs_legacy,MEDIUM
vhs to disc near me,50,high,95,3,other,HIGH
vhs to disc service,50,high,100,3,other,HIGH
vhs to dv,50,high,92,3,other,MEDIUM
vhs to dvd 9.0,50,high,79,2,vhs_legacy,MEDIUM
vhs to dvd at home,50,high,96,2,vhs_legacy,MEDIUM
vhs to dvd business,50,medium,64,2,vhs_legacy,MEDIUM
vhs to dvd capture,50,medium,51,2,vhs_legacy,MEDIUM
vhs to dvd company,50,high,100,2,vhs_legacy,MEDIUM
vhs to dvd conversion walgreens,50,high,81,2,vhs_legacy,MEDIUM
vhs to dvd converter amazon,50,high,100,2,vhs_legacy,HIGH
vhs to dvd converter cable,50,high,90,2,vhs_legacy,HIGH
vhs to dvd converter nearby,50,high,71,2,vhs_legacy,HIGH
vhs to dvd converter price,50,high,93,2,vhs_legacy,HIGH
vhs to dvd converter recorder,50,high,100,2,vhs_legacy,HIGH
vhs to dvd converter service,50,high,99,2,vhs_legacy,HIGH
vhs to dvd converter shop,50,high,100,2,vhs_legacy,HIGH
vhs to dvd converter store,50,medium,38,2,vhs_legacy,HIGH
vhs to dvd converter walmart,50,high,100,2,vhs_legacy,HIGH
vhs to dvd copier,50,high,100,2,vhs_legacy,MEDIUM
vhs to dvd copy service,50,high,100,2,vhs_legacy,HIGH
vhs to dvd cost,50,high,93,2,vhs_legacy,HIGH
vhs to dvd cvs,50,medium,53,2,vhs_legacy,MEDIUM
vhs to dvd digital converter,50,high,100,2,vhs_legacy,HIGH
vhs to dvd maker,50,high,86,2,vhs_legacy,MEDIUM
vhs to dvd places,50,low,29,2,vhs_legacy,MEDIUM
vhs to dvd places near me,50,medium,62,2,vhs_legacy,HIGH
vhs to dvd player converter,50,high,100,2,vhs_legacy,HIGH
vhs to dvd price,50,high,93,2,vhs_legacy,HIGH
vhs to dvd service cost,50,high,90,2,vhs_legacy,HIGH
vhs to dvd service walgreens,50,high,100,2,vhs_legacy,HIGH
vhs to dvd service walmart,50,medium,58,2,vhs_legacy,HIGH
vhs to dvd shop,50,medium,66,2,vhs_legacy,MEDIUM
vhs to dvd shop near me,50,high,79,2,vhs_legacy,HIGH
vhs to dvd store,50,medium,66,2,vhs_legacy,MEDIUM
vhs to dvd stores near me,50,low,29,2,vhs_legacy,HIGH
vhs to dvd transfer service near me,50,high,84,2,vhs_legacy,HIGH
vhs to dvd usb,50,low,0,2,vhs_legacy,MEDIUM
vhs to dvd walgreens,50,high,82,2,vhs_legacy,MEDIUM
vhs to dvd without vcr,50,high,100,2,vhs_legacy,MEDIUM
vhs to external hard drive,50,high,100,3,other,MEDIUM
vhs to file,50,medium,65,3,other,MEDIUM
vhs to file converter,50,high,100,3,other,HIGH
vhs to flash drive converter,50,high,100,3,other,HIGH
vhs to flash drive near me,50,high,82,3,other,HIGH
vhs to flash drive service,50,high,77,3,other,HIGH
vhs to flash drive service near me,50,high,96,3,other,HIGH
vhs to hard drive,50,high,100,3,other,MEDIUM
vhs to hard drive converter,50,high,100,3,other,HIGH
vhs to hard drive service,50,high,100,3,other,HIGH
vhs to hd,50,high,100,3,other,MEDIUM
vhs to ipad,50,medium,50,3,other,MEDIUM
vhs to jump drive,50,high,100,3,other,MEDIUM
vhs to memory stick,50,high,100,3,other,MEDIUM
vhs to memory stick converter,50,high,100,3,other,HIGH
vhs to memory stick service near me,50,medium,57,3,other,HIGH
vhs to mov,50,high,100,3,other,MEDIUM
vhs to mp4 conversion service,50,medium,44,3,other,HIGH
vhs to mp4 service,50,high,100,3,other,HIGH
vhs to mp4 service near me,50,high,100,3,other,HIGH
vhs to mpeg,50,high,75,3,other,MEDIUM
vhs to pc capture,50,high,67,3,other,MEDIUM
vhs to pen drive,50,low,0,3,other,MEDIUM
vhs to sd,50,high,77,3,other,MEDIUM
vhs to sd converter,50,high,86,3,other,HIGH
vhs to thumb drive conversion,50,high,78,3,other,MEDIUM
vhs to thumb drive converter,50,high,100,3,other,HIGH
vhs to thumb drive near me,50,high,97,3,other,HIGH
vhs to thumb drive service,50,high,100,3,other,HIGH
vhs to usb conversion service,50,low,22,3,other,HIGH
vhs to usb converter near me,50,high,89,3,other,HIGH
vhs to usb near me,50,high,99,3,other,HIGH
vhs to usb recorder,50,high,100,3,other,HIGH
vhs to usb service,50,medium,61,3,other,HIGH
vhs to usb transfer,50,high,80,3,other,MEDIUM
vhs to vcr converter,50,high,87,3,other,HIGH
vhs to video file,50,high,100,3,other,MEDIUM
vhs to video service,50,high,100,3,other,HIGH
vhs transfer near me,50,high,75,2,vhs_legacy,HIGH
vhs transfer service,50,medium,48,2,vhs_legacy,HIGH
vhs transfer to dvd using combo recorder,50,high,100,2,vhs_legacy,HIGH
vhs vcr to digital converter,50,high,100,2,vhs_legacy,HIGH
vhs video conversion near me,50,high,71,3,other,HIGH
vhs video to dvd near me,50,medium,57,3,other,HIGH
vhs video transfer near me,50,medium,55,3,other,HIGH
vhs video transfer service,50,medium,48,3,other,HIGH
vhs with usb output,50,high,100,3,other,MEDIUM
vidbox converter,50,high,87,3,other,HIGH
vidbox vhs to dvd,50,high,71,2,vhs_legacy,MEDIUM
video & dvd transfer,50,low,0,3,other,MEDIUM
video 8 tapes to digital,50,high,100,3,other,MEDIUM
video 8 to digital conversion service,50,high,100,3,other,HIGH
video 8 transfer to digital,50,high,100,3,other,MEDIUM
video and image editor,50,high,75,3,other,MEDIUM
video and photo collage app,50,medium,56,3,other,MEDIUM
video and photo collage app for instagram,50,low,0,3,other,LOW
video and photo combine app,50,high,89,3,other,MEDIUM
video and photo editing app free,50,medium,64,3,other,LOW
video and photo editing best app,50,high,100,3,other,LOW
video and photo editing software for mac,50,high,100,3,other,LOW
video and photo editing software for pc,50,high,100,3,other,LOW
video and photo editor with music,50,high,100,3,tools_comparison,MEDIUM
video and photo merger app,50,medium,43,3,other,MEDIUM
video and photo montage app,50,high,100,1,direct_service,MEDIUM
video and picture editing,50,high,78,3,other,MEDIUM
video and picture editing app,50,high,70,3,other,MEDIUM
video and picture editing software free,50,medium,62,3,other,LOW
video app photo app,50,low,0,3,other,MEDIUM
video camera cassette tape converter,50,high,98,3,other,HIGH
video camera tape converter,50,high,100,3,other,HIGH
video camera tapes converted to dvd,50,low,22,3,other,MEDIUM
video capture from vcr to pc,50,high,100,3,other,MEDIUM
video capture vhs to digital,50,high,90,2,vhs_legacy,MEDIUM
video capture vhs to pc,50,high,100,3,other,MEDIUM
video cassette conversion to digital,50,medium,33,3,other,MEDIUM
video cassette converter near me,50,medium,64,3,other,HIGH
video cassette into dvd,50,high,100,3,other,MEDIUM
video cassette tape to cd converter,50,medium,56,3,other,HIGH
video cassette tape to digital,50,high,100,3,other,MEDIUM
video cassette tape to digital converter,50,high,97,3,other,HIGH
video cassette to cd,50,high,100,3,other,MEDIUM
video cassette to cd converter,50,high,81,3,other,HIGH
video cassette to cd converter near me,50,high,86,3,other,HIGH
video cassette to digital converter near me,50,high,68,3,other,HIGH
video cassette to dvd conversion near me,50,high,84,3,other,HIGH
video cassette to dvd near me,50,high,100,3,other,HIGH
video cassette to mp4,50,high,98,3,other,MEDIUM
video cassette to mp4 converter,50,high,79,3,other,HIGH
video cassette to usb,50,high,100,3,other,MEDIUM
video cassette to usb converter,50,high,94,3,other,HIGH
video cassette transfer,50,high,100,3,other,MEDIUM
video collage from photos,50,high,86,3,other,MEDIUM
video collage maker with music,50,high,86,3,other,MEDIUM
video collage of photos with music,50,high,93,3,other,MEDIUM
video converter vhs to computer,50,high,100,3,other,HIGH
video creator with pictures and music,50,high,86,3,other,MEDIUM
video editing app for photos,50,low,0,3,other,LOW
video editing app for pictures,50,low,29,3,other,LOW
video editing app photo,50,medium,43,3,other,MEDIUM
video editing photo app,50,high,71,3,other,MEDIUM
video editor online free add music photo,50,high,100,3,tools_comparison,LOW
video editor with photo and music,50,high,86,3,tools_comparison,MEDIUM
video editor with photo and music and text,50,medium,52,3,tools_comparison,MEDIUM
video editor with pictures and music,50,low,9,3,tools_comparison,MEDIUM
video image editor,50,medium,40,3,other,MEDIUM
video image editor app,50,medium,50,3,other,MEDIUM
video maker and photo music,50,high,90,3,other,MEDIUM
video maker app with photo,50,high,93,3,other,MEDIUM
video maker app with pictures and music,50,medium,43,3,other,MEDIUM
video maker of photos with music,50,high,83,3,other,MEDIUM
video maker of photos with music & video editor,50,low,0,3,tools_comparison,MEDIUM
video maker of photos with music video editor,50,high,86,3,tools_comparison,MEDIUM
video maker photo slideshow with music,50,high,97,1,direct_service,MEDIUM
video maker photo song,50,high,100,3,other,MEDIUM
video maker photo with music app download,50,high,86,3,other,LOW
video maker with photo app,50,high,71,3,other,MEDIUM
video maker with photos and music free download,50,high,67,3,other,LOW
video maker with pictures and music free download,50,high,100,3,other,LOW
video maker with pictures and music online free,50,high,86,3,other,LOW
video making apps with photos,50,high,86,3,other,MEDIUM
video montage of photos,50,high,86,1,direct_service,MEDIUM
video of pics with music,50,high,100,3,other,MEDIUM
video photo making app,50,high,77,3,other,MEDIUM
video photo montage app,50,low,0,1,direct_service,MEDIUM
video photo music video editor,50,low,0,3,tools_comparison,MEDIUM
video picture editing app,50,medium,64,3,other,MEDIUM
video recorder tape converter,50,high,100,3,other,HIGH
video slideshow with pictures,50,high,79,3,other,MEDIUM
video tape conversion,50,high,100,2,vhs_legacy,MEDIUM
video tape conversion near me,50,high,96,2,vhs_legacy,HIGH
video tape conversion service,50,medium,52,2,vhs_legacy,HIGH
video tape conversion service near me,50,high,100,2,vhs_legacy,HIGH
video tape conversions,50,high,100,2,vhs_legacy,MEDIUM
video tape converter near me,50,high,88,2,vhs_legacy,HIGH
video tape converter to usb,50,high,97,2,vhs_legacy,HIGH
video tape digitizing service,50,high,82,2,vhs_legacy,HIGH
video tape recorder converter,50,high,100,2,vhs_legacy,HIGH
video tape to cd conversion service,50,high,100,2,vhs_legacy,HIGH
video tape to cd service near me,50,high,100,2,vhs_legacy,HIGH
video tape to computer,50,high,100,2,vhs_legacy,MEDIUM
video tape to digital conversion service,50,low,0,2,vhs_legacy,HIGH
video tape to dvd conversion,50,high,100,2,vhs_legacy,MEDIUM
video tape to dvd converter near me,50,high,100,2,vhs_legacy,HIGH
video tape to dvd near me,50,high,79,2,vhs_legacy,HIGH
video tape to dvd service,50,high,95,2,vhs_legacy,HIGH
video tape to dvd service near me,50,high,97,2,vhs_legacy,HIGH
video tape to mp4 converter,50,high,100,2,vhs_legacy,HIGH
video tape to usb,50,high,100,2,vhs_legacy,MEDIUM
video tape to usb converter,50,high,94,2,vhs_legacy,HIGH
video tape transfer near me,50,high,97,2,vhs_legacy,HIGH
video tape transfer service,50,high,100,2,vhs_legacy,HIGH
video tape transfer to cd,50,high,100,2,vhs_legacy,MEDIUM
video to cd conversion near me,50,high,86,3,other,HIGH
video to cd transfer near me,50,high,87,3,other,HIGH
video to digital conversion near me,50,high,71,3,other,HIGH
video to digital near me,50,high,100,3,other,HIGH
video to digital transfer service near me,50,medium,48,3,other,HIGH
video to digital transfer services,50,medium,57,3,other,HIGH
video to dvd conversion near me,50,high,100,3,other,HIGH
video to dvd service near me,50,medium,60,3,other,HIGH
video to dvd transfer near me,50,high,100,3,other,HIGH
video to dvd transfer service near me,50,high,100,3,other,HIGH
video transfer to digital near me,50,high,82,3,other,HIGH
video transfers to dvd near me,50,medium,66,3,other,HIGH
video vhs to digital,50,high,100,2,vhs_legacy,MEDIUM
video with photo collage app,50,high,100,3,other,MEDIUM
video with photos and music app,50,low,17,3,other,MEDIUM
video with photos and music online,50,low,4,3,other,LOW
video with pics and music,50,high,100,3,other,MEDIUM
video with pictures and music app,50,high,86,3,other,MEDIUM
video with pictures and music free,50,high,81,3,other,LOW
video2digital converter 2.0,50,medium,47,3,other,HIGH
videos photo music video editor,50,low,0,3,tools_comparison,MEDIUM
virtual sympathy gift,50,high,100,2,gift_memorial,MEDIUM
vistaprint personalised mugs,50,medium,43,3,other,HIGH
walgreens 8mm film to dvd,50,high,76,2,vhs_legacy,MEDIUM
walgreens 8mm to digital,50,high,71,3,other,MEDIUM
walgreens 8mm to dvd,50,high,76,3,other,MEDIUM
walgreens cassette to dvd,50,high,86,3,other,MEDIUM
walgreens convert 8mm to dvd,50,high,79,3,other,MEDIUM
walgreens convert vhs to digital,50,high,80,2,vhs_legacy,MEDIUM
walgreens digitize vhs,50,high,99,2,vhs_legacy,MEDIUM
walgreens father's day photo gifts,50,low,11,2,gift_fathers,MEDIUM
walgreens personalized blankets,50,high,100,3,other,HIGH
walgreens personalized puzzle,50,high,100,3,other,HIGH
walgreens transfer 8mm to dvd,50,high,79,3,other,MEDIUM
walgreens vhs conversion,50,high,87,2,vhs_legacy,MEDIUM
walgreens vhs to dvd cost,50,high,83,2,vhs_legacy,HIGH
walgreens vhs transfer,50,high,98,2,vhs_legacy,MEDIUM
walgreens video transfer to dvd,50,high,76,3,other,MEDIUM
wallet personalized photo,50,high,100,2,gift_personalized,HIGH
wallet with engraved picture,50,high,100,3,other,MEDIUM
wallet with photo engraved,50,high,100,3,other,MEDIUM
wallet with picture engraved,50,high,100,3,other,MEDIUM
walmart 8mm film conversion,50,high,69,2,vhs_legacy,MEDIUM
walmart 8mm to dvd,50,high,100,3,other,MEDIUM
walmart convert 8mm to dvd,50,high,100,3,other,MEDIUM
walmart convert vhs to digital,50,high,100,2,vhs_legacy,MEDIUM
walmart convert video to dvd,50,medium,50,3,other,MEDIUM
walmart digitize vhs,50,high,100,2,vhs_legacy,MEDIUM
walmart dvd transfer,50,low,25,3,other,MEDIUM
walmart mugs custom,50,high,100,3,other,HIGH
walmart personalized graduation invitations,50,high,90,3,other,HIGH
walmart personalized photo christmas cards,50,high,100,2,gift_personalized,HIGH
walmart photo mouse pad,50,high,100,3,other,MEDIUM
walmart photo travel mug,50,high,100,3,other,MEDIUM
walmart transfer 8mm film to dvd,50,high,100,2,vhs_legacy,MEDIUM
walmart transfer vhs to digital,50,high,98,2,vhs_legacy,MEDIUM
walmart vcr to dvd converter,50,high,100,3,other,HIGH
walmart vcr to dvd service,50,medium,58,3,other,HIGH
walmart vhs conversion,50,high,100,2,vhs_legacy,MEDIUM
walmart vhs conversion service,50,high,94,2,vhs_legacy,HIGH
walmart vhs to digital service,50,high,97,2,vhs_legacy,HIGH
walmart vhs to dvd service,50,high,68,2,vhs_legacy,HIGH
walmart vhs transfer,50,high,99,2,vhs_legacy,MEDIUM
walmart vhs transfer service,50,high,100,2,vhs_legacy,HIGH
walmart video tape conversion,50,low,29,2,vhs_legacy,MEDIUM
walmart video to dvd transfer,50,low,0,3,other,MEDIUM
walmart video transfer to dvd,50,medium,43,3,other,MEDIUM
want to make a video with pictures and music,50,medium,61,3,other,MEDIUM
watch with picture engraved,50,high,100,3,other,MEDIUM
ways to convert vhs to digital,50,high,100,2,vhs_legacy,MEDIUM
we love daddy photo frame,50,high,100,3,physical_products,MEDIUM
we love you dad picture frame,50,high,100,3,physical_products,MEDIUM
website to make a slideshow with music and pictures,50,medium,55,1,direct_service,MEDIUM
website to make a video with pictures and music,50,high,91,3,other,MEDIUM
website to make slideshow with music,50,high,93,1,direct_service,MEDIUM
wedding anniversary 4th year,50,medium,66,2,gift_anniversary,MEDIUM
wedding anniversary gift for brother,50,high,100,2,gift_anniversary,MEDIUM
wedding anniversary gift for mom and dad,50,high,100,2,gift_anniversary,MEDIUM
wedding anniversary gift for sister,50,high,100,2,gift_anniversary,MEDIUM
wedding anniversary gift ideas for couples,50,high,100,2,gift_anniversary,MEDIUM
wedding anniversary gift ideas for friends,50,high,100,2,gift_anniversary,MEDIUM
wedding anniversary gift ideas for him,50,high,100,2,gift_anniversary,MEDIUM
wedding anniversary gift ideas for parents,50,high,100,2,gift_anniversary,MEDIUM
wedding anniversary gift themes,50,medium,38,2,gift_anniversary,MEDIUM
wedding anniversary gifts for grandparents,50,high,100,2,gift_anniversary,MEDIUM
wedding anniversary gifts for sister and brother in law,50,high,100,2,gift_anniversary,MEDIUM
wedding anniversary ideas for couples,50,high,92,2,gift_anniversary,MEDIUM
wedding anniversary ideas for her,50,high,100,2,gift_anniversary,MEDIUM
wedding anniversary ideas for him,50,high,100,2,gift_anniversary,MEDIUM
wedding anniversary ideas for husband,50,high,100,2,gift_anniversary,MEDIUM
wedding anniversary ideas for parents,50,high,71,2,gift_anniversary,MEDIUM
wedding anniversary milestone gifts,50,high,92,2,gift_anniversary,MEDIUM
wedding anniversary present ideas,50,high,100,2,gift_anniversary,MEDIUM
wedding anniversary slideshow,50,medium,64,1,life_events,MEDIUM
wedding anniversary surprise for wife,50,high,100,2,gift_anniversary,MEDIUM
wedding anniversary surprise ideas,50,high,100,2,gift_anniversary,MEDIUM
wedding anniversary surprise ideas for husband,50,high,78,2,gift_anniversary,MEDIUM
wedding anniversary surprise ideas for wife,50,high,100,2,gift_anniversary,MEDIUM
wedding day gift ideas,50,high,100,3,gift_other,MEDIUM
wedding day gift ideas for husband,50,high,100,3,gift_other,MEDIUM
wedding day gifts for couple,50,low,29,3,gift_other,MEDIUM
wedding gift ideas for wife from husband,50,high,68,3,gift_other,MEDIUM
wedding gifts for him and her,50,high,100,3,gift_other,MEDIUM
wedding milestone gifts,50,high,96,3,gift_other,MEDIUM
wedding photo montage template,50,low,0,1,direct_service,LOW
wedding photo presentation,50,high,100,3,gift_other,MEDIUM
wedding photo slideshow ideas,50,high,71,1,direct_service,MEDIUM
wedding photo slideshow maker,50,medium,62,1,direct_service,MEDIUM
wedding photo slideshow template,50,high,100,1,direct_service,LOW
wedding photo video maker,50,high,100,3,other,MEDIUM
wedding photography slideshow,50,medium,50,3,other,MEDIUM
wedding reception slideshow,50,high,91,3,other,MEDIUM
weird gifts for mom,50,high,100,3,gift_other,MEDIUM
well wishes for retirement coworker,50,medium,43,3,other,MEDIUM
what can i do with old negatives,50,low,25,3,other,MEDIUM
what can i do with old photo negatives,50,high,79,3,other,MEDIUM
what can i do with old photographs,50,high,87,3,other,MEDIUM
what can i do with old picture frames,50,low,8,3,physical_products,MEDIUM
what can i do with old pictures,50,high,86,3,other,MEDIUM
what can you do with film negatives,50,low,2,3,other,MEDIUM
what can you do with old negatives,50,low,9,3,other,MEDIUM
what can you do with old photo negatives,50,high,93,3,other,MEDIUM
what can you do with old photographs,50,medium,45,3,other,MEDIUM
what can you do with old picture frames,50,low,6,3,physical_products,MEDIUM
what can you do with old pictures,50,low,30,3,other,MEDIUM
what can you do with old slides,50,low,26,3,other,MEDIUM
what do i do with all my old photos,50,high,71,3,other,MEDIUM
what do you do with film negatives,50,low,3,3,other,MEDIUM
what do you do with old photos,50,medium,46,3,other,MEDIUM
what do you do with old pictures,50,medium,39,3,other,MEDIUM
what is the best way to digitize old photos,50,high,100,2,vhs_legacy,LOW
what is the best way to preserve old photos,50,high,100,3,other,LOW
what is the best way to store old photos,50,high,100,3,other,LOW
what should i do with old photos,50,medium,33,3,other,MEDIUM
what to do with all my old photos,50,low,7,3,other,MEDIUM
what to do with boxes of old photos,50,high,81,3,other,MEDIUM
what to do with extra photos,50,low,29,3,other,MEDIUM
what to do with hundreds of old photos,50,high,100,3,other,MEDIUM
what to do with old 35mm slides,50,high,71,3,other,MEDIUM
what to do with old albums,50,low,12,3,other,MEDIUM
what to do with old black and white photos,50,medium,36,3,other,MEDIUM
what to do with old canvas family photos,50,low,2,3,tools_comparison,LOW
what to do with old canvas photos,50,low,3,3,tools_comparison,LOW
what to do with old canvas pictures,50,low,0,3,tools_comparison,LOW
what to do with old empty photo albums,50,low,0,3,physical_products,MEDIUM
what to do with old family canvas prints,50,low,0,3,tools_comparison,LOW
what to do with old family photo albums,50,medium,46,3,physical_products,MEDIUM
what to do with old family pictures,50,high,75,3,other,MEDIUM
what to do with old family portraits,50,low,29,3,other,MEDIUM
what to do with old film negatives,50,low,22,3,other,MEDIUM
what to do with old framed family photos,50,medium,42,3,other,MEDIUM
what to do with old framed photos,50,low,0,3,other,MEDIUM
what to do with old framed pictures,50,low,7,3,other,MEDIUM
what to do with old kodachrome slides,50,low,21,3,other,MEDIUM
what to do with old large family portraits,50,low,4,3,other,MEDIUM
what to do with old negatives,50,medium,36,3,other,MEDIUM
what to do with old negatives from photos,50,high,68,3,other,MEDIUM
what to do with old photo albums and pictures,50,high,100,2,photo_organization,MEDIUM
what to do with old photo paper,50,low,1,2,photo_organization,MEDIUM
what to do with old photo prints,50,medium,48,2,photo_organization,MEDIUM
what to do with old photo slides,50,medium,57,2,photo_organization,MEDIUM
what to do with old photos after scanning,50,low,20,2,photo_organization,MEDIUM
what to do with old photos and negatives,50,high,68,2,photo_organization,MEDIUM
what to do with old photos in albums,50,high,70,2,photo_organization,MEDIUM
what to do with old photos in frames,50,low,0,2,photo_organization,MEDIUM
what to do with old photos you don t want,50,low,14,2,photo_organization,MEDIUM
what to do with old picture negatives,50,medium,64,3,other,MEDIUM
what to do with old picture slides,50,low,23,3,other,MEDIUM
what to do with old pictures ideas,50,high,100,3,other,MEDIUM
what to do with old pictures in frames,50,low,21,3,other,MEDIUM
what to do with old pictures you want to keep,50,high,70,3,other,MEDIUM
what to do with old portraits,50,low,4,3,other,MEDIUM
what to do with old printed photos,50,high,71,3,other,MEDIUM
what to do with old scrapbooks,50,low,0,3,other,MEDIUM
what to do with old unwanted photos,50,low,29,3,other,MEDIUM
what to do with picture frames without glass,50,low,0,3,physical_products,MEDIUM
what to do with vintage photos,50,low,14,3,other,MEDIUM
what to do with vintage slides,50,medium,36,3,other,MEDIUM
what to make with old picture frames,50,low,11,3,physical_products,MEDIUM
white funeral flower arrangement ideas,50,high,100,3,other,MEDIUM
white photo mug,50,high,80,3,physical_products,MEDIUM
wholesale graduation gifts,50,low,25,2,gift_graduation,MEDIUM
wife memorial gifts,50,high,100,2,gift_memorial,MEDIUM
wind chimes for lost loved ones,50,high,100,3,other,MEDIUM
wind chimes for someone who has passed,50,high,100,3,other,MEDIUM
wind chimes for the loss of a loved one,50,high,100,2,gift_memorial,MEDIUM
wind chimes funeral gift,50,high,100,3,gift_other,MEDIUM
windows 10 photos app video editor,50,low,0,3,tools_comparison,LOW
windows movie maker slideshow with music,50,high,76,1,direct_service,LOW
windows photo slideshow with music,50,low,0,1,direct_service,LOW
windows slideshow with music,50,medium,35,1,direct_service,LOW
winnie the pooh graduation gifts,50,high,100,2,gift_graduation,MEDIUM
wirecutter graduation gifts,50,low,18,2,gift_graduation,MEDIUM
with sympathy gift,50,high,100,2,gift_memorial,MEDIUM
wolverine 8 mm,50,high,100,3,other,MEDIUM
wolverine 8mm,50,high,100,3,other,MEDIUM
wolverine 8mm & super 8,50,high,100,2,vhs_legacy,MEDIUM
wolverine 8mm & super 8 reels to digital moviemaker,50,high,100,2,vhs_legacy,MEDIUM
wolverine 8mm and super 8,50,high,91,2,vhs_legacy,MEDIUM
wolverine 8mm and super 8 film reel converter,50,high,100,2,vhs_legacy,HIGH
wolverine 8mm and super8 reels movie digitizer,50,high,100,2,vhs_legacy,MEDIUM
wolverine 8mm converter,50,high,100,3,other,HIGH
wolverine 8mm digitizer,50,high,84,3,other,MEDIUM
wolverine 8mm film converter,50,high,100,2,vhs_legacy,HIGH
wolverine 8mm film to digital converter,50,high,84,2,vhs_legacy,HIGH
wolverine 8mm to digital converter,50,high,84,3,other,HIGH
wolverine digital movie maker,50,medium,62,3,other,MEDIUM
wolverine digitizer,50,high,80,3,other,MEDIUM
wolverine f2d moviemaker,50,high,100,3,other,MEDIUM
wolverine f2d moviemaker pro,50,high,81,3,other,MEDIUM
wolverine film 2 digital movie maker,50,high,100,3,other,MEDIUM
wolverine film digital movie maker,50,medium,62,3,other,MEDIUM
wolverine film digitizer,50,high,80,3,other,MEDIUM
wolverine film to digital movie maker,50,medium,62,2,vhs_legacy,MEDIUM
wolverine film2digital,50,high,100,3,other,MEDIUM
wolverine film2digital moviemaker,50,high,100,3,other,MEDIUM
wolverine movie converter,50,high,100,3,other,HIGH
wolverine movie digitizer,50,high,80,3,other,MEDIUM
wolverine movie maker pro,50,high,100,3,other,MEDIUM
wolverine moviemaker,50,high,100,3,other,MEDIUM
wolverine moviemaker pro 8mm film to digital,50,high,93,2,vhs_legacy,MEDIUM
wolverine moviemaker pro mm100 pro,50,high,100,3,other,MEDIUM
wolverine pro 8mm,50,medium,43,3,other,MEDIUM
wolverine reels2digital moviemaker,50,high,100,3,other,MEDIUM
wolverine super 8,50,high,100,2,vhs_legacy,MEDIUM
wolverine super 8 converter,50,high,100,2,vhs_legacy,HIGH
women's graduation gifts ideas,50,high,100,2,gift_graduation,MEDIUM
wood anniversary ideas,50,high,100,3,other,MEDIUM
wood portrait engraving,50,high,100,3,other,MEDIUM
wood wedding anniversary gifts for him,50,high,100,2,gift_anniversary,MEDIUM
wooden anniversary gifts for couple,50,high,100,2,gift_anniversary,MEDIUM
wooden engraved photo online,50,high,100,3,other,LOW
wooden graduation card box,50,high,100,3,other_graduation,MEDIUM
wooden graduation gifts,50,high,100,2,gift_graduation,MEDIUM
world's best dad mug with picture,50,high,100,3,other,MEDIUM
wrap around photo mug,50,high,100,3,physical_products,MEDIUM
year 1 wedding anniversary gift,50,high,100,2,gift_anniversary,MEDIUM
year 12 graduation gifts for him,50,high,100,2,gift_graduation,MEDIUM
year 4 marriage gift,50,high,70,3,gift_other,MEDIUM
year 9 wedding anniversary gift,50,high,100,2,gift_anniversary,MEDIUM
year anniversary ideas,50,high,100,3,other,MEDIUM
yeti graduation gift,50,high,100,2,gift_graduation,MEDIUM
zales graduation gifts,50,high,93,2,gift_graduation,MEDIUM
