"Keyword","Currency","Avg. monthly searches","Three month change","YoY change","Competition","Competition (indexed value)","Top of page bid (low range)","Top of page bid (high range)","cluster","confidence"
"organiser ses photos numériques","EUR","50","-100%","0%","Unknown","","0","0","photo_organization","high"
"cadeau personnalisé photo","EUR","5000","0%","0%","High","100","0.005332381","0.013389145","gift_personalized","high"
"cadeau anniversaire mariage","EUR","5000","0%","0%","High","100","0.002073034","0.007570045","gift_anniversary","high"
"cadeau fête des mères original","EUR","5000","0%","-90%","High","78","0.001648908","0.005991879","gift_mothers","high"
"cadeau grands parents","EUR","5000","900%","0%","High","100","0.00143929","0.005196765","gift_grandparents","high"
"cadeau noël personnalisé","EUR","500","0%","0%","High","100","0.003379642","0.010375275","gift_personalized","high"
"cadre photo personnalisé","EUR","50000","900%","0%","High","100","0.008625307","0.026488475","physical_products","medium"
"cadre personnalisé","EUR","5000","900%","0%","High","100","0.006941191","0.01789153","physical_products","medium"
"toile photo personnalisé","EUR","5000","0%","0%","High","100","0.009939413","0.03474312","physical_products","medium"
"toile personnalisée","EUR","5000","0%","0%","High","100","0.008385697","0.030920119","physical_products","medium"
"cadeau photo","EUR","5000","900%","0%","High","100","0.006689845","0.019300176","gift_personalized","high"
"photo personnalisé","EUR","5000","0%","0%","High","100","0.007870291","0.02201217","gift_personalized","high"
"cadeau photo personnalisé","EUR","5000","0%","0%","High","100","0.006162703","0.015468046","gift_personalized","high"
"tee shirt personnalisé photo","EUR","5000","0%","0%","High","100","0.005711193","0.013267221","physical_products","medium"
"cadre personnalisé famille","EUR","5000","0%","-90%","High","100","0.004728629","0.015787852","physical_products","medium"
"porte clé photo","EUR","5000","900%","0%","High","100","0.004247454","0.011230373","physical_products","medium"
"porte clés personnalisé photo","EUR","5000","0%","0%","High","100","0.004659517","0.011232003","physical_products","medium"
"plaque spotify personnalisé","EUR","500","900%","0%","High","100","0.005234581","0.01842454","physical_products","medium"
"poster photo personnalisé","EUR","5000","0%","0%","High","100","0.007850731","0.022881611","physical_products","medium"
"cadre famille personnalisé","EUR","5000","0%","0%","High","100","0.003651852","0.012189139","physical_products","medium"
"idee cadeau mariage","EUR","5000","0%","0%","High","100","0.001672706","0.006743635","life_events","medium"
"objet personnalisé photo","EUR","5000","0%","0%","High","100","0.005351615","0.013401533","physical_products","medium"
"photo sur toile personnalisé","EUR","5000","0%","0%","High","100","0.009939413","0.03474312","physical_products","medium"
"t shirt personnalisé photo","EUR","5000","0%","0%","High","100","0.006204105","0.014379858","physical_products","medium"
"boule de noel personnalisé","EUR","5000","900%","0%","High","100","0.003837672","0.008945765","physical_products","medium"
"chaussettes personnalisées photo","EUR","5000","0%","0%","High","100","0.003822676","0.010150987","physical_products","medium"
"toile personnalisée famille","EUR","500","900%","0%","High","100","0.005500271","0.016914834","physical_products","medium"
"boules de noel personnalisées","EUR","5000","0%","0%","High","100","0.003552422","0.008950655","gift_personalized","high"
"idée cadeau fête des mères original","EUR","5000","0%","0%","High","100","0.0008965","0.009054323","gift_mothers","high"
"cadre personnalisé couple","EUR","500","900%","0%","High","100","0.005042241","0.011018473","physical_products","medium"
"porte clé personnalisé photo","EUR","5000","0%","0%","High","100","0.004858051","0.011343495","physical_products","medium"
"idee cadeau photo","EUR","5000","0%","0%","High","100","0.003416806","0.013264613","gift_personalized","high"
"cadeau anniversaire de mariage","EUR","5000","-90%","-90%","High","100","0.001986644","0.007493435","gift_anniversary","high"
"toile photo personnalisée","EUR","500","0%","0%","High","100","0.011897043","0.042812923","physical_products","medium"
"cube photo personnalisé","EUR","500","900%","0%","High","100","0.004172148","0.014842452","physical_products","medium"
"toile personnalisée photo","EUR","5000","0%","0%","High","100","0.009939413","0.03474312","physical_products","medium"
"cadeau avec photo","EUR","500","900%","0%","High","100","0.004950961","0.013925414","gift_personalized","high"
"photo cadre personnalisé","EUR","50000","900%","0%","High","100","0.008625307","0.026488475","physical_products","medium"
"portrait famille personnalisé","EUR","500","900%","0%","High","100","0.003024954","0.012678465","gift_personalized","high"
"photo toile personnalisé","EUR","5000","0%","0%","High","100","0.009939413","0.03474312","physical_products","medium"
"idee cadeau grand parent","EUR","5000","900%","0%","High","100","0.001192834","0.004571823","gift_grandparents","high"
"chaussettes personnalisées visage","EUR","50","0%","0%","High","100","0.004025448","0.011805437","physical_products","medium"
"cadre photo personnalisé original","EUR","500","900%","0%","High","100","0.005973623","0.017757218","physical_products","medium"
"cadeaux photo","EUR","5000","900%","0%","High","100","0.006689845","0.019300176","gift_other","medium"
"coque personnalisée photo","EUR","500","0%","-90%","High","100","0.004883805","0.011436405","physical_products","medium"
"taie d oreiller personnalisée","EUR","500","0%","0%","High","100","0.004634089","0.010367125","physical_products","medium"
"tshirt personnalisé photo","EUR","5000","0%","0%","High","100","0.006204105","0.014379858","physical_products","medium"
"cadeau noce de coton","EUR","5000","-90%","0%","High","100","0.00169846","0.004963023","life_events","medium"
"cadre photo personnalisé famille","EUR","500","900%","0%","High","100","0.006265067","0.018286968","physical_products","medium"
"porte clé photo personnalisé","EUR","5000","0%","0%","High","100","0.004858051","0.011343495","physical_products","medium"
"cadeau original fete des meres","EUR","5000","0%","-90%","High","78","0.001648908","0.005991879","gift_mothers","high"
"cadre photo cadeau","EUR","500","0%","-90%","High","100","0.009772827","0.029822803","physical_products","medium"
"cadre personnalise","EUR","5000","900%","0%","High","100","0.006941191","0.01789153","physical_products","medium"
"cadre spotify personnalisé","EUR","50","900%","0%","High","100","0.005940045","0.017985744","physical_products","medium"
"cadeau photo original","EUR","500","0%","-90%","High","100","0.003877118","0.012499491","gift_personalized","high"
"cadeau noel personnalisé","EUR","500","0%","0%","High","100","0.003379642","0.010375275","gift_personalized","high"
"cadeau 1 an de mariage","EUR","5000","0%","0%","High","100","0.002042716","0.007403133","life_events","medium"
"cadeau photo personnalisé original","EUR","500","900%","0%","High","100","0.004681033","0.013146601","gift_personalized","high"
"poster personnalisé famille","EUR","500","900%","0%","High","100","0.003892114","0.012775287","physical_products","medium"
"photo personnalisé cadeau","EUR","5000","0%","0%","High","100","0.006162703","0.015468046","gift_personalized","high"
"photo plexiglas personnalisé","EUR","50","900%","0%","High","100","0.007517885","0.028311793","gift_personalized","high"
"cadre naissance personnalisé","EUR","500","0%","-90%","High","100","0.003006372","0.010290189","physical_products","medium"
"cadeau personnalisé avec photo","EUR","500","900%","0%","High","100","0.004990733","0.012911881","gift_personalized","high"
"paillasson personnalisé photo","EUR","500","0%","0%","High","100","0.00419073","0.011533553","gift_personalized","high"
"objet photo personnalisé","EUR","5000","0%","0%","High","100","0.005351615","0.013401533","physical_products","medium"
"cadeau de noel personnalisé","EUR","500","900%","0%","High","100","0.00331216","0.009693609","gift_personalized","high"
"grand cadre photo personnalisé","EUR","500","900%","0%","High","100","0.008065565","0.024329051","physical_products","medium"
"cadre photo famille","EUR","500","900%","0%","High","100","0.005327491","0.019910122","physical_products","medium"
"toile personnalise","EUR","5000","0%","0%","High","100","0.008385697","0.030920119","physical_products","medium"
"cadeaux grands parents","EUR","5000","900%","0%","High","100","0.00143929","0.005196765","gift_grandparents","high"
"poster personnalisé photo","EUR","5000","0%","0%","High","100","0.007850731","0.022881611","physical_products","medium"
"cadre avec photo personnalisé","EUR","500","0%","0%","High","100","0.008334189","0.028253765","physical_products","medium"
"porte clé avec photo","EUR","500","0%","-90%","High","100","0.003951772","0.010766801","physical_products","medium"
"t shirt photo personnalisé","EUR","5000","0%","0%","High","100","0.006204105","0.014379858","physical_products","medium"
"cadre personnalisé photo","EUR","50000","900%","0%","High","100","0.008625307","0.026488475","physical_products","medium"
"photo lego personnalisé","EUR","500","0%","0%","High","100","0.002031958","0.007836061","gift_personalized","high"
"cadre prenom personnalisé","EUR","500","0%","0%","High","100","0.003902546","0.011852707","physical_products","medium"
"idée cadeau photo","EUR","5000","0%","0%","High","100","0.003416806","0.013264613","gift_personalized","high"
"sweat personnalisé photo","EUR","500","0%","0%","High","100","0.005957323","0.018079958","physical_products","medium"
"cadre toile personnalisé","EUR","500","0%","0%","High","100","0.008269315","0.032762996","physical_products","medium"
"lego photo personnalisé","EUR","500","0%","0%","High","100","0.002237012","0.009567447","gift_personalized","high"
"cadeau pour grand parent","EUR","5000","900%","0%","High","100","0.00143929","0.005196765","gift_grandparents","high"
"impression photo sur tee shirt","EUR","500","0%","0%","High","100","0.006134341","0.018181996","physical_products","medium"
"cadeau noce de bois","EUR","500","0%","0%","High","100","0.002116718","0.009112025","life_events","medium"
"toile famille personnalisé","EUR","500","0%","-90%","High","100","0.004421538","0.014560788","physical_products","medium"
"objets personnalisés photo","EUR","500","0%","0%","High","100","0.006398401","0.016112548","gift_personalized","high"
"personnaliser coque","EUR","50000","0%","0%","High","100","0.003972962","0.010985547","physical_products","medium"
"tee shirt avec photo","EUR","500","0%","0%","High","100","0.005404101","0.014304878","physical_products","medium"
"plaque spotify personnalisable","EUR","50","0%","0%","High","100","0.006710383","0.01913685","physical_products","medium"
"oreiller personnalisé photo","EUR","500","0%","0%","High","100","0.005711845","0.017292668","physical_products","medium"
"cadeau personnalise photo","EUR","5000","0%","0%","High","100","0.005332381","0.013389145","gift_personalized","high"
"portrait photo personnalisé","EUR","500","0%","0%","High","100","0.007484959","0.0221442","gift_personalized","high"
"idée cadeau avec photo","EUR","500","900%","0%","High","100","0.004099124","0.012562083","gift_personalized","high"
"cadre photo lumineux personnalisé","EUR","50","900%","0%","High","100","0.00377508","0.011205923","physical_products","medium"
"poster xxl personnalisé","EUR","500","0%","0%","High","100","0.005487883","0.01678476","physical_products","medium"
"porte cle personnalise avec photo","EUR","50","900%","0%","High","100","0.005133521","0.011303397","physical_products","medium"
"cadeau grand parents","EUR","5000","900%","0%","High","100","0.00143929","0.005196765","gift_grandparents","high"
"t shirt personnalisé avec photo","EUR","500","0%","0%","High","100","0.005949825","0.015323954","physical_products","medium"
"cadre photo spotify","EUR","50","900%","0%","High","99","0.007365643","0.019345816","physical_products","medium"
"cadre lumineux personnalisé","EUR","500","900%","0%","High","100","0.003591868","0.010993697","physical_products","medium"
"cadre en toile personnalisé","EUR","500","0%","0%","High","100","0.008269315","0.032762996","physical_products","medium"
"photo sur tee shirt","EUR","500","0%","0%","High","100","0.005512333","0.01758346","physical_products","medium"
"cadre photo famille personnalisé","EUR","500","0%","0%","High","100","0.004457724","0.016976774","physical_products","medium"
"livre personnalisé noel","EUR","500","0%","0%","High","100","0.006955535","0.032264216","gift_personalized","high"
"photo porte clé","EUR","5000","900%","0%","High","100","0.004247454","0.011230373","physical_products","medium"
"cadre couple personnalisé","EUR","500","0%","0%","High","100","0.004323412","0.011901607","physical_products","medium"
"photo personnalisée","EUR","500","0%","0%","High","100","0.007679581","0.020947128","gift_personalized","high"
"idée cadeau anniversaire de mariage","EUR","5000","0%","0%","High","100","0.00152405","0.006206387","gift_anniversary","high"
"cadeau noel grand parent","EUR","500","900%","0%","High","100","0.001707262","0.005691307","gift_grandparents","high"
"imprimer photo sur tee shirt","EUR","500","0%","0%","High","100","0.005167099","0.016763244","physical_products","medium"
"plaque photo personnalisé","EUR","50","900%","0%","High","100","0.006692779","0.019692354","physical_products","medium"
"noce de coton cadeau","EUR","5000","-90%","0%","High","100","0.00169846","0.004963023","life_events","medium"
"tee shirt personnalisé photo pas cher","EUR","500","0%","0%","High","100","0.004571823","0.011750343","physical_products","medium"
"objet photo personnalisé original","EUR","50","900%","0%","High","100","0.004962697","0.014728678","physical_products","medium"
"porte clés personnalisé photo recto verso","EUR","500","900%","0%","High","100","0.004571171","0.010887747","physical_products","medium"
"porte cle photo personnalisable","EUR","5000","0%","0%","High","100","0.004858051","0.011343495","physical_products","medium"
"lego personnalisé photo","EUR","500","0%","0%","High","100","0.001864394","0.007683493","gift_personalized","high"
"cadre photo personnalisé gravé","EUR","500","0%","-90%","High","100","0.005675333","0.018152656","physical_products","medium"
"cadre photo personnalisé avec texte","EUR","50","0%","0%","High","100","0.005546563","0.018055508","physical_products","medium"
"porte clé photo gravé","EUR","500","0%","0%","High","100","0.003766278","0.009442915","physical_products","medium"
"livre de noel personnalisé","EUR","50","0%","0%","High","100","0.005502227","0.019455352","gift_personalized","high"
"plaque personnalisée spotify","EUR","50","0%","0%","High","100","0.005193179","0.01546283","physical_products","medium"
"cadeaux photos personnalisés","EUR","5000","0%","0%","High","100","0.006162703","0.015468046","gift_personalized","high"
"photo personnalisé sur toile","EUR","5000","0%","0%","High","100","0.009939413","0.03474312","physical_products","medium"
"cadeau avec photo personnalisé","EUR","500","900%","0%","High","100","0.004990733","0.012911881","gift_personalized","high"
"photo cadre cadeau","EUR","500","0%","-90%","High","100","0.009772827","0.029822803","physical_products","medium"
"livre noel personnalisé","EUR","500","0%","0%","High","100","0.006955535","0.032264216","gift_personalized","high"
"portrait de famille personnalisé","EUR","500","0%","0%","High","100","0.003395942","0.012651081","gift_personalized","high"
"idée cadeau grand parents","EUR","5000","900%","0%","High","100","0.001192834","0.004571823","gift_grandparents","high"
"cadre photo personnalisé avec prénom","EUR","500","0%","0%","High","99","0.004331236","0.013661028","physical_products","medium"
"cadeau personnalisé noel","EUR","500","0%","-90%","High","100","0.003084938","0.010508935","gift_personalized","high"
"zippo personnalisé photo","EUR","50","900%","0%","High","99","0.002708408","0.008868177","gift_personalized","high"
"cadeau original maman","EUR","500","900%","0%","High","100","0.001862438","0.007781293","gift_mothers","high"
"porte clé photo recto verso","EUR","500","900%","0%","High","100","0.004680381","0.011932251","physical_products","medium"
"cadre photo personnalisé lumineux","EUR","500","0%","-90%","High","100","0.004455442","0.012377567","physical_products","medium"
"tee shirt personnalisé avec photo","EUR","500","0%","0%","High","100","0.005903207","0.014978068","physical_products","medium"
"tee shirt personnalisé photo et texte","EUR","500","0%","0%","High","99","0.005536131","0.013630711","physical_products","medium"
"cadeau noce de froment","EUR","5000","0%","0%","High","99","0.001962194","0.005445177","life_events","medium"
"photo poster personnalisé","EUR","5000","0%","0%","High","100","0.007850731","0.022881611","physical_products","medium"
"cadeau noce de cuir","EUR","500","0%","0%","High","100","0.002466842","0.006942169","life_events","medium"
"photo personnalisé cadre","EUR","50000","900%","0%","High","100","0.008625307","0.026488475","physical_products","medium"
"coque photo personnalisée","EUR","500","0%","-90%","High","100","0.004883805","0.011436405","physical_products","medium"
"plaque spotify personnalisée","EUR","50","900%","0%","High","100","0.005091467","0.015727542","physical_products","medium"
"boule de noël personnalisé","EUR","5000","900%","0%","High","100","0.003837672","0.008945765","physical_products","medium"
"boule de noël personnalisée mon premier noël","EUR","50","900%","0%","High","100","0.002549646","0.007786509","physical_products","medium"
"porte clé gravé photo","EUR","500","0%","0%","High","100","0.003766278","0.009442915","physical_products","medium"
"cadeau noces de coton","EUR","500","-90%","-90%","High","100","0.001693244","0.004419908","gift_anniversary","high"
"cadeau noce de cire","EUR","500","0%","0%","High","100","0.001814516","0.004925207","life_events","medium"
"cadeau cadre photo personnalisé","EUR","500","900%","0%","High","100","0.007705987","0.021816244","physical_products","medium"
"poster geant personnalisé","EUR","50","900%","0%","High","100","0.004837839","0.014886788","physical_products","medium"
"cadeau homme personnalisé photo","EUR","50","900%","0%","High","100","0.003379642","0.009228081","gift_personalized","high"
"tee shirt photo personnalisé","EUR","5000","0%","0%","High","100","0.005711193","0.013267221","physical_products","medium"
"impression photo personnalisé","EUR","500","900%","0%","High","100","0.013089877","0.033005214","physical_products","medium"
"impression toile personnalisée","EUR","500","0%","0%","High","100","0.008570865","0.032610428","physical_products","medium"
"cadeau papy mamie","EUR","500","900%","0%","High","100","0.001904492","0.006105653","gift_grandparents","high"
"portrait personnalisé famille","EUR","50","900%","0%","High","100","0.003809962","0.013773498","gift_personalized","high"
"cadeau photo fete des peres","EUR","500","0%","0%","High","100","0","0","gift_fathers","high"
"cadeau noces de bois","EUR","500","-90%","0%","High","100","0.002617128","0.014223378","gift_anniversary","high"
"porte clé personnalisé photo et texte","EUR","50","0%","0%","High","100","0.002796428","0.007752279","physical_products","medium"
"cadre photo personnalisé pas cher","EUR","50","900%","0%","High","100","0.006486421","0.02189807","physical_products","medium"
"personnalisé photo","EUR","5000","0%","0%","High","100","0.007870291","0.02201217","gift_personalized","high"
"toile xxl personnalisée","EUR","50","0%","-90%","High","100","0.004760251","0.018213292","physical_products","medium"
"impression sur toile personnalisée","EUR","500","0%","0%","High","100","0.008570865","0.032610428","physical_products","medium"
"idée cadeau anniversaire mariage","EUR","500","0%","0%","High","100","0.001777678","0.007138747","gift_anniversary","high"
"toile photo personnalisé pas cher","EUR","50","900%","0%","High","100","0.008371679","0.028683107","physical_products","medium"
"ecocup personnalisé photo","EUR","50","0%","0%","High","100","0.00350776","0.013599415","gift_personalized","high"
"idée cadeau original pour grand parents","EUR","500","900%","0%","High","100","0.001379958","0.005366611","gift_grandparents","high"
"cadre photo toile personnalisé","EUR","50","900%","0%","High","100","0.009536151","0.03621501","physical_products","medium"
"cadre photo personnalisable","EUR","500","0%","0%","High","100","0.008336145","0.025978611","physical_products","medium"
"porte clés gravure photo","EUR","500","0%","0%","High","100","0.003766278","0.009442915","physical_products","medium"
"porte clé photo fete des peres","EUR","50","0%","-100%","Unknown","","0","0","gift_fathers","high"
"impression photo cadeau","EUR","50","900%","0%","High","100","0.009081381","0.026316673","physical_products","medium"
"cadeau noces d or","EUR","500","0%","0%","High","100","0.001460806","0.005394973","gift_anniversary","high"
"idee cadeau personnalisé photo","EUR","500","0%","0%","High","100","0.004385026","0.011655151","gift_personalized","high"
"cadeau photo fete des meres","EUR","500","0%","0%","High","100","0","0","gift_mothers","high"
"imprimer une photo sur un tee shirt","EUR","500","0%","0%","High","100","0.005167099","0.016763244","physical_products","medium"
"livre photo cadeau","EUR","50","900%","0%","High","100","0.01375459","0.054446558","physical_products","medium"
"objet personnalisé avec photo","EUR","500","900%","0%","High","100","0.004770683","0.012818971","physical_products","medium"
"t shirt avec photo personnalisé","EUR","500","0%","0%","High","100","0.005949825","0.015323954","physical_products","medium"
"photo cadeau personnalisé","EUR","5000","0%","0%","High","100","0.006162703","0.015468046","gift_personalized","high"
"chaussettes avec photo personnalisé","EUR","500","900%","0%","High","100","0.003794966","0.012557845","physical_products","medium"
"photo cadeau noel","EUR","500","900%","0%","High","100","0.007469963","0.024762305","gift_personalized","high"
"toile personnalisée pas cher","EUR","50","0%","-90%","High","100","0.008448941","0.029982217","physical_products","medium"
"cadeau pour anniversaire de mariage","EUR","5000","-90%","-90%","High","100","0.001986644","0.007493435","gift_anniversary","high"
"toile imprimée personnalisée","EUR","50","0%","0%","High","100","0.008282355","0.030943917","physical_products","medium"
"badge personnalisé photo","EUR","500","0%","0%","High","100","0.004329606","0.010235095","gift_personalized","high"
"idée cadeau anniversaire de mariage couple","EUR","500","0%","0%","High","100","0.002435546","0.008498167","gift_anniversary","high"
"cadeau cadre photo","EUR","500","0%","-90%","High","100","0.009772827","0.029822803","physical_products","medium"
"cadre personnalisé avec plusieurs photos","EUR","50","900%","0%","High","100","0.006964337","0.02185895","physical_products","medium"
"taie oreiller personnalisé","EUR","500","0%","0%","High","100","0.004289182","0.010641291","physical_products","medium"
"cadre sur toile personnalisé","EUR","500","0%","0%","High","100","0.008269315","0.032762996","physical_products","medium"
"bob personnalisé photo","EUR","500","0%","-90%","High","100","0.004273208","0.010385055","gift_personalized","high"
"objet personnalisable photo","EUR","500","0%","0%","High","100","0.006398401","0.016112548","physical_products","medium"
"cadeau fete des meres photo","EUR","500","0%","0%","High","100","0","0","gift_mothers","high"
"idée cadeau noce de coton","EUR","500","0%","0%","High","100","0.001991208","0.005764331","life_events","medium"
"cadre photo plexiglas personnalisé","EUR","50","0%","0%","High","100","0.006238335","0.029819217","physical_products","medium"
"cadeau anniversaire mariage homme","EUR","500","0%","0%","High","100","0.00187287","0.006061969","gift_anniversary","high"
"cadre personnalisé naissance","EUR","500","0%","-90%","High","100","0.003006372","0.010290189","physical_products","medium"
"noce de bois cadeau","EUR","500","0%","0%","High","100","0.002116718","0.009112025","life_events","medium"
"photo sur bois personnalisé","EUR","50","0%","0%","High","100","0.006768411","0.018885504","gift_personalized","high"
"idee cadeau noel grand parent","EUR","500","900%","0%","High","100","0.001373112","0.005079731","gift_grandparents","high"
"cadeau original avec photo","EUR","50","900%","0%","High","100","0.003739872","0.010488071","gift_personalized","high"
"cadeau d anniversaire de mariage","EUR","500","-90%","-90%","High","99","0.00216627","0.007389767","gift_anniversary","high"
"idée cadeau photo personnalisé","EUR","500","900%","0%","High","100","0.004817301","0.014016694","gift_personalized","high"
"photo personnalisé famille","EUR","50","900%","0%","High","100","0.005452675","0.016443112","gift_personalized","high"
"photos aimantées personnalisé","EUR","500","0%","0%","High","100","0.007115927","0.018636766","gift_personalized","high"
"cadre a personnaliser","EUR","500","0%","0%","High","100","0.005140367","0.013143667","physical_products","medium"
"photo famille personnalisé","EUR","500","0%","0%","High","100","0.004142482","0.015086952","gift_personalized","high"
"photo aimantée personnalisée","EUR","500","0%","0%","High","100","0.007115927","0.018636766","gift_personalized","high"
"noce de froment cadeau","EUR","5000","0%","0%","High","99","0.001962194","0.005445177","life_events","medium"
"photo avec cadre personnalisé","EUR","50","0%","0%","High","100","0.010967617","0.031558753","physical_products","medium"
"t shirt personnalisé photo et texte","EUR","50","900%","900%","High","100","0.005125371","0.013969424","physical_products","medium"
"cadeau photo noel","EUR","500","900%","0%","High","100","0.007469963","0.024762305","gift_personalized","high"
"boule mon premier noël personnalisée","EUR","50","900%","0%","High","99","0.002608326","0.008600857","physical_products","medium"
"poster couple personnalisé","EUR","50","900%","0%","High","100","0.004658539","0.010720509","physical_products","medium"
"memory photo personnalisé","EUR","50","0%","0%","High","100","0.006369387","0.021825698","gift_personalized","high"
"idee cadeau noel personnalisé","EUR","500","0%","0%","High","100","0.002963666","0.009947563","gift_personalized","high"
"toile a personnaliser","EUR","50","0%","-90%","High","100","0.006782755","0.023503293","physical_products","medium"
"objets photos personnalisés","EUR","5000","0%","0%","High","100","0.005351615","0.013401533","gift_personalized","high"
"cadre photo personnalisé couple","EUR","500","0%","0%","High","100","0.005630671","0.01664784","physical_products","medium"
"cadeau pour ma maman","EUR","500","0%","0%","High","100","0.002322424","0.008625307","gift_mothers","high"
"cadre photo personnalisé livraison rapide","EUR","50","0%","0%","High","100","0.005841593","0.021063836","physical_products","medium"
"idée cadeau pour sa maman","EUR","500","900%","0%","High","100","0.001876782","0.007745759","gift_mothers","high"
"cadre photo sur toile personnalisé","EUR","50","0%","0%","High","100","0.006983245","0.033194294","physical_products","medium"
"objet a personnaliser avec photo","EUR","50","0%","0%","High","100","0.004714285","0.014253044","physical_products","medium"
"coque personnalisée plusieurs photos","EUR","50","0%","-90%","High","100","0.004394154","0.014958182","physical_products","medium"
"cadre personnalisé papa","EUR","50","900%","0%","High","100","0.004572149","0.011758493","gift_fathers","high"
"tee shirt personnalisé photo recto verso","EUR","50","900%","900%","High","100","0.005050717","0.013617671","physical_products","medium"
"cadeau personnalisé grand parent","EUR","500","900%","0%","High","100","0.003230334","0.009418465","gift_grandparents","high"
"cadre personnalisé fete des peres","EUR","50","0%","0%","Low","0","0","0","gift_fathers","high"
"boule personnalisée noel","EUR","500","900%","0%","High","100","0.003348672","0.008945765","physical_products","medium"
"cadeaux noel personnalisé","EUR","500","0%","0%","High","100","0.003379642","0.010375275","gift_personalized","high"
"cadeau anniversaire de mariage homme","EUR","500","0%","0%","High","100","0.00178648","0.005600679","gift_anniversary","high"
"cadeau fete des peres photo","EUR","500","0%","0%","High","100","0","0","gift_fathers","high"
"cadre photo personnalisée","EUR","500","0%","0%","High","100","0.008682357","0.027356613","physical_products","medium"
"fete des meres cadeau original","EUR","5000","0%","-90%","High","78","0.001648908","0.005991879","gift_mothers","high"
"poster multi photo personnalisé","EUR","50","0%","0%","High","100","0.008374287","0.027787911","physical_products","medium"
"cadre photo naissance","EUR","500","0%","0%","High","100","0.00302528","0.013624517","physical_products","medium"
"cadeau avec photo personnalisé pas cher","EUR","50","0%","0%","High","100","0.004639957","0.011747735","gift_personalized","high"
"porte clé personnalisé gravé photo","EUR","50","?","0%","High","100","0.004852835","0.009442915","physical_products","medium"
"porte cle personnalise photo","EUR","5000","0%","0%","High","100","0.004659517","0.011232003","physical_products","medium"
"cadeau photo personnalisé suisse","EUR","50","0%","0%","Unknown","","0","0","gift_personalized","high"
"grand poster personnalisé","EUR","50","0%","0%","High","100","0.005489513","0.016634474","physical_products","medium"
"livre personnalisé papa avec photo","EUR","50","0%","0%","High","100","0.006447301","0.023402559","gift_fathers","high"
"photo avec texte personnalisé","EUR","500","0%","0%","High","100","0.005786499","0.012813429","gift_personalized","high"
"chaussettes personnalisées livraison rapide","EUR","500","900%","0%","High","100","0.00395275","0.011325891","physical_products","medium"
"porte monnaie personnalisé photo","EUR","50","0%","-90%","High","100","0.003500914","0.008575429","physical_products","medium"
"cadre photo mariage personnalisé","EUR","500","0%","0%","High","100","0.004578995","0.01789153","physical_products","medium"
"cahier personnalisé photo","EUR","500","900%","0%","High","100","0.007943315","0.028014155","gift_personalized","high"
"porte clé personnalisé photo gravé","EUR","50","0%","0%","High","100","0.002971164","0.007810959","physical_products","medium"
"coque photo personnalisé","EUR","500","0%","-90%","High","100","0.004883805","0.011436405","physical_products","medium"
"tee shirt avec photo personnalisé","EUR","500","0%","0%","High","100","0.005903207","0.014978068","physical_products","medium"
"toile murale personnalisée","EUR","50","900%","900%","High","100","0.005795627","0.023587401","physical_products","medium"
"impression photo tee shirt","EUR","50","0%","0%","High","100","0.005882343","0.016962756","physical_products","medium"
"cadre photo personnalisé bois","EUR","50","0%","-90%","High","100","0.005782913","0.013997786","physical_products","medium"
"photo encadrée personnalisée","EUR","50","900%","900%","High","100","0.014490698","0.039742982","gift_personalized","high"
"cadeau personnalisable photo","EUR","5000","0%","0%","High","100","0.005332381","0.013389145","gift_personalized","high"
"cadeau cadre personnalisé","EUR","50","900%","0%","High","100","0.006294407","0.01712869","physical_products","medium"
"idée de cadeau pour la fête des mères","EUR","5000","-90%","-90%","High","94","0","0","gift_mothers","high"
"cadeau de noel grand parents","EUR","500","900%","0%","High","100","0.001766268","0.006415353","gift_grandparents","high"
"coque avec photo personnalisé pas cher","EUR","50","0%","0%","High","100","0","0","physical_products","medium"
"noce de coton cadeau homme","EUR","500","-90%","-90%","High","100","0.001279876","0.003884616","life_events","medium"
"cadre personnalisé mamie","EUR","500","900%","0%","High","100","0.004863593","0.012776591","gift_grandparents","high"
"noces de bois cadeau","EUR","500","0%","0%","High","100","0.002116718","0.009112025","gift_anniversary","high"
"memory personnalisé photo","EUR","50","0%","0%","High","100","0.006369387","0.021825698","gift_personalized","high"
"taie d oreiller personnalisée photo","EUR","50","0%","0%","High","100","0.005065713","0.009992551","physical_products","medium"
"cadeau personnalise avec photo","EUR","500","900%","0%","High","100","0.004990733","0.012911881","gift_personalized","high"
"sweat personnalisé brodé photo","EUR","50","0%","0%","High","100","0.005074841","0.017483052","physical_products","medium"
"cadeau noces de froment","EUR","500","0%","0%","High","100","0.001728452","0.004232458","gift_anniversary","high"
"poster photo personnalisé avec texte","EUR","50","0%","0%","High","100","0.007215031","0.020306538","physical_products","medium"
"idée cadeau anniversaire mariage parents","EUR","500","-90%","-90%","High","100","0.001703676","0.005676311","gift_anniversary","high"
"cadre photo prenom","EUR","50","900%","0%","High","100","0.004371008","0.015616702","physical_products","medium"
"cadeau noce d étain","EUR","500","-90%","-90%","High","100","0.001335622","0.004002302","life_events","medium"
"cadeau noce de laine","EUR","500","0%","0%","High","100","0.001714434","0.005841593","life_events","medium"
"noce de cire cadeau","EUR","500","0%","0%","High","100","0.001814516","0.004925207","life_events","medium"
"porte clé personnalisé avec photo","EUR","50","900%","0%","High","100","0.005133521","0.011303397","physical_products","medium"
"tee shirt personnalise photo","EUR","500","0%","0%","High","100","0.007064419","0.015322324","physical_products","medium"
"cube personnalisé photo","EUR","500","900%","0%","High","100","0.004172148","0.014842452","physical_products","medium"
"cadeau personnalisé avec photo et texte","EUR","500","0%","0%","High","100","0.004160086","0.009476819","gift_personalized","high"
"gobelet personnalisé photo pas cher","EUR","50","0%","0%","High","100","0.003773124","0.012128829","gift_personalized","high"
"gobelet personnalisé anniversaire de mariage","EUR","50","0%","0%","High","100","0","0","gift_anniversary","high"
"cadeaux de noël personnalisés","EUR","500","0%","0%","High","100","0.002759916","0.012700959","gift_personalized","high"
"photo personnalisé avec texte","EUR","500","0%","0%","High","100","0.005786499","0.012813429","gift_personalized","high"
"poster aimanté personnalisé","EUR","50","0%","0%","High","86","0.005745423","0.01674075","physical_products","medium"
"plaque spotify personnalisé pas cher","EUR","50","0%","-100%","Unknown","","0","0","physical_products","medium"
"coque personnalisée photobox","EUR","50","0%","0%","High","100","0.004344928","0.009145929","physical_products","medium"
"grand cadre personnalisé","EUR","50","0%","0%","High","100","0.007877463","0.022356752","physical_products","medium"
"idée cadeau 1 an de mariage pour homme","EUR","500","0%","0%","High","100","0.001841248","0.006673219","life_events","medium"
"cadeau fete des meres original","EUR","5000","0%","-90%","High","78","0.001648908","0.005991879","gift_mothers","high"
"cadeau personnalisé photo et texte","EUR","50","?","0%","High","100","0.003047774","0.010458405","gift_personalized","high"
"cadre de naissance personnalisé","EUR","500","0%","0%","High","100","0.002190068","0.008677793","physical_products","medium"
"idee cadeau 1 an mariage","EUR","500","0%","0%","High","100","0.002285912","0.004910537","life_events","medium"
"cadre photo naissance personnalisé","EUR","500","0%","0%","High","100","0.002995614","0.01659894","physical_products","medium"
"t shirt brodé personnalisé photo","EUR","500","900%","0%","High","100","0.005333685","0.013924436","physical_products","medium"
"plaque personnalisée photo","EUR","50","900%","900%","High","100","0.005502227","0.012553281","physical_products","medium"
"cadeau fete des mere original","EUR","5000","0%","-90%","High","78","0.001648908","0.005991879","gift_mothers","high"
"cadeau saint valentin photo","EUR","50","0%","0%","High","100","0","0","gift_personalized","high"
"peignoir personnalisé photo","EUR","50","900%","0%","High","100","0.004108578","0.009988965","physical_products","medium"
"objet avec photo personnalisé","EUR","500","900%","0%","High","100","0.004770683","0.012818971","physical_products","medium"
"poster cadre personnalisé","EUR","50","0%","0%","High","100","0.005354875","0.016514832","physical_products","medium"
"cadeau original fête des mères","EUR","500","0%","0%","High","100","0","0","gift_mothers","high"
"plaque émaillée personnalisée avec photo","EUR","50","0%","0%","High","100","0.002661138","0.008300937","physical_products","medium"
"cadre photo a offrir","EUR","50","900%","0%","High","100","0.007470941","0.024407617","physical_products","medium"
"cadeau personnalisé femme photo","EUR","50","900%","0%","High","100","0.004060004","0.010575439","gift_personalized","high"
"chaussettes photo personnalisée","EUR","50","0%","-90%","High","100","0.006362541","0.013305363","physical_products","medium"
"cadre photo personnalisé fete des meres","EUR","50","0%","0%","High","100","0","0","gift_mothers","high"
"poster toile personnalisé","EUR","50","0%","0%","High","100","0.007801831","0.029807155","physical_products","medium"
"personnaliser cadre photo","EUR","50000","900%","0%","High","100","0.008625307","0.026488475","physical_products","medium"
"cadeau noces de cuir","EUR","500","0%","0%","High","100","0.00139691","0.007619597","gift_anniversary","high"
"cadeau photo mamie","EUR","50","900%","0%","High","100","0.004831319","0.013796318","gift_grandparents","high"
"idee cadeau papy mamie","EUR","500","900%","0%","High","100","0.001576536","0.004820235","gift_grandparents","high"
"cadeau grand parent noel","EUR","500","900%","0%","High","100","0.0016137","0.005760745","gift_grandparents","high"
"coque portable personnalisée photo","EUR","50","0%","0%","High","100","0.006356999","0.012130133","physical_products","medium"
"sweat brodé personnalisé photo","EUR","50","900%","0%","High","100","0.005406383","0.014382466","physical_products","medium"
"personnaliser t shirt avec photo","EUR","500","0%","0%","High","100","0.005949825","0.015323954","physical_products","medium"
"chaussettes personnalisées texte photo","EUR","50","0%","0%","High","100","0.002116718","0.006810139","physical_products","medium"
"cadre photo bois personnalisé","EUR","500","0%","0%","High","100","0.004395132","0.015680272","physical_products","medium"
"noce de cuir cadeau","EUR","500","0%","0%","High","100","0.002466842","0.006942169","life_events","medium"
"cadre personnalisé maman","EUR","500","900%","0%","High","100","0.004727325","0.010774951","gift_mothers","high"
"cadre mariage personnalisé","EUR","500","0%","0%","High","100","0.002986812","0.011445859","physical_products","medium"
"cadre personnalisé mariage","EUR","500","0%","0%","High","100","0.002986812","0.011445859","physical_products","medium"
"idee cadeau pour grand parent","EUR","500","900%","0%","High","100","0.001103836","0.00453466","gift_grandparents","high"
"offrir un cadre photo personnalisé","EUR","50","0%","0%","High","100","0.009234275","0.022648848","physical_products","medium"
"chaussettes visage personnalisées","EUR","50","900%","0%","High","100","0.004382418","0.012445375","physical_products","medium"
"cadeau 1 an mariage","EUR","500","-90%","0%","High","100","0.001625762","0.004685923","life_events","medium"
"cadeau pour la fete des grand mere","EUR","5000","0%","-90%","High","100","0.002247444","0.008634109","gift_mothers","high"
"porte monnaie homme personnalisé photo","EUR","50","0%","0%","High","100","0.004063916","0.010358975","physical_products","medium"
"personnaliser une coque","EUR","50","0%","0%","High","100","0.003690646","0.009382931","physical_products","medium"
"boite anniversaire personnalisée","EUR","500","-90%","0%","High","100","0.003476464","0.008877957","gift_anniversary","medium"
"cahier photo personnalisé","EUR","500","900%","0%","High","100","0.007943315","0.028014155","gift_personalized","high"
"cadre personnalisé spotify","EUR","50","0%","0%","High","100","0.005968407","0.016285328","physical_products","medium"
"cadre avec plusieurs photo personnalisé","EUR","50","0%","-90%","High","100","0.007980479","0.025019193","physical_products","medium"
"toile photo personnalisé avec texte","EUR","50","0%","0%","High","100","0.005308257","0.025304769","physical_products","medium"
"toile panoramique personnalisée","EUR","50","0%","0%","High","100","0.003780296","0.017814268","physical_products","medium"
"idée de cadeau pour sa maman","EUR","500","0%","-90%","High","100","0.002362196","0.007341519","gift_mothers","high"
"cadre multi photo personnalisé","EUR","50","900%","900%","High","100","0.006989439","0.027755637","physical_products","medium"
"idée cadeau 1 an de mariage","EUR","500","-90%","0%","High","100","0.001692592","0.004331236","life_events","medium"
"cadeau nounou avec photo","EUR","50","0%","0%","High","100","0.002351112","0.009356199","gift_personalized","high"
"porte clé papa personnalisé photo","EUR","50","0%","0%","High","100","0.004419582","0.010080245","gift_fathers","high"
"photo personnalisée sur toile","EUR","5000","0%","0%","High","100","0.009939413","0.03474312","physical_products","medium"
"cadeau avec des photos","EUR","500","900%","0%","High","100","0.004950961","0.013925414","gift_other","medium"
"objet personnalisé photo pas cher","EUR","500","0%","0%","High","100","0.004133028","0.011917255","physical_products","medium"
"photo spotify personnalisé","EUR","50","0%","0%","High","100","0.006265067","0.012944481","physical_products","medium"
"cadeau personnalisé papy mamie","EUR","50","900%","0%","High","100","0.003578176","0.011743171","gift_grandparents","high"
"tee shirt homme personnalisé photo","EUR","50","0%","0%","High","100","0.004504668","0.012536329","physical_products","medium"
"cadeau livre photo","EUR","50","900%","0%","High","100","0.01375459","0.054446558","physical_products","medium"
"impression photo personnalisée","EUR","500","900%","0%","High","100","0.013089877","0.033005214","physical_products","medium"
"cadeau original pour maman","EUR","500","900%","0%","High","100","0.001862438","0.007781293","gift_mothers","high"
"cadre bois personnalisé","EUR","500","0%","0%","High","100","0.004982909","0.01533732","physical_products","medium"
"cadre photo à poser personnalisé","EUR","50","0%","0%","High","100","0.005921789","0.019023402","physical_products","medium"
"cadre photo perso","EUR","500","0%","0%","High","100","0.008336145","0.025978611","physical_products","medium"
"cadeau pour papy et mamie","EUR","500","900%","0%","High","100","0.001904492","0.006105653","gift_grandparents","high"
"photo couple personnalisé","EUR","50","0%","-90%","High","100","0.004776877","0.012358659","gift_personalized","high"
"idee de cadeau pour la fete des mere","EUR","5000","0%","-90%","High","81","0","0","gift_mothers","high"
"cadeau original fete des grands mères","EUR","50","-100%","-100%","Unknown","","0","0","gift_mothers","high"
"cadeau photo fete des grand mere","EUR","50","-100%","-100%","Unknown","","0","0","gift_mothers","high"
"cadre photo à personnaliser","EUR","50000","900%","0%","High","100","0.008625307","0.026488475","physical_products","medium"
"toile personnalisée famille pas cher","EUR","50","0%","0%","High","100","0.003415502","0.018654696","physical_products","medium"
"cadre photo couple personnalisé","EUR","50","900%","900%","High","100","0.005481689","0.013061515","physical_products","medium"
"cadeau homme anniversaire de mariage","EUR","500","0%","0%","High","100","0.00178648","0.005600679","gift_anniversary","high"
"coque personnalisée avec photo","EUR","50","0%","0%","High","100","0.004906951","0.009841613","physical_products","medium"
"coque avec photo personnalisé","EUR","50","0%","0%","High","100","0.004774269","0.011145287","physical_products","medium"
"badge photo personnalisé","EUR","500","0%","0%","High","100","0.004329606","0.010235095","gift_personalized","high"
"cadeau maman original","EUR","500","900%","0%","High","100","0.001862438","0.007781293","gift_mothers","high"
"photo personnalisé couple","EUR","50","0%","0%","High","100","0.005600679","0.01685485","gift_personalized","high"
"idée cadeau noce de bois","EUR","500","-90%","0%","High","100","0.002031958","0.008574777","life_events","medium"
"cadeau pour 1 an de mariage","EUR","5000","0%","0%","High","100","0.002042716","0.007403133","life_events","medium"
"tee shirt personnalisé photobox","EUR","50","0%","0%","High","100","0.003866686","0.013573009","physical_products","medium"
"mon premier noël personnalisé","EUR","50","0%","0%","High","100","0.002402294","0.008934029","gift_personalized","high"
"cadre photo aluminium personnalisé","EUR","50","0%","0%","High","100","0.006635077","0.028260611","physical_products","medium"
"cadre photo personnalisé toile","EUR","50","900%","900%","High","100","0.008128809","0.029819217","physical_products","medium"
"tee shirt personnalisable photo","EUR","500","0%","0%","High","100","0.007064419","0.015322324","physical_products","medium"
"box anniversaire de mariage","EUR","50","0%","0%","High","95","0.004435556","0.014151984","gift_anniversary","high"
"cadeau original photo","EUR","500","0%","-90%","High","100","0.003877118","0.012499491","gift_personalized","high"
"personnaliser une photo","EUR","500","0%","0%","High","100","0.006595305","0.014807896","gift_personalized","high"
"t shirt personnalisé photo pas cher","EUR","50","0%","0%","High","100","0.005128957","0.012876021","physical_products","medium"
"cadre plexi personnalisé","EUR","50","900%","900%","High","100","0.005452675","0.020718602","physical_products","medium"
"cadre photo avec prenom","EUR","50","900%","0%","High","100","0.0036512","0.013967142","physical_products","medium"
"vinyle personnalisé photo","EUR","500","900%","0%","High","99","0.000786312","0.004852183","gift_personalized","high"
"coeur personnalisé avec photo","EUR","50","900%","0%","High","100","0.003578176","0.009148863","gift_personalized","high"
"noel personnalisé","EUR","50","0%","0%","High","100","0.003526994","0.013267873","gift_personalized","high"
"faire cadre photo personnalisé","EUR","50","900%","900%","High","100","0.008737451","0.027261421","physical_products","medium"
"photobox coque personnalisée","EUR","50","0%","0%","High","100","0.004344928","0.009145929","physical_products","medium"
"cadre photo personnalisé mamie","EUR","50","900%","0%","High","100","0.005560581","0.01638215","gift_grandparents","high"
"cadeau impression photo","EUR","50","900%","0%","High","100","0.009081381","0.026316673","physical_products","medium"
"déco photo personnalisé","EUR","50","900%","0%","High","100","0.006349827","0.018333586","gift_personalized","high"
"petit cadre photo personnalisé","EUR","50","0%","0%","High","100","0.008117399","0.018429104","physical_products","medium"
"toile multi photo personnalisé","EUR","50","0%","0%","High","100","0.008650083","0.034599354","physical_products","medium"
"noce de froment","EUR","5000","0%","0%","Low","19","0.002243858","0.005926353","life_events","medium"
"cadre mural personnalisé","EUR","50","0%","0%","High","100","0.007954725","0.028987917","physical_products","medium"
"porte clé photo gravé recto verso","EUR","50","0%","0%","High","100","0.003176218","0.009343485","physical_products","medium"
"anniversaire de mariage cadeau","EUR","5000","-90%","-90%","High","100","0.001986644","0.007493435","gift_anniversary","high"
"ma toile personnalisée","EUR","50","0%","0%","High","100","0.006524889","0.023951217","physical_products","medium"
"boule de noël personnalisée famille","EUR","50","0%","0%","High","100","0.002565946","0.009273395","physical_products","medium"
"idée cadeau pour la fête des mères","EUR","50000","0%","0%","High","99","0.00231623","0.011006737","gift_mothers","high"
"cadre photo gravé","EUR","50","900%","0%","High","100","0.005913965","0.0151678","physical_products","medium"
"cadeau fête des mères personnalisé photo","EUR","50","0%","0%","High","100","0","0","gift_mothers","high"
"cadeau personnalisé anniversaire de mariage","EUR","500","0%","0%","High","100","0.002759916","0.006318531","gift_anniversary","high"
"cadre photo spotify personnalisé","EUR","50","0%","0%","High","100","0.009418465","0.018500824","physical_products","medium"
"cadre personnalisé pas cher","EUR","50","0%","0%","High","100","0.006490659","0.015625504","physical_products","medium"
"cadeaux noel grand parents","EUR","500","900%","0%","High","100","0.001707262","0.005691307","gift_grandparents","high"
"1 an de mariage cadeau","EUR","5000","0%","0%","High","100","0.002042716","0.007403133","life_events","medium"
"cadeau photo papa","EUR","50","0%","0%","High","100","0.005040285","0.014627292","gift_fathers","high"
"cadeau photo saint valentin","EUR","50","0%","0%","High","100","0","0","gift_personalized","high"
"meilleur cadeau pour maman","EUR","500","0%","0%","High","100","0.002417942","0.008812757","gift_mothers","high"
"spotify cadre photo","EUR","50","0%","0%","High","100","0.007355863","0.018908324","physical_products","medium"
"cadre photo original personnalisé","EUR","50","0%","0%","High","100","0.006392533","0.017816224","physical_products","medium"
"porte clé personnalisé 2 photos","EUR","50","0%","0%","High","100","0.003172958","0.008032313","physical_products","medium"
"cadeau noces de cire","EUR","500","0%","0%","High","100","0.001670098","0.004177364","gift_anniversary","high"
"plaque spotify personnalisé suisse","EUR","50","0%","0%","Unknown","","0","0","physical_products","medium"
"porte clé personnalisable photo","EUR","5000","0%","0%","High","100","0.004659517","0.011232003","physical_products","medium"
"idée cadeau anniversaire mariage homme","EUR","500","-90%","-90%","High","100","0.00135453","0.004922925","gift_anniversary","high"
"cadeau papy et mamie","EUR","50","900%","0%","High","100","0.002116718","0.005775415","gift_grandparents","high"
"cadeau noces d or parents","EUR","50","0%","0%","High","100","0.001864068","0.005600353","gift_anniversary","high"
"objet photo personnalisé livraison rapide","EUR","50","0%","0%","High","100","0.007058877","0.017261046","physical_products","medium"
"boîte métal personnalisable photo","EUR","50","0%","0%","High","100","0.003500588","0.008936963","gift_personalized","high"
"chaussettes personnalisées plusieurs visages","EUR","50","0%","0%","High","100","0.004291138","0.011245369","physical_products","medium"
"quoi offrir a la fete des meres","EUR","50","0%","0%","High","100","0","0","gift_mothers","high"
"cadeau noce de chypre","EUR","500","0%","0%","High","100","0.001504164","0.004830993","life_events","medium"
"cadeau photo anniversaire","EUR","50","0%","0%","High","100","0.004745255","0.011481067","gift_anniversary","high"
"cadre photo avec texte personnalisé","EUR","50","0%","-90%","High","100","0.006053819","0.014312702","physical_products","medium"
"tshirt personnalisé avec photo","EUR","50","0%","0%","High","100","0.006094243","0.016102442","physical_products","medium"
"cadeau homme noce de coton","EUR","500","-90%","0%","High","100","0.002201152","0.006180307","life_events","medium"
"impression photo fete des peres","EUR","50","0%","0%","Unknown","","0","0","gift_fathers","high"
"cadre plexiglass personnalisé","EUR","50","0%","0%","High","95","0","0","physical_products","medium"
"toile avec photo personnalisé","EUR","50","900%","900%","High","100","0.008922619","0.032255414","physical_products","medium"
"cadeau pour les grands parents","EUR","5000","900%","0%","High","100","0.00143929","0.005196765","gift_grandparents","high"
"cadeau homme 1 an de mariage","EUR","500","0%","0%","High","100","0.001776048","0.00421355","life_events","medium"
"imprimer un tee shirt avec une photo","EUR","50","0%","0%","High","100","0.005376065","0.012332579","physical_products","medium"
"photo bois personnalisé","EUR","50","0%","0%","High","100","0.007247631","0.02038054","gift_personalized","high"
"t shirt personnalisé avec photo et texte","EUR","50","0%","0%","High","100","0.007647959","0.028035671","physical_products","medium"
"cadre plusieurs photo personnalisé","EUR","50","0%","0%","High","100","0.007752931","0.022563762","physical_products","medium"
"cadeau 1 an de mariage pour homme","EUR","500","0%","0%","High","100","0.001776048","0.00421355","life_events","medium"
"faire un cadre personnalisé","EUR","50","0%","0%","High","100","0.006952601","0.021572396","physical_products","medium"
"tee shirt personnalisé avec photo et texte","EUR","50","0%","0%","High","100","0.004854791","0.012590445","physical_products","medium"
"quoi offrir a sa mere pour noel","EUR","50","900%","0%","High","100","0.00204728","0.009425637","gift_other","medium"
"portrait toile personnalisé","EUR","50","0%","0%","High","100","0.007972981","0.025094499","physical_products","medium"
"porte photo personnalisé","EUR","50","0%","-90%","High","100","0.003393008","0.012594683","physical_products","medium"
"cadre personnalisé lumineux","EUR","500","900%","0%","High","100","0.003591868","0.010993697","physical_products","medium"
"poster ville personnalisé","EUR","50","0%","0%","High","100","0.006186175","0.021401898","physical_products","medium"
"cadre photo personnalisé fete des peres","EUR","50","-100%","-100%","Unknown","","0","0","gift_fathers","high"
"photo a personnaliser","EUR","50","900%","0%","High","100","0.007671757","0.016373674","gift_personalized","high"
"cadeau de noel pour grand parent","EUR","500","900%","0%","High","100","0.001766268","0.006415353","gift_grandparents","high"
"gravure photo porte clé","EUR","500","0%","0%","High","100","0.003766278","0.009442915","physical_products","medium"
"sweat personnalisé avec photo","EUR","50","0%","0%","High","100","0.005835399","0.016951998","physical_products","medium"
"cadre photo bureau personnalisé","EUR","50","0%","0%","High","98","0.005943631","0.019331146","physical_products","medium"
"ideecadeauphoto","EUR","50","900%","0%","High","100","0.004861963","0.016657294","gift_other","medium"
"cadre photo en bois personnalisé","EUR","500","0%","0%","High","100","0.004395132","0.015680272","physical_products","medium"
"cadre photo coeur personnalisé","EUR","50","900%","900%","High","100","0.004829689","0.012961759","physical_products","medium"
"cadeau papi mamie","EUR","500","900%","0%","High","100","0.001904492","0.006105653","gift_grandparents","high"
"cadeau anniversaire de mariage parents","EUR","50","0%","0%","High","100","0.002175398","0.004748841","gift_anniversary","high"
"cadre en bois personnalisé","EUR","500","0%","0%","High","100","0.004982909","0.01533732","physical_products","medium"
"idee cadeau original fete des meres","EUR","5000","0%","0%","High","100","0.0008965","0.009054323","gift_mothers","high"
"produit personnalisé photo","EUR","50","0%","0%","High","100","0.006526193","0.014720854","gift_personalized","high"
"cadre photo mural personnalisé","EUR","50","0%","0%","High","100","0.008434923","0.024537365","physical_products","medium"
"coffret cadeau grands parents","EUR","500","900%","0%","High","100","0.002086074","0.009829551","gift_grandparents","high"
"valise personnalisée photo","EUR","50","0%","0%","High","99","0.003712488","0.012813429","gift_personalized","high"
"coffret cadeau anniversaire de mariage","EUR","50","0%","0%","High","100","0.003991218","0.011613749","gift_anniversary","high"
"site photo personnalisé","EUR","50","0%","0%","High","100","0.009945607","0.021336372","gift_personalized","high"
"photo sur porte clés","EUR","5000","900%","0%","High","100","0.004247454","0.011230373","physical_products","medium"
"idée cadeau baptême grand parent","EUR","50","0%","0%","High","100","0","0","gift_grandparents","high"
"cube photo 3d personnalisé","EUR","50","0%","0%","High","100","0.004584863","0.011824345","physical_products","medium"
"cadeau noel papy mamie","EUR","50","900%","0%","High","100","0.002002944","0.006297667","gift_grandparents","high"
"objet photo cadeau","EUR","50","0%","0%","High","100","0.006160421","0.018099192","physical_products","medium"
"t shirt a personnaliser avec photo","EUR","50","0%","0%","High","100","0.007786509","0.023406471","physical_products","medium"
"objet avec photo perso","EUR","50","0%","0%","High","100","0.003690646","0.012001037","physical_products","medium"
"cadeau avec photos personnalisées","EUR","500","900%","0%","High","100","0.004990733","0.012911881","gift_personalized","high"
"boîte personnalisée photo","EUR","50","900%","0%","High","100","0.006288213","0.012979689","gift_personalized","high"
"imprimer photo personnalisé","EUR","50","0%","0%","High","100","0.010213579","0.020923004","gift_personalized","high"
"1 an de mariage noce de coton cadeau","EUR","500","0%","0%","High","100","0","0","life_events","medium"
"porte clé rouleau photo","EUR","50","0%","0%","High","100","0.005451371","0.012565669","physical_products","medium"
"peignoir homme personnalisé photo","EUR","50","900%","0%","High","100","0.003837672","0.008836881","physical_products","medium"
"cadre photo cadeau original","EUR","50","0%","-90%","High","100","0.003973288","0.01456633","physical_products","medium"
"cadeau pour maman personnalisé","EUR","5000","900%","0%","High","100","0.003383554","0.008647475","gift_mothers","high"
"tee shirt femme personnalisé photo","EUR","50","0%","0%","High","100","0.005423987","0.013667874","physical_products","medium"
"produit photo personnalisé","EUR","50","0%","0%","High","100","0.007731089","0.027883755","gift_personalized","high"
"cadeau personnalisé couple photo","EUR","50","0%","-90%","High","100","0.00347679","0.008267033","gift_personalized","high"
"impression photo porte clé","EUR","50","0%","0%","High","100","0.005478755","0.014392898","physical_products","medium"
"porte clé fête des pères photo","EUR","50","0%","0%","Unknown","","0","0","gift_fathers","high"
"cadeau pour noce de coton","EUR","5000","-90%","0%","High","100","0.00169846","0.004963023","life_events","medium"
"cadeau noce de cristal","EUR","500","-90%","0%","High","100","0.001694222","0.005484297","life_events","medium"
"cadeau fete des peres personnalisé photo","EUR","50","0%","0%","High","100","0","0","gift_fathers","high"
"cravate personnalisée photo","EUR","50","900%","0%","High","99","0.003505478","0.009779021","gift_personalized","high"
"cadre photo de famille","EUR","50","900%","0%","High","100","0.004423168","0.012528831","physical_products","medium"
"idée cadeau noël homme personnalisé","EUR","50","0%","0%","High","100","0.002317534","0.005963843","gift_personalized","high"
"faire une toile personnalisée","EUR","50","0%","0%","High","100","0.009556689","0.032708554","physical_products","medium"
"site cadre photo personnalisé","EUR","50","0%","0%","High","100","0.010846019","0.031373911","physical_products","medium"
"photo encadré personnalisé","EUR","50","0%","0%","High","98","0.015851422","0.038802146","gift_personalized","high"
"idée cadeau anniversaire mariage femme","EUR","50","0%","0%","High","100","0.001657384","0.007300117","gift_anniversary","high"
"tee shirt impression photo","EUR","50","0%","0%","High","100","0.004428384","0.01777906","physical_products","medium"
"poster xxl mural personnalisé","EUR","50","0%","0%","High","100","0.00447435","0.013515959","physical_products","medium"
"débardeur personnalisé photo","EUR","50","0%","0%","High","100","0","0","gift_personalized","high"
"tshirt personnalise photo","EUR","5000","0%","0%","High","100","0.006204105","0.014379858","physical_products","medium"
"cadre photo a personnalisé","EUR","50","900%","0%","High","100","0.004929771","0.017264958","physical_products","medium"
"cadeau personnalisé pour grand parents","EUR","50","900%","0%","High","100","0.003047774","0.008427099","gift_grandparents","high"
"cadeau noce de coquelicot","EUR","500","0%","0%","High","100","0.001642714","0.003750956","life_events","medium"
"cadre photo personnalisé naissance","EUR","500","0%","0%","High","100","0.002995614","0.01659894","physical_products","medium"
"cadeau 1 an de mariage pour femme","EUR","50","0%","0%","High","100","0.00292748","0.007491479","life_events","medium"
"cadeau couple photo","EUR","50","900%","900%","High","100","0.003792358","0.009713495","gift_personalized","high"
"idée cadeau cadre photo personnalisé","EUR","50","900%","0%","High","100","0.006688215","0.018267408","physical_products","medium"
"tee shirt personnalisé photo femme","EUR","50","0%","0%","High","100","0.005736621","0.0156079","physical_products","medium"
"cadeau photo pas cher","EUR","50","0%","-90%","High","100","0.005208501","0.017045886","gift_personalized","high"
"photo mural personnalisé","EUR","50","0%","0%","High","100","0.007280883","0.024751547","gift_personalized","high"
"photo autocollante personnalisée","EUR","50","0%","0%","High","100","0.006847629","0.014510258","gift_personalized","high"
"cadeau anniversaire de mariage personnalisé","EUR","500","0%","0%","High","100","0.002759916","0.006318531","gift_anniversary","high"
"cadre photo prenom famille","EUR","50","0%","0%","High","100","0.004509558","0.016847678","physical_products","medium"
"cadeau grand parents personnalisé","EUR","500","900%","0%","High","100","0.002624626","0.008604769","gift_grandparents","high"
"photo sur toile personnalisé pas cher","EUR","50","900%","0%","High","100","0.008371679","0.028683107","physical_products","medium"
"oreiller photo personnalisée","EUR","50","0%","0%","High","100","0.007280883","0.01972202","physical_products","medium"
"idee cadeau photo original","EUR","50","0%","-90%","High","100","0.00329423","0.011651239","gift_personalized","high"
"cadeau original pour sa maman","EUR","50","0%","-90%","High","100","0.001987296","0.006107935","gift_mothers","high"
"fête des mères cadeaux originaux","EUR","5000","0%","-90%","High","78","0.001648908","0.005991879","gift_mothers","high"
"cadeau anniversaire mariage femme","EUR","50","0%","0%","High","100","0.0025265","0.012878629","gift_anniversary","high"
"cadeau personnalisé femme noël","EUR","50","900%","0%","High","100","0.002501724","0.008959457","gift_personalized","high"
"cadeau noce de coton pour femme","EUR","50","0%","0%","High","83","0","0","life_events","medium"
"cadeau photo nounou","EUR","50","0%","0%","High","100","0.00238306","0.008422535","gift_personalized","high"
"porte clés photo personnalise","EUR","5000","0%","0%","High","100","0.004858051","0.011343495","physical_products","medium"
"cadre photo amour personnalisé","EUR","50","900%","0%","High","100","0.005943631","0.0146951","physical_products","medium"
"photo de famille personnalisé","EUR","50","0%","-90%","High","100","0.004291464","0.012920357","gift_personalized","high"
"cadre photo multiple personnalisé","EUR","50","0%","0%","High","100","0.005809319","0.022459768","physical_products","medium"
"cadeau noce de cuir femme","EUR","50","0%","0%","High","100","0.00311656","0.012867545","life_events","medium"
"faire part anniversaire personnalisé","EUR","50","0%","0%","High","100","0.003944274","0.009830203","gift_anniversary","medium"
"poster 40x50 personnalisé","EUR","50","0%","0%","High","100","0.008170537","0.023468411","physical_products","medium"
"petit cadeau personnalisé noel","EUR","50","900%","0%","High","100","0.002100092","0.007758147","gift_personalized","high"
"cadeau photo grand mere","EUR","50","0%","0%","High","100","0.005839637","0.016155254","gift_mothers","high"
"plaque personnalisée avec photo","EUR","50","0%","0%","High","100","0.004515752","0.010296057","physical_products","medium"
"chaussettes personnalisées 2 visages","EUR","50","0%","0%","High","100","0.00366913","0.009555059","physical_products","medium"
"idee cadeau noce de cire","EUR","500","-90%","0%","High","100","0.001862438","0.005287067","life_events","medium"
"boîte à thé personnalisée photo","EUR","50","0%","0%","High","100","0.004362206","0.008877631","gift_personalized","high"
"toile pas cher personnalisé","EUR","50","0%","0%","High","100","0.007957333","0.029536901","physical_products","medium"
"noces d or cadeau","EUR","500","0%","-90%","High","98","0.001301066","0.00426082","gift_anniversary","high"
"porte monnaie femme personnalisé photo","EUR","50","0%","0%","High","100","0.003640442","0.009389451","physical_products","medium"
"oreiller avec photo personnalisé","EUR","50","0%","0%","High","100","0.007449099","0.01972202","physical_products","medium"
"idée cadeau noce de cuir","EUR","500","-90%","0%","High","100","0.002421528","0.009023679","life_events","medium"
"photomaton personnalisé","EUR","50","0%","0%","High","100","0.006402965","0.018423236","gift_personalized","high"
"cadeau noce de bois homme","EUR","50","0%","0%","High","100","0","0","life_events","medium"
"coque personnalisée avec plusieurs photos","EUR","50","0%","0%","High","100","0.004486086","0.010749849","physical_products","medium"
"objet avec photo personnalisée","EUR","500","900%","0%","High","100","0.004770683","0.012818971","physical_products","medium"
"idee de cadeaux pour sa mere","EUR","500","900%","0%","High","100","0.002116718","0.008050243","gift_mothers","high"
"cadeau coton 1 an de mariage","EUR","50","0%","0%","High","100","0.001861134","0.004030664","life_events","medium"
"lego personnalisé avec photo","EUR","500","0%","-90%","High","100","0.001778982","0.005310213","gift_personalized","high"
"objet avec photo personnelle","EUR","500","900%","0%","High","100","0.004770683","0.012818971","physical_products","medium"
"noce de laine cadeau","EUR","500","0%","0%","High","100","0.001714434","0.005841593","life_events","medium"
"poster personnalisé avec cadre","EUR","50","0%","0%","High","100","0.005883973","0.022298724","physical_products","medium"
"site cadre personnalisé","EUR","50","0%","0%","High","100","0.009326859","0.029538531","physical_products","medium"
"boîte à goûter personnalisée photo","EUR","50","0%","0%","High","100","0.002293736","0.008884803","gift_personalized","high"
"cadre cadeau personnalisé","EUR","50","0%","0%","High","100","0.005588943","0.01454677","physical_products","medium"
"toile photo personnalisé avec prenom","EUR","50","0%","0%","High","100","0.004184536","0.010968921","physical_products","medium"
"cadeau personnalisé nounou photo","EUR","50","0%","0%","High","100","0.003271084","0.008751143","gift_personalized","high"
"cadre photo 3d personnalisé","EUR","50","0%","-90%","High","99","0.004130094","0.015498038","physical_products","medium"
"zippo personnalisé photo couleur","EUR","50","?","0%","High","100","0","0","gift_personalized","high"
"cadeau noces de laine","EUR","500","0%","0%","High","100","0.002566272","0.007138095","gift_anniversary","high"
"photo murale personnalisée","EUR","50","0%","0%","High","100","0.007280883","0.024751547","gift_personalized","high"
"idee cadeau papy mamie noel","EUR","50","900%","0%","High","100","0.00155665","0.004679403","gift_grandparents","high"
"livre photo personnalisé fete des peres","EUR","50","0%","0%","Unknown","","0","0","gift_fathers","high"
"cadre photo personnalisé sur toile","EUR","50","900%","0%","High","100","0.009536151","0.03621501","physical_products","medium"
"bonnet personnalisé photo","EUR","50","900%","0%","High","100","0.004362206","0.009482035","gift_personalized","high"
"cadeau papy mamie noel","EUR","50","900%","0%","High","100","0.002197892","0.005604917","gift_grandparents","high"
"cadre photo personnalisé plusieurs photos","EUR","50","0%","0%","High","100","0.005480059","0.021772886","physical_products","medium"
"cadre photo personnalisé spotify","EUR","50","0%","0%","High","100","0.008471109","0.029526469","physical_products","medium"
"memo photo personnalisé","EUR","50","0%","0%","High","100","0.008326365","0.028025565","gift_personalized","high"
"poster personnalisé plusieurs photos","EUR","50","0%","0%","High","100","0.006319509","0.020628952","physical_products","medium"
"cadre personnalisé avec photo","EUR","50","0%","0%","High","100","0.007704357","0.023202395","physical_products","medium"
"toile geante personnalisé","EUR","50","0%","0%","High","100","0.004084454","0.011572673","physical_products","medium"
"cadeau original pour la fête des mères","EUR","5000","0%","-90%","High","78","0.001648908","0.005991879","gift_mothers","high"
"fete des mere cadeau original","EUR","5000","0%","-90%","High","78","0.001648908","0.005991879","gift_mothers","high"
"objets avec photos personnalisées","EUR","500","900%","0%","High","100","0.004770683","0.012818971","gift_personalized","high"
"gravure porte clé photo","EUR","50","0%","0%","High","100","0.002890968","0.011492151","physical_products","medium"
"boule mon premier noël personnalisée en verre","EUR","500","0%","0%","High","100","0.002043368","0.008344295","physical_products","medium"
"cadeau anniversaire mariage parents","EUR","50","0%","0%","High","100","0","0","gift_anniversary","high"
"personnaliser un cadre photo","EUR","500","0%","0%","High","100","0.008682357","0.027356613","physical_products","medium"
"cadeau personnalisé cadre","EUR","50","900%","0%","High","100","0.004825777","0.012004623","physical_products","medium"
"photo mosaïque personnalisée","EUR","50","0%","-90%","High","100","0.005231973","0.018281426","gift_personalized","high"
"gravure sur bois personnalisé photo","EUR","50","900%","0%","High","99","0.003600018","0.007068005","gift_personalized","high"
"cadre famille personnalise","EUR","50","0%","-90%","High","100","0.004080868","0.013499333","physical_products","medium"
"cadeau photo cadre","EUR","500","0%","-90%","High","100","0.009772827","0.029822803","physical_products","medium"
"gravure photo sur porte clé","EUR","500","0%","0%","High","100","0.003766278","0.009442915","physical_products","medium"
"paillasson personnalisé avec photo","EUR","50","900%","900%","High","100","0.003911348","0.009828573","gift_personalized","high"
"idée cadeau noces de coton","EUR","50","0%","0%","High","93","0.00138876","0.003596106","gift_anniversary","high"
"cadeaux noces d or","EUR","50","0%","0%","High","100","0","0","gift_anniversary","high"
"cadeau noce coton","EUR","50","0%","0%","High","100","0.0026569","0.004687227","life_events","medium"
"cadre photo personnalisé saint valentin","EUR","50","0%","0%","High","100","0","0","physical_products","medium"
"cadeau noce de bois pour homme","EUR","500","0%","0%","High","98","0.00140832","0.009912029","life_events","medium"
"idée cadeau noces d or","EUR","500","-90%","0%","High","100","0.001516226","0.004728303","gift_anniversary","high"
"bic personnalisé photo","EUR","50","0%","0%","High","97","0.002201152","0.006630187","gift_personalized","high"
"cadre photo personnalisé meilleure amie","EUR","50","0%","0%","High","100","0.004757969","0.012215219","physical_products","medium"
"noce d étain cadeau","EUR","500","-90%","0%","High","100","0.001298458","0.003614688","life_events","medium"
"cadeau fete des peres avec photo","EUR","50","-100%","-100%","Unknown","","0","0","gift_fathers","high"
"cadeau noce de diamant","EUR","500","0%","0%","High","100","0.00157295","0.005114613","life_events","medium"
"cadeau noces de coquelicot","EUR","50","0%","0%","High","100","0","0","gift_anniversary","high"
"plaque spotify personnalisé livraison rapide","EUR","50","0%","0%","High","100","0.006659201","0.01661035","physical_products","medium"
"fetes des meres cadeau original","EUR","5000","0%","-90%","High","78","0.001648908","0.005991879","gift_other","medium"
"porte clef personnalisé famille","EUR","50","?","0%","High","100","0.004968239","0.013264287","gift_personalized","high"
"cadre gravé personnalisé","EUR","50","0%","0%","High","100","0.002811424","0.009897359","physical_products","medium"
"cadre prénom personnalisé","EUR","500","0%","0%","High","100","0.00411901","0.011958983","physical_products","medium"
"cadeau anniversaire de mariage femme","EUR","50","0%","0%","High","100","0.002678416","0.010572505","gift_anniversary","high"
"cadeau noel pour grand parent","EUR","500","900%","0%","High","100","0.0016137","0.005760745","gift_grandparents","high"
"cadeau original grand parent","EUR","50","900%","0%","High","100","0.00152405","0.006113803","gift_grandparents","high"
"idée de cadeau grand parent","EUR","500","0%","-90%","High","100","0.00125673","0.004571823","gift_grandparents","high"
"coussin personnalisé noel","EUR","50","0%","0%","High","100","0.005331077","0.01533243","physical_products","medium"
"cadeau noce de bois pour femme","EUR","50","0%","0%","High","100","0.002373606","0.008677467","life_events","medium"
"cadre baptême personnalisé","EUR","50","0%","0%","High","100","0","0","physical_products","medium"
"accessoire photo personnalisé","EUR","50","0%","0%","High","100","0.00437166","0.010980005","gift_personalized","high"
"cadre toile photo personnalisé","EUR","50","900%","0%","High","100","0.009536151","0.03621501","physical_products","medium"
"cadeau photo grand parent","EUR","50","0%","-90%","High","100","0.004010126","0.012789305","gift_grandparents","high"
"idée cadeau pour fete des meres","EUR","50000","0%","0%","High","99","0.00231623","0.011006737","gift_mothers","high"
"tee shirt a personnaliser photo","EUR","50","0%","0%","High","100","0","0","physical_products","medium"
"coeur photo personnalisé","EUR","50","0%","0%","High","100","0.004700593","0.009855631","gift_personalized","high"
"personnaliser t shirt photo","EUR","5000","0%","0%","High","100","0.006204105","0.014379858","physical_products","medium"
"taie d oreiller photo personnalisé","EUR","50","0%","0%","High","100","0.005503205","0.011077479","physical_products","medium"
"cadre photo géant personnalisé","EUR","50","0%","0%","High","100","0.004761881","0.015210506","physical_products","medium"
"cadeau noce de corail","EUR","500","-90%","0%","High","100","0.001947198","0.004454138","life_events","medium"
"cadeau arriere grand pere","EUR","50","900%","0%","High","100","0.001692918","0.005339879","gift_grandparents","high"
"accessoire personnalisé photo","EUR","50","0%","0%","High","100","0.005132543","0.010623687","gift_personalized","high"
"boule de noël mon premier noël personnalisée","EUR","50","-90%","0%","High","100","0.002053148","0.008842423","physical_products","medium"
"cadeau pour noces d or","EUR","500","-90%","0%","High","100","0.001974582","0.005125045","gift_anniversary","high"
"box anniversaire mariage","EUR","50","0%","0%","High","100","0","0","gift_anniversary","high"
"cadeau fete des peres porte clé photo","EUR","50","-100%","0%","Unknown","","0","0","gift_fathers","high"
"cadeau noel personnalisé grand parent","EUR","50","900%","0%","High","100","0.00325185","0.010327679","gift_grandparents","high"
"zippo personnalisé avec photo","EUR","50","0%","0%","High","100","0","0","gift_personalized","high"
"cadre à personnaliser","EUR","500","0%","0%","High","100","0.006626927","0.015577908","physical_products","medium"
"cadeau de noel personnalisé pas cher","EUR","50","0%","-90%","High","100","0.003132534","0.012048633","gift_personalized","high"
"cadeau pour ses grands parents","EUR","50","900%","0%","High","100","0.001476128","0.006095547","gift_grandparents","high"
"cadre photo personnalisé cadeau","EUR","50","0%","0%","High","100","0.007686427","0.028936735","physical_products","medium"
"noce de coton cadeau femme","EUR","50","0%","0%","High","98","0.00152405","0.006367105","life_events","medium"
"cadeau souvenir photo","EUR","50","0%","0%","High","100","0.004804913","0.011644393","gift_personalized","high"
"toile imprimé personnalisé","EUR","50","0%","0%","High","100","0.009191569","0.039791882","physical_products","medium"
"cadeau anniversaire mariage 1 an","EUR","50","0%","0%","High","100","0","0","gift_anniversary","high"
"cadeau fête des pères photo","EUR","500","0%","0%","High","100","0","0","gift_fathers","high"
"chaussettes personnalisées avec plusieurs visages","EUR","50","0%","0%","High","100","0.004868483","0.010839825","physical_products","medium"
"poster prenom","EUR","50","0%","0%","High","100","0.00353547","0.013620279","physical_products","medium"
"faire un poster personnalisé","EUR","50","0%","0%","High","100","0.006794491","0.02009203","physical_products","medium"
"cadeau en coton 1 an de mariage","EUR","50","0%","0%","High","100","0.001754206","0.007196449","life_events","medium"
"noce de cuir","EUR","5000","0%","0%","Low","8","0.000103016","0.007089521","life_events","medium"
"cadeau avec une photo","EUR","500","900%","0%","High","100","0.004950961","0.013925414","gift_personalized","high"
"cadeau photo livraison rapide","EUR","50","0%","0%","High","96","0.007791725","0.01855494","gift_personalized","high"
"portrait sans visage personnalisé","EUR","50","0%","0%","High","100","0","0","gift_personalized","high"
"mon cadre photo personnalisé","EUR","50","0%","0%","High","98","0.014218814","0.029552223","physical_products","medium"
"cadeau noce de froment homme","EUR","50","0%","0%","High","90","0.002468798","0.005670769","life_events","medium"
"smartphoto porte clé","EUR","50","0%","0%","High","95","0.003191214","0.004995297","physical_products","medium"
"cadeau de noel photo","EUR","50","900%","0%","High","100","0.006304513","0.01774483","gift_personalized","high"
"personnaliser avec photo","EUR","50","900%","0%","High","100","0.006001333","0.014480592","gift_personalized","high"
"toile personnalisée avec plusieurs photos","EUR","50","0%","0%","High","100","0.008935985","0.027843657","physical_products","medium"
"cadeau nounou photo","EUR","50","0%","0%","High","100","0.003264564","0.010150987","gift_personalized","high"
"boule de noel famille personnalisée","EUR","50","900%","0%","High","100","0.0030318","0.008189119","physical_products","medium"
"cadeau noces de diamant","EUR","50","0%","0%","High","100","0","0","gift_anniversary","high"
"porte clé personnalisé photobox","EUR","50","0%","0%","High","100","0.003950142","0.009835419","physical_products","medium"
"cadeau noce de faience","EUR","500","0%","0%","High","100","0.001693244","0.003862774","life_events","medium"
"grand poster mural personnalisé","EUR","50","0%","0%","High","100","0.005519505","0.01491189","physical_products","medium"
"photo objet personnalisé","EUR","5000","0%","0%","High","100","0.005351615","0.013401533","physical_products","medium"
"cadeau noce de coton homme","EUR","500","-90%","0%","High","100","0.002201152","0.006180307","life_events","medium"
"personnaliser cadre","EUR","500","0%","0%","High","100","0.006626927","0.015577908","physical_products","medium"
"boule mon premier noël avec photo","EUR","50","0%","0%","High","100","0.002136604","0.007919843","physical_products","medium"
"cadeau fete des meres avec photos","EUR","50","0%","-100%","Unknown","","0","0","gift_mothers","high"
"personnaliser photo en ligne","EUR","50","0%","0%","High","100","0.006449257","0.016884842","tools_comparison","high"
"photo personnalisé lego","EUR","50","900%","900%","High","100","0.002284282","0.009677635","gift_personalized","high"
"flocage tee shirt avec photo","EUR","50","0%","0%","High","100","0.003777036","0.014763234","physical_products","medium"
"porte clé personnalisé photo recto verso","EUR","50","0%","0%","High","100","0.005330425","0.009442915","physical_products","medium"
"cadre de famille personnalisé","EUR","50","900%","900%","High","100","0.00424289","0.010822873","physical_products","medium"
"cadeau photo homme","EUR","50","900%","0%","High","100","0.00303017","0.009171357","gift_personalized","high"
"cadre personnalisé anniversaire","EUR","50","0%","0%","High","100","0.004041748","0.014768776","gift_anniversary","medium"
"articles personnalisés avec photo","EUR","50","0%","0%","High","100","0.004774595","0.027819859","gift_personalized","high"
"photo personnalisé toile","EUR","5000","0%","0%","High","100","0.009939413","0.03474312","physical_products","medium"
"cadeau personnalisé pour noel","EUR","500","0%","0%","High","100","0.002632776","0.008883173","gift_personalized","high"
"cadeau pour la premiere fete des meres","EUR","50","0%","0%","Unknown","","0","0","tools_comparison","high"
"idée cadeau avec photo personnalisée","EUR","500","0%","0%","High","100","0.004519338","0.013236251","gift_personalized","high"
"personnaliser chaussettes avec photo","EUR","50","0%","0%","High","100","0.004393828","0.012437551","physical_products","medium"
"photo 3d personnalisé","EUR","50","900%","0%","High","100","0.003217294","0.017868384","gift_personalized","high"
"cadeau original pour une maman","EUR","500","900%","0%","High","100","0.001862438","0.007781293","gift_mothers","high"
"cadeau anniversaire photo","EUR","500","0%","0%","High","100","0.006623015","0.019058936","gift_anniversary","high"
"cadre photo avec photo personnalisé","EUR","50","0%","0%","High","100","0.009394993","0.029819217","physical_products","medium"
"porte clé photo coeur","EUR","50","900%","0%","High","100","0.003477116","0.008941201","physical_products","medium"
"t shirt anniversaire avec photo","EUR","50","0%","0%","High","100","0","0","gift_anniversary","medium"
"plaque de rue personnalisée avec photo","EUR","50","0%","0%","High","100","0","0","physical_products","medium"
"photo personnalisé sur bois","EUR","50","0%","0%","High","100","0.006976399","0.018453554","gift_personalized","high"
"cadeau de fete des meres original","EUR","50","-100%","0%","Unknown","","0","0","gift_mothers","high"
"photo sur toile originale","EUR","50","0%","0%","High","100","0.010337459","0.029583193","physical_products","medium"
"cadeau photo maman","EUR","50","0%","0%","High","100","0.006085767","0.015386546","gift_mothers","high"
"tirelire personnalisée avec photo","EUR","50","0%","0%","High","100","0.002899444","0.008884151","gift_personalized","high"
"cadeau photo personnalisé homme","EUR","50","0%","0%","High","100","0.004210616","0.011608207","gift_personalized","high"
"faire imprimer une photo sur un tee shirt","EUR","50","0%","0%","High","100","0.008793523","0.030588903","physical_products","medium"
"toile mural personnalisé","EUR","50","900%","900%","High","100","0.005795627","0.023587401","physical_products","medium"
"idee original fete des meres","EUR","500","?","0%","High","100","0","0","gift_mothers","high"
"boule personnalisée mon premier noel","EUR","50","900%","0%","High","100","0.002786974","0.008863613","physical_products","medium"
"personnaliser ma coque","EUR","500","900%","0%","High","100","0.002683632","0.008790589","physical_products","medium"
"verres personnalisés photo","EUR","500","0%","0%","High","100","0.005116895","0.013315143","gift_personalized","high"
"boule de noel personnalisée couple","EUR","50","0%","-90%","High","100","0.002690478","0.008948373","physical_products","medium"
"personnaliser tee shirt avec photo","EUR","500","0%","0%","High","100","0.005903207","0.014978068","physical_products","medium"
"toile photo personnalisée pas cher","EUR","50","?","0%","High","100","0.009742509","0.047613273","physical_products","medium"
"biberon personnalisé photo","EUR","50","0%","0%","High","99","0.001518834","0.007476483","gift_personalized","high"
"noce de chypre cadeau","EUR","500","0%","0%","High","100","0.001504164","0.004830993","life_events","medium"
"cadre personnalisé prénom","EUR","500","0%","0%","High","100","0.003902546","0.011852707","physical_products","medium"
"objets photo personnalisée","EUR","5000","0%","0%","High","100","0.005351615","0.013401533","gift_personalized","high"
"cadeau noce de soie","EUR","500","0%","0%","High","100","0.002271568","0.007316743","life_events","medium"
"box grand parents","EUR","50","900%","0%","High","100","0.004041096","0.014676192","gift_grandparents","high"
"cadeau personnalisé photo porte clé","EUR","50","0%","0%","High","100","0.005052347","0.010850909","physical_products","medium"
"idée cadeau anniversaire de mariage homme","EUR","50","0%","0%","High","100","0.001180772","0.003875814","gift_anniversary","high"
"toile de peinture famille personnalisé","EUR","0","0%","0%","Unknown","","0","0","physical_products","medium"
"creer un tee shirt avec photo","EUR","50","0%","0%","High","100","0.00420703","0.015106838","physical_products","medium"
"impression tee shirt photo","EUR","50","0%","0%","High","100","0.006882511","0.018789986","physical_products","medium"
"cadeau noces corail homme","EUR","50","0%","0%","High","100","0","0","gift_anniversary","high"
"cadre photo personnalisé mariage","EUR","500","0%","0%","High","100","0.004578995","0.01789153","physical_products","medium"
"noce de coquelicot cadeau","EUR","500","-90%","0%","High","100","0.002111176","0.008628241","life_events","medium"
"cadre personnalisé amour","EUR","50","0%","0%","High","100","0.004473698","0.011811305","physical_products","medium"
"sweat shirt personnalisé photo","EUR","50","0%","0%","High","99","0.006568573","0.020945498","physical_products","medium"
"cadeau personnalisable avec photo","EUR","50","0%","0%","High","100","0.004365792","0.012830707","gift_personalized","high"
"cravate personnalisée avec photo","EUR","50","0%","0%","High","83","0","0","gift_personalized","high"
"cadeau fete des meres photos","EUR","500","0%","0%","High","100","0","0","gift_mothers","high"
"taie oreiller personnalisé photo","EUR","50","0%","0%","High","100","0.003624468","0.008878609","physical_products","medium"
"faire plaisir à ses grands parents","EUR","50","0%","-100%","Unknown","","0","0","gift_grandparents","high"
"porte clé photo rouleau","EUR","50","0%","0%","High","100","0","0","physical_products","medium"
"cadeau pour des grands parents","EUR","5000","900%","0%","High","100","0.00143929","0.005196765","gift_grandparents","high"
"cadeaux de noël pour grand parent","EUR","500","900%","0%","High","100","0.001766268","0.006415353","gift_grandparents","high"
"impression photo objet cadeau","EUR","50","?","?","High","71","0","0","physical_products","medium"
"sweat capuche personnalisé photo","EUR","50","0%","0%","High","100","0.005887233","0.01373992","physical_products","medium"
"bière personnalisée photo","EUR","50","0%","0%","High","100","0.002455106","0.007988955","gift_personalized","high"
"spotify cadre personnalisé","EUR","50","0%","-100%","Unknown","","0","0","physical_products","medium"
"idée cadeau noce de froment","EUR","500","-90%","0%","High","100","0.001617612","0.004051202","life_events","medium"
"cadeau de noël personnalisé","EUR","500","900%","0%","High","100","0.00331216","0.009693609","gift_personalized","high"
"cadeau papy et mamie noel","EUR","50","0%","-90%","High","100","0.002096832","0.005254141","gift_grandparents","high"
"cadeau personnalisé homme photo","EUR","50","900%","0%","High","100","0.004201488","0.010626947","gift_personalized","high"
"idee cadeau grand parents noel","EUR","500","900%","0%","High","100","0.00139365","0.005268159","gift_grandparents","high"
"cadre anniversaire personnalisé","EUR","50","0%","0%","High","100","0","0","gift_anniversary","medium"
"chaussettes personnalisées 3 visages","EUR","50","0%","0%","High","100","0.00296334","0.006109239","physical_products","medium"
"porte clé en bois personnalisé photo","EUR","50","0%","0%","High","100","0.00400491","0.006526845","physical_products","medium"
"flasque personnalisée photo","EUR","50","0%","0%","High","100","0.003677606","0.008720825","gift_personalized","high"
"cadeau personnalisé photo famille","EUR","50","0%","0%","High","100","0.00404729","0.010607387","gift_personalized","high"
"cadre portrait personnalisé","EUR","50","0%","0%","High","100","0","0","physical_products","medium"
"cadeau 1er anniversaire de mariage","EUR","50","0%","0%","High","100","0","0","gift_anniversary","high"
"boule de noël transparente personnalisée","EUR","50","900%","0%","High","100","0.00275144","0.008000039","physical_products","medium"
"cadre photo personnalisé en bois","EUR","50","0%","0%","High","100","0.004075326","0.020145494","physical_products","medium"
"chandail personnalisé avec photo","EUR","50","0%","0%","Unknown","","0","0","gift_personalized","high"
"t shirt personnalisé pas cher photo","EUR","50","0%","0%","High","100","0.005322601","0.013475861","physical_products","medium"
"idée cadeau noce de froment femme","EUR","50","0%","0%","High","100","0","0","life_events","medium"
"toile photos personnalisée","EUR","5000","0%","0%","High","100","0.009939413","0.03474312","physical_products","medium"
"cadeau noce de bois femme","EUR","50","0%","0%","High","100","0.00287858","0.011139745","life_events","medium"
"idée cadeau pour maman pas cher","EUR","500","900%","0%","High","100","0.00143929","0.005506791","gift_mothers","high"
"personnaliser objet avec photo","EUR","500","900%","0%","High","100","0.004770683","0.012818971","physical_products","medium"
"cadeau noce de coton femme","EUR","50","0%","0%","High","100","0.00225266","0.008431011","life_events","medium"
"impression photo cadeau personnalisé","EUR","50","0%","0%","High","92","0.008991405","0.029569501","physical_products","medium"
"porte clé double photo","EUR","50","0%","0%","High","100","0.004389916","0.008963043","physical_products","medium"
"cadre poster personnalisé","EUR","50","0%","0%","High","100","0.005481037","0.011897043","physical_products","medium"
"idée de cadeau pour fête des mères","EUR","50","0%","0%","High","100","0","0","gift_mothers","high"
"cadre photo a poser personnalisé","EUR","50","0%","0%","High","100","0.005461477","0.01979374","physical_products","medium"
"cadeau photo porte clé","EUR","50","0%","0%","High","100","0.004736127","0.012792565","physical_products","medium"
"cadre photo lumineux personnalisé pas cher","EUR","50","0%","-90%","High","100","0.002763828","0.009483339","physical_products","medium"
"creer cadre photo personnalisé","EUR","50","0%","0%","High","100","0.009512027","0.03246275","physical_products","medium"
"cadeau premier anniversaire de mariage","EUR","50","0%","0%","High","98","0.002243532","0.005355853","gift_anniversary","high"
"idee cadeau pour la fete des mere","EUR","50000","0%","0%","High","99","0.00231623","0.011006737","gift_mothers","high"
"idée originale fete des meres","EUR","500","?","0%","High","100","0","0","gift_mothers","high"
"cahier personnalisé avec photo","EUR","50","0%","0%","High","100","0.008477303","0.029058007","gift_personalized","high"
"cadre personnalise couple","EUR","500","900%","0%","High","100","0.005042241","0.011018473","physical_products","medium"
"article photo personnalisé","EUR","50","0%","0%","High","100","0.008133373","0.018443774","gift_personalized","high"
"cadeau personnalisé cadre photo","EUR","500","900%","0%","High","100","0.007705987","0.021816244","physical_products","medium"
"cadre photo numérique personnalisé","EUR","50","0%","-90%","High","100","0.004336452","0.012848311","physical_products","medium"
"produits personnalisés avec photo","EUR","50","0%","0%","High","100","0.006462623","0.01498198","gift_personalized","high"
"cadre de photo personnalisé","EUR","50","0%","0%","High","98","0.006905983","0.023691721","physical_products","medium"
"objet personnalisé noel","EUR","50","0%","0%","High","100","0.002747854","0.011088563","gift_personalized","high"
"cadeau anniversaire de mariage 1 an","EUR","50","0%","0%","High","100","0.002657552","0.007081045","gift_anniversary","high"
"oreiller personnalisé avec photo","EUR","50","0%","0%","High","100","0.004771009","0.017332766","physical_products","medium"
"cadeau poster photo personnalisé","EUR","50","0%","0%","High","100","0","0","physical_products","medium"
"bonbonnière personnalisée photo","EUR","50","0%","0%","High","100","0.00405218","0.010535667","gift_personalized","high"
"cadre 3 photos personnalisé","EUR","50","0%","0%","High","100","0.006858387","0.022195382","physical_products","medium"
"idées cadeaux grand parents","EUR","50","900%","0%","High","100","0.00121109","0.004586819","gift_grandparents","high"
"idee cadeau noce coton","EUR","500","0%","0%","High","100","0.002298626","0.005067343","life_events","medium"
"porte cle photo personnalise","EUR","5000","0%","0%","High","100","0.004858051","0.011343495","physical_products","medium"
"photo personnalisé fête des pères","EUR","50","0%","0%","Unknown","","0","0","gift_fathers","high"
"cadeau noce de perle","EUR","500","-90%","0%","High","100","0.00213856","0.007349017","life_events","medium"
"cadre personnalisé marraine","EUR","50","0%","-90%","High","100","0.00316872","0.008922619","physical_products","medium"
"idées cadeaux pour les grands parents","EUR","50","900%","0%","High","100","0.001179142","0.004575409","gift_grandparents","high"
"cadeau personnalisé photo livraison rapide","EUR","50","0%","0%","High","100","0.003451688","0.011513993","gift_personalized","high"
"photo lumineux personnalisé","EUR","50","0%","0%","High","100","0.004266688","0.009361089","gift_personalized","high"
"cadeau noël maman personnalisé","EUR","50","900%","0%","High","100","0.00367891","0.008978365","gift_mothers","high"
"cadeau noce coquelicot","EUR","50","0%","0%","High","100","0.001947198","0.004630177","life_events","medium"
"photo personnalisé avec cadre","EUR","50","0%","0%","High","100","0.007310875","0.022306874","physical_products","medium"
"objet personnalisable avec photo","EUR","50","0%","0%","High","100","0.005248925","0.014177412","physical_products","medium"
"cadeau noce froment","EUR","50","0%","0%","High","98","0.001862438","0.003617948","life_events","medium"
"noces de froment","EUR","5000","0%","0%","Low","19","0.002243858","0.005926353","gift_anniversary","high"
"cadeau fete des mere photo","EUR","500","0%","0%","High","100","0","0","gift_mothers","high"
"idée cadeau noël femme personnalisé","EUR","50","0%","-90%","High","100","0.003443538","0.008651713","gift_personalized","high"
"sweat photo personnalisé","EUR","50","900%","0%","High","100","0.007014867","0.016829748","physical_products","medium"
"cadeau pour la fête des grands mères","EUR","5000","-90%","-90%","High","100","0.001858852","0.007152765","gift_mothers","high"
"boîte photo surprise personnalisé","EUR","50","0%","0%","High","100","0.005296521","0.012815711","gift_personalized","high"
"cadeau noce de cristal femme","EUR","50","0%","0%","High","100","0.002656248","0.008299633","life_events","medium"
"idee de cadeau pour la fete des meres","EUR","5000","-90%","-90%","High","94","0","0","gift_mothers","high"
"cadeau noël homme personnalisé","EUR","50","900%","0%","High","100","0.002778824","0.008004603","gift_personalized","high"
"idee cadeau photo grand parent","EUR","50","0%","0%","High","100","0","0","gift_grandparents","high"
"cadeau 1 an de mariage ami","EUR","50","0%","0%","High","100","0","0","life_events","medium"
"faire imprimer un tee shirt avec une photo","EUR","50","0%","0%","High","100","0.003968724","0.017382644","physical_products","medium"
"cadre xxl personnalisé","EUR","50","0%","0%","High","100","0.007810959","0.0188516","physical_products","medium"
"personnaliser un tee shirt avec photo","EUR","50","0%","0%","High","100","0.005759441","0.015781332","physical_products","medium"
"chaussettes personnalisées avec photos","EUR","50","900%","0%","High","100","0.004340364","0.013021091","physical_products","medium"
"cadeau original fete des mere","EUR","50","0%","-100%","Unknown","","0","0","gift_mothers","high"
"cadre bois photo personnalisé","EUR","50","0%","0%","High","100","0.004930749","0.019433184","physical_products","medium"
"cadeau pour papi et mamie","EUR","50","900%","0%","High","100","0.001713456","0.005757159","gift_grandparents","high"
"accessoire avec photo personnalisé","EUR","50","0%","0%","High","100","0.006292777","0.012524267","gift_personalized","high"
"cadeau grand mere photo","EUR","50","0%","0%","High","100","0.005839637","0.016155254","gift_mothers","high"
"cadeau noces de froment homme","EUR","500","-90%","0%","High","100","0.00135453","0.003747044","gift_anniversary","high"
"1 an de mariage idée cadeau","EUR","500","-90%","0%","High","100","0.001692592","0.004331236","life_events","medium"
"poster personnalisé avec plusieurs photos","EUR","50","0%","0%","High","100","0.005860827","0.029569501","physical_products","medium"
"boule de noel neige personnalisée","EUR","50","900%","900%","High","100","0.0040913","0.012773331","physical_products","medium"
"cadeau noces de chypre","EUR","50","0%","0%","High","100","0","0","gift_anniversary","high"
"idée cadeau noces de bois","EUR","50","0%","0%","High","100","0.00235372","0.008442421","gift_anniversary","high"
"personnaliser taie d oreiller","EUR","50","0%","0%","High","100","0.003440604","0.009883015","physical_products","medium"
"noce de perle cadeau","EUR","500","-90%","0%","High","100","0.00213856","0.007349017","life_events","medium"
"article personnalisé photo","EUR","50","0%","0%","High","100","0.008133373","0.018443774","gift_personalized","high"
"idee de cadeau avec photo","EUR","50","0%","-90%","High","100","0.004407194","0.012897211","gift_personalized","high"
"cadeau pour maman original","EUR","500","900%","0%","High","100","0.001862438","0.007781293","gift_mothers","high"
"plaque militaire personnalisé avec photo","EUR","50","0%","0%","High","100","0","0","physical_products","medium"
"idee de cadeau pour grand parents","EUR","500","0%","-90%","High","100","0.00125673","0.004571823","gift_grandparents","high"
"personnaliser un cadre","EUR","50","0%","0%","High","100","0.005188941","0.01826969","physical_products","medium"
"cadeau original anniversaire de mariage","EUR","500","-90%","-90%","High","100","0.001897646","0.006749503","gift_anniversary","high"
"cadre personnalisé grand parent","EUR","50","900%","0%","High","100","0.00426571","0.012964367","gift_grandparents","high"
"imprimer photo tee shirt","EUR","500","0%","0%","High","100","0.005167099","0.016763244","physical_products","medium"
"cadre photo lego personnalisé","EUR","500","900%","0%","High","100","0.00189732","0.005894731","physical_products","medium"
"idée cadeau noce de coton pour homme","EUR","50","0%","?","High","100","0","0","life_events","medium"
"cube avec photo personnalisé","EUR","50","0%","0%","High","100","0.002024134","0.008398737","physical_products","medium"
"taie d oreiller personnalisé avec photo","EUR","50","0%","0%","High","100","0.003555356","0.010474379","physical_products","medium"
"cadeau noce de coton pour homme","EUR","500","-90%","0%","High","100","0.002201152","0.006180307","life_events","medium"
"cadre photo personnalisé prenom","EUR","50","0%","-90%","High","100","0.003634574","0.010459709","physical_products","medium"
"photo toile personnalisé pas cher","EUR","50","900%","0%","High","100","0.008371679","0.028683107","physical_products","medium"
"cadeau de noel avec photo","EUR","50","0%","0%","High","97","0.005938415","0.017678","gift_personalized","high"
"personnalisation objet photo","EUR","5000","0%","0%","High","100","0.005351615","0.013401533","physical_products","medium"
"cadre aimanté personnalisé","EUR","50","0%","0%","High","100","0.006069467","0.012622393","physical_products","medium"
"cadeau marraine photo","EUR","50","0%","0%","High","100","0.003471248","0.012984579","gift_personalized","high"
"cadeau anniversaire mariage amis","EUR","50","0%","0%","High","100","0","0","gift_anniversary","high"
"objet à personnaliser avec photo","EUR","500","900%","0%","High","100","0.004770683","0.012818971","physical_products","medium"
"livre photo personnalisé fete des meres","EUR","50","0%","-100%","Unknown","","0","0","gift_mothers","high"
"cadre photo personnalisé coeur","EUR","50","0%","0%","High","100","0.004855769","0.013746114","physical_products","medium"
"coque xr personnalisé","EUR","50","0%","0%","High","100","0.003555682","0.009354243","physical_products","medium"
"idee cadeau noce de laine","EUR","500","0%","0%","High","100","0.001959586","0.007429213","life_events","medium"
"cadeau personnalisé photo pas cher","EUR","50","0%","0%","High","100","0.004809477","0.012815711","gift_personalized","high"
"cadeau a partir de photo","EUR","50","0%","0%","High","100","0.006761891","0.034880692","gift_personalized","high"
"livre de noel personnalisé avec photo","EUR","50","0%","-90%","High","100","0.006054797","0.025618381","gift_personalized","high"
"cadeau noel famille personnalisé","EUR","50","900%","0%","High","100","0.003043536","0.010349521","gift_personalized","high"
"tableau personnalisé anniversaire","EUR","50","0%","0%","High","100","0.003809962","0.010106651","gift_anniversary","medium"
"créer tee shirt personnalisé avec photo","EUR","50","0%","0%","High","100","0.005841593","0.023353985","physical_products","medium"
"idée cadeau 1 an de mariage homme","EUR","50","0%","0%","High","100","0","0","life_events","medium"
"cadeau anniversaire avec photo","EUR","50","0%","0%","High","100","0","0","gift_anniversary","high"
"cadeau noces de cristal","EUR","50","0%","0%","High","100","0","0","gift_anniversary","high"
"idée cadre photo personnalisé","EUR","50","0%","-90%","High","100","0.006515109","0.024713079","physical_products","medium"
"cadeau pour mamie et papy","EUR","50","900%","0%","High","100","0.00192177","0.005757159","gift_grandparents","high"
"boîte à tartine personnalisée avec photo","EUR","50","0%","0%","Unknown","","0","0","gift_personalized","high"
"photo en porte clé","EUR","5000","900%","0%","High","100","0.004247454","0.011230373","physical_products","medium"
"boule de noel personnalisée photobox","EUR","50","0%","0%","High","100","0.00270906","0.007139399","physical_products","medium"
"boule a neige de noel personnalisée","EUR","50","0%","0%","High","100","0.00450043","0.010834609","physical_products","medium"
"cadeau anniversaire de mariage pour son mari","EUR","50","0%","0%","High","100","0","0","gift_anniversary","high"
"idee cadeau arriere grand parent","EUR","50","900%","0%","High","100","0.00135453","0.00393156","gift_grandparents","high"
"cadeau photo bapteme","EUR","50","0%","0%","High","100","0","0","life_events","medium"
"smartbox anniversaire de mariage","EUR","50","-100%","-100%","Unknown","","0","0","gift_anniversary","high"
"plaques spotify personnalisée","EUR","500","900%","0%","High","100","0.005234581","0.01842454","physical_products","medium"
"cadeaux noces de bois","EUR","50","0%","0%","High","100","0.00288673","0.012725735","gift_anniversary","high"
"cadre photo gravure personnalisé","EUR","500","0%","-90%","High","100","0.005675333","0.018152656","physical_products","medium"
"cadeau original fete des mamies","EUR","50","?","0%","High","100","0","0","gift_other","medium"
"portrait personnalisé photo","EUR","50","0%","0%","High","100","0.006384709","0.016798126","gift_personalized","high"
"cadeau noël personnalisé pas cher","EUR","50","0%","-90%","High","100","0.002540192","0.008550979","gift_personalized","high"
"cadre geant personnalisé","EUR","50","0%","0%","High","100","0.007796289","0.015886956","physical_products","medium"
"poster photo personnalisé pas cher","EUR","50","0%","0%","High","100","0.004643217","0.022996037","physical_products","medium"
"quoi offrir a ses grands parents","EUR","50","900%","0%","High","100","0.00109862","0.006346241","gift_grandparents","high"
"cadre photo anniversaire personnalisé","EUR","50","-90%","0%","High","100","0.003966442","0.012778547","gift_anniversary","medium"
"cadre andy warhol personnalisé","EUR","50","0%","0%","High","100","0","0","physical_products","medium"
"cadeau cube photo","EUR","50","0%","0%","High","100","0.004834579","0.012119049","physical_products","medium"
"cadeau bapteme grand parents","EUR","500","0%","0%","High","82","0.001739862","0.007856925","gift_grandparents","high"
"idée cadeau cadre personnalisé","EUR","50","0%","0%","High","100","0.00414835","0.011985063","physical_products","medium"
"cadeau pour un anniversaire de mariage","EUR","5000","-90%","-90%","High","100","0.001986644","0.007493435","gift_anniversary","high"
"chandelle personnalisé photo","EUR","50","?","?","High","100","0","0","gift_personalized","high"
"cadeau d anniversaire mariage","EUR","50","0%","0%","High","100","0.002601806","0.010267369","gift_anniversary","high"
"cadeau fete des grand mere photo","EUR","50","-100%","-100%","Unknown","","0","0","gift_mothers","high"
"porte clé pour photo","EUR","500","0%","0%","High","100","0.001270096","0.007086913","physical_products","medium"
"cadeau noces de coton homme","EUR","500","-90%","0%","High","100","0.002201152","0.006180307","gift_anniversary","high"
"cadre personnalisé fete des meres","EUR","500","-100%","0%","Unknown","","0","0","gift_mothers","high"
"cadeau photo personnalisé pas cher","EUR","50","0%","0%","High","100","0.004809477","0.012815711","gift_personalized","high"
"cadeau pour premiere fete des meres","EUR","500","0%","0%","Low","0","0","0","tools_comparison","high"
"porte clé personnalisé rouleau","EUR","50","-100%","-100%","Unknown","","0","0","physical_products","medium"
"quoi offrir pour un anniversaire de mariage","EUR","500","0%","0%","High","100","0.001177838","0.012747251","gift_anniversary","high"
"pull noël famille personnalisé","EUR","50","0%","-90%","High","100","0.003252502","0.011049443","gift_personalized","high"
"cadeau fete des grand mere avec photo","EUR","50","0%","0%","High","100","0","0","gift_mothers","high"
"porte clé photo spotify","EUR","50","?","0%","High","100","0","0","physical_products","medium"
"cadeau pour la meilleure des mamans","EUR","50","0%","0%","High","100","0.004541506","0.010247157","gift_other","medium"
"idée cadeau de noel personnalisé","EUR","50","900%","0%","High","100","0.002770348","0.009917571","gift_personalized","high"
"objets personnalisés avec photos","EUR","50","0%","0%","High","100","0.003690646","0.012001037","gift_personalized","high"
"boule de noel mon premier noel personnalisée","EUR","50","0%","0%","High","100","0.002532368","0.009990921","physical_products","medium"
"cadeau d anniversaire de mariage pour homme","EUR","50","0%","0%","High","100","0.001967736","0.004919013","gift_anniversary","high"
"idée cadeau pour ma maman","EUR","50","900%","0%","High","100","0.001693244","0.007066701","gift_mothers","high"
"tirelire personnalisée photo","EUR","50","0%","0%","High","100","0.00314427","0.008870459","gift_personalized","high"
"cadeau photo amoureux","EUR","50","0%","0%","High","100","0.003294556","0.009022701","gift_personalized","high"
"cadeau noce de muguet","EUR","500","0%","0%","High","100","0.001220544","0.003988936","life_events","medium"
"noce coton cadeau","EUR","50","0%","0%","High","100","0.001937092","0.004415018","life_events","medium"
"photo personnalisé pas cher","EUR","50","0%","0%","High","100","0.004375572","0.016003664","gift_personalized","high"
"porte clés homme personnalisé photo","EUR","50","0%","0%","High","100","0.003881682","0.006682999","physical_products","medium"
"cadeau noel personnalisé pas cher","EUR","50","0%","-90%","High","100","0.002540192","0.008550979","gift_personalized","high"
"cadeau noce de plomb","EUR","500","0%","0%","High","100","0.001582078","0.004530096","life_events","medium"
"personnaliser une photo en ligne","EUR","50","0%","0%","High","100","0.006449257","0.016884842","tools_comparison","high"
"gravure photo sur bois personnalisé","EUR","50","0%","0%","High","100","0.003889832","0.009034111","gift_personalized","high"
"cadeau pour papy et mamie noel","EUR","50","900%","0%","High","99","0.00186146","0.005273701","gift_grandparents","high"
"photo portrait personnalisé","EUR","50","0%","0%","High","100","0.005890493","0.016082882","gift_personalized","high"
"cadeau femme photo","EUR","50","0%","0%","High","100","0.004785679","0.012251731","gift_personalized","high"
"idée cadeau noce de coton homme","EUR","50","0%","0%","High","100","0","0","life_events","medium"
"idée de cadeau anniversaire de mariage","EUR","5000","0%","0%","High","100","0.00152405","0.006206387","gift_anniversary","high"
"cadeau photo sur toile","EUR","50","0%","0%","High","100","0.014924604","0.033895846","physical_products","medium"
"cadeau bois anniversaire mariage","EUR","50","0%","0%","High","100","0","0","gift_anniversary","high"
"cadeau naissance grand parents","EUR","50","0%","0%","High","100","0.001939374","0.009314145","gift_grandparents","high"
"idée cadeau avec des photos","EUR","500","900%","0%","High","100","0.004099124","0.012562083","gift_other","medium"
"cadre photo personnalisé anniversaire","EUR","50","0%","0%","High","100","0.004417952","0.01569592","gift_anniversary","medium"
"porte clé porte photo","EUR","50","900%","0%","High","99","0.00153546","0.009208521","physical_products","medium"
"cadeau homme anniversaire mariage","EUR","500","0%","0%","High","100","0.00187287","0.006061969","gift_anniversary","high"
"cadre photo gravé baptême","EUR","50","-100%","-100%","Unknown","","0","0","physical_products","medium"
"livre personnalisé de noel","EUR","50","0%","0%","High","100","0.005502227","0.019455352","gift_personalized","high"
"cadeau noel papa personnalisé","EUR","50","900%","0%","High","100","0.003012566","0.009627757","gift_fathers","high"
"idée cadeau pour sa mère","EUR","500","900%","0%","High","100","0.001916554","0.008296373","gift_mothers","high"
"cadeau fête des mères photo","EUR","500","0%","0%","High","100","0","0","gift_mothers","high"
"quoi offrir noce de coton","EUR","50","0%","0%","High","100","0","0","life_events","medium"
"noce de froment cadeau homme","EUR","50","0%","0%","High","100","0","0","life_events","medium"
"boutique cadeau anniversaire de mariage","EUR","50","0%","0%","High","100","0","0","gift_anniversary","high"
"boule de noel personnalisée premier noel","EUR","50","0%","-90%","High","100","0.00285902","0.009899641","physical_products","medium"
"cadeau toile photo","EUR","50","0%","0%","High","100","0.014924604","0.033895846","physical_products","medium"
"cadeau noces de cuir pour femme","EUR","50","0%","0%","High","100","0.002926828","0.006444693","gift_anniversary","high"
"cadre photo avec message personnalisé","EUR","50","0%","0%","High","100","0.005097009","0.012528505","physical_products","medium"
"noce de cristal cadeau","EUR","500","-90%","0%","High","100","0.001694222","0.005484297","life_events","medium"
"cadeau personnalisé photo lumiere","EUR","0","0%","-100%","Unknown","","0","0","gift_personalized","high"
"noce de corail cadeau","EUR","500","-90%","0%","High","100","0.001947198","0.004454138","life_events","medium"
"article personnalisé avec photo","EUR","50","0%","0%","High","100","0.004551285","0.013327857","gift_personalized","high"
"cadeau photo meilleure amie","EUR","50","0%","0%","High","100","0.004966283","0.008647475","gift_personalized","high"
"poster photo anniversaire","EUR","50","0%","0%","High","100","0.00447598","0.019753316","gift_anniversary","medium"
"mémo personnalisé photo","EUR","50","0%","0%","High","100","0.008326365","0.028025565","gift_personalized","high"
"petit cadeau pour maman","EUR","50","900%","0%","High","100","0.001676618","0.005736621","gift_mothers","high"
"cadeaux papy et mamie","EUR","50","900%","0%","High","100","0.002116718","0.005775415","gift_grandparents","high"
"cadeau photo personnalisable","EUR","5000","0%","0%","High","100","0.006162703","0.015468046","gift_personalized","high"
"cadeau papi et mamie","EUR","50","900%","0%","High","100","0.002031958","0.005926353","gift_grandparents","high"
"poster panoramique personnalisé","EUR","50","0%","0%","High","100","0.005808015","0.026285377","physical_products","medium"
"idée cadeau pour anniversaire de mariage","EUR","5000","0%","0%","High","100","0.00152405","0.006206387","gift_anniversary","high"
"porte photo bois personnalisé","EUR","50","0%","0%","High","96","0.00353058","0.012636085","physical_products","medium"
"coffret cadeau femme mariage","EUR","50","0%","0%","High","100","0.00428527","0.011957353","life_events","medium"
"coffret cadeau noces d or","EUR","50","0%","?","High","100","0","0","gift_anniversary","high"
"porte clé coeur photo","EUR","50","900%","0%","High","100","0.003477116","0.008941201","physical_products","medium"
"cadeau pour offrir a sa maman","EUR","50","0%","0%","High","100","0.002715906","0.009856935","gift_mothers","high"
"idée cadeau anniversaire de mariage parents","EUR","50","0%","0%","High","100","0","0","gift_anniversary","high"
"cadre acrylique personnalisé","EUR","50","0%","0%","High","100","0.004875003","0.014044404","physical_products","medium"
"produits photos personnalisés","EUR","50","0%","0%","High","79","0.008552609","0.0209869","gift_personalized","high"
"cadeau personnalisé photobox","EUR","50","0%","0%","High","100","0.007412261","0.037848922","gift_personalized","high"
"porte cle photo fete des peres","EUR","50","0%","0%","Unknown","","0","0","gift_fathers","high"
"site de cadre personnalisé","EUR","50","0%","0%","High","100","0.008338753","0.024225383","physical_products","medium"
"idee cadeau de noel grand parents","EUR","500","0%","0%","High","100","0.001403756","0.004892933","gift_grandparents","high"
"idee original cadeau fete des meres","EUR","5000","0%","0%","High","100","0.0008965","0.009054323","gift_mothers","high"
"bon cadeau pour maman","EUR","50","0%","0%","High","100","0.004615833","0.012540241","gift_mothers","high"
"sweat personnalisé photo brodé","EUR","50","0%","0%","High","100","0.005968081","0.014796812","physical_products","medium"
"photo personnalisé original","EUR","50","900%","900%","High","100","0.005472887","0.014262824","gift_personalized","high"
"porte clé gravure photo recto verso","EUR","50","?","0%","High","100","0","0","physical_products","medium"
"idée cadeau d anniversaire de mariage","EUR","50","0%","0%","High","79","0","0","gift_anniversary","high"
"photo andy warhol personnalisé","EUR","50","0%","0%","High","100","0.003000504","0.01643757","gift_personalized","high"
"noces de perles cadeau","EUR","500","-90%","0%","High","100","0.00213856","0.007349017","gift_anniversary","high"
"cadeau cuir anniversaire de mariage","EUR","50","0%","?","High","100","0","0","gift_anniversary","high"
"noce de chypre cadeau homme","EUR","50","0%","0%","High","100","0.0014344","0.007700771","life_events","medium"
"idee cadeau noce d étain","EUR","500","0%","0%","High","100","0.001247602","0.003132534","life_events","medium"
"cadre avec photo personnalisée","EUR","500","0%","0%","High","100","0.008334189","0.028253765","physical_products","medium"
"cadeau fête des grand mère original","EUR","50","-100%","-100%","Unknown","","0","0","gift_mothers","high"
"boîte bois personnalisée photo","EUR","50","0%","0%","High","100","0.002894228","0.008945765","gift_personalized","high"
"cadeau arriere grand parent","EUR","50","900%","0%","High","100","0.00170987","0.005248925","gift_grandparents","high"
"photo pour porte clés","EUR","5000","900%","0%","High","100","0.004247454","0.011230373","physical_products","medium"
"shooter personnalisé photo","EUR","50","0%","0%","High","100","0.0032437","0.008759945","gift_personalized","high"
"cadeau pour noce de bois","EUR","500","0%","0%","High","100","0.002116718","0.009112025","life_events","medium"
"idée cadeau personnalisé avec photo","EUR","500","0%","0%","High","100","0.004519338","0.013236251","gift_personalized","high"
"noce de coton idée cadeau","EUR","500","0%","0%","High","100","0.001991208","0.005764331","life_events","medium"
"portrait personnalisé super héros","EUR","50","0%","-100%","Unknown","","0","0","gift_personalized","high"
"porte monnaie personnalisé avec photo","EUR","50","0%","0%","High","100","0","0","physical_products","medium"
"petit cadeau photo","EUR","50","0%","0%","High","100","0.00446946","0.016006272","gift_personalized","high"
"cadeau noce bois","EUR","50","0%","0%","High","100","0","0","life_events","medium"
"cadeau à partir d une photo","EUR","50","0%","0%","High","100","0.004094886","0.011194513","gift_personalized","high"
"zippo gravure photo","EUR","50","0%","0%","High","100","0","0","gift_personalized","high"
"joyeux noel personnalisé","EUR","50","900%","0%","High","99","0.00252813","0.009898337","gift_personalized","high"
"idee cadeau pour premiere fete des meres","EUR","50","0%","0%","Unknown","","0","0","tools_comparison","high"
"cadeau original 1 an de mariage","EUR","50","0%","0%","High","100","0.001490146","0.004311024","life_events","medium"
"cadeau mamie photo","EUR","50","0%","0%","High","100","0.005595789","0.016423878","gift_grandparents","high"
"toile naissance personnalisé","EUR","50","0%","0%","High","100","0.003673368","0.010621079","physical_products","medium"
"cadeau pour anniversaire mariage","EUR","5000","0%","0%","High","100","0.002073034","0.007570045","gift_anniversary","high"
"cadeau mariage personnalisé photo","EUR","50","0%","0%","High","100","0","0","life_events","medium"
"cadeau a partir d une photo","EUR","50","0%","0%","High","100","0.004955851","0.010811137","gift_personalized","high"
"cadeau personnalisé photo homme","EUR","50","900%","0%","High","100","0.003379642","0.009228081","gift_personalized","high"
"cadeau homme noce de cuir","EUR","50","0%","0%","High","100","0","0","life_events","medium"
"vaisselle personnalisée photo","EUR","50","0%","0%","High","98","0.005264573","0.012355073","gift_personalized","high"
"porte clé photo fête des pères","EUR","50","0%","-100%","Unknown","","0","0","gift_fathers","high"
"peignoir personnalisé avec photo","EUR","50","0%","0%","High","100","0.003768886","0.010698341","physical_products","medium"
"idée cadeau noce de saphir homme","EUR","50","0%","0%","High","89","0","0","life_events","medium"
"cadeau photo bois","EUR","50","0%","0%","High","99","0.005115591","0.011637873","gift_personalized","high"
"veste personnalisé photo","EUR","50","0%","0%","High","100","0.004832297","0.013021091","gift_personalized","high"
"livre personnalisé pour noel","EUR","500","0%","0%","High","100","0.006955535","0.032264216","gift_personalized","high"
"boussole personnalisée photo","EUR","50","0%","0%","High","100","0.003055598","0.008615527","gift_personalized","high"
"cadre photo personnalisé fete des grand mere","EUR","50","-100%","-100%","Unknown","","0","0","gift_mothers","high"
"créer un cadre personnalisé","EUR","50","0%","0%","High","100","0.010750175","0.024552361","physical_products","medium"
"cadeau original photo personnalisée","EUR","500","900%","0%","High","100","0.004681033","0.013146601","gift_personalized","high"
"wonderbox anniversaire de mariage","EUR","50","0%","0%","High","100","0","0","gift_anniversary","high"
"cadeau noces de soie","EUR","50","0%","0%","High","95","0.001594466","0.003809962","gift_anniversary","high"
"tee shirt avec photos","EUR","500","0%","0%","High","100","0.005404101","0.014304878","physical_products","medium"
"taie d oreiller avec photo","EUR","50","0%","0%","High","100","0.004676469","0.015508796","physical_products","medium"
"cadeau photo souvenir","EUR","50","0%","0%","High","100","0.005068973","0.014434626","gift_personalized","high"
"box grands parents","EUR","50","0%","0%","High","100","0.004568237","0.01635607","gift_grandparents","high"
"objet noel personnalisable","EUR","50","0%","0%","High","100","0.002759916","0.010247483","gift_personalized","high"
"miroir de poche personnalisé photo","EUR","50","0%","0%","High","100","0.003979156","0.008922619","gift_personalized","high"
"idée cadeau pour fête des mères","EUR","50000","0%","0%","High","99","0.00231623","0.011006737","gift_mothers","high"
"cadeau personnalisé de noel","EUR","500","900%","0%","High","100","0.00331216","0.009693609","gift_personalized","high"
"idee de cadeau photo","EUR","50","0%","0%","High","100","0.004316566","0.010379839","gift_personalized","high"
"photo retro personnalisé","EUR","50","0%","0%","High","100","0.007672409","0.019908818","gift_personalized","high"
"cadeau original premiere fete des meres","EUR","50","0%","0%","Unknown","","0","0","tools_comparison","high"
"personnalise sa coque","EUR","500","900%","0%","High","90","0.002972142","0.007963201","physical_products","medium"
"cadre photo personnalisé bapteme","EUR","50","0%","0%","High","100","0","0","physical_products","medium"
"boule de noël personnalisée couple","EUR","50","0%","-90%","High","100","0.002690478","0.008948373","physical_products","medium"
"cadre deco personnalisé","EUR","50","0%","0%","High","100","0.005312821","0.018755104","physical_products","medium"
"idée de cadeau d anniversaire de mariage","EUR","50","0%","0%","High","100","0","0","gift_anniversary","high"
"cadeau noce de rose","EUR","50","0%","0%","High","100","0","0","life_events","medium"
"idée cadeau original maman","EUR","500","900%","0%","High","100","0.001888518","0.006665721","gift_mothers","high"
"porte chéquier personnalisé avec photo","EUR","50","0%","0%","High","100","0.00238632","0.007336955","physical_products","medium"
"idée cadeau nouveau grand parent","EUR","50","0%","0%","High","100","0.000788268","0.006341351","gift_grandparents","high"
"poster de porte personnalisé","EUR","50","0%","0%","High","100","0.003638486","0.010312031","physical_products","medium"
"cadre famille a personnaliser","EUR","50","0%","0%","High","100","0.003298142","0.013994526","physical_products","medium"
"photobox cadeau personnalisé","EUR","50","0%","0%","High","98","0.004498148","0.038168728","gift_personalized","high"
"idée cadeau homme anniversaire mariage","EUR","500","-90%","-90%","High","100","0.00135453","0.004922925","gift_anniversary","high"
"cadeau noce coton homme","EUR","50","0%","0%","High","100","0","0","life_events","medium"
"pinte personnalisé photo","EUR","50","0%","0%","High","100","0.004086084","0.010224663","gift_personalized","high"
"cadeau papa photo","EUR","50","0%","0%","High","100","0.003704338","0.012456133","gift_fathers","high"
"coque personnalisée cheerz","EUR","50","0%","0%","High","100","0.00425756","0.014312702","physical_products","medium"
"cadeau objet photo","EUR","50","0%","0%","High","100","0.006160421","0.018099192","physical_products","medium"
"briquets personnalisés photo","EUR","50","0%","0%","High","100","0.004295376","0.010861667","gift_personalized","high"
"cadeau noce de cristal homme","EUR","50","0%","0%","High","100","0","0","life_events","medium"
"anniversaire de mariage cadeau traditionnel","EUR","50","0%","0%","High","100","0","0","gift_anniversary","high"
"cadeau noce de porcelaine","EUR","500","-90%","0%","High","100","0.001966106","0.005913965","life_events","medium"
"noce de froment cadeau femme","EUR","50","0%","?","High","100","0","0","life_events","medium"
"cadeau pour fete des mamie","EUR","5000","0%","-90%","High","100","0.002683632","0.005520809","gift_grandparents","high"
"poster super héros personnalisé","EUR","50","0%","0%","High","100","0.002934","0.005737925","physical_products","medium"
"noce d étain cadeau homme","EUR","50","0%","0%","High","98","0","0","life_events","medium"
"cadeau porte clé photo","EUR","50","0%","0%","High","100","0.004070436","0.016935372","physical_products","medium"
"imprimer une photo sur tee shirt","EUR","500","0%","0%","High","100","0.005167099","0.016763244","physical_products","medium"
"cadre 3d personnalisé","EUR","50","0%","-90%","High","100","0.002106938","0.010594347","physical_products","medium"
"cadeau noces de corail","EUR","50","0%","0%","High","100","0.001555998","0.004218114","gift_anniversary","high"
"cadeau original noce de coton","EUR","50","0%","0%","High","100","0.00129585","0.003787468","life_events","medium"
"meilleur cadeau pour la fete des meres","EUR","50","-100%","0%","Unknown","","0","0","gift_mothers","high"
"cadeau d anniversaire de mariage pour femme","EUR","50","0%","0%","High","100","0","0","gift_anniversary","high"
"idée cadeau noce de coquelicot","EUR","50","0%","0%","High","100","0.001583056","0.00434232","life_events","medium"
"cadeau avec photo original","EUR","50","900%","0%","High","100","0.003739872","0.010488071","gift_personalized","high"
"cadeau de noel avec photo personnalisé","EUR","50","0%","0%","High","100","0.006599869","0.015643434","gift_personalized","high"
"idee cadeau papi et mamie","EUR","50","900%","0%","High","100","0.001495362","0.004776877","gift_grandparents","high"
"photo sur socle personnalisé","EUR","50","0%","0%","High","100","0.004956829","0.01518899","gift_personalized","high"
"coffret cadeau anniversaire mariage","EUR","50","-100%","0%","Unknown","","0","0","gift_anniversary","high"
"double cadre photo personnalisé","EUR","50","0%","0%","High","98","0.006128147","0.017776778","physical_products","medium"
"meilleur cadeau pour une maman","EUR","50","0%","-90%","High","95","0.003044514","0.011004781","gift_mothers","high"
"cadeau noel personnalisé photo","EUR","50","900%","0%","High","100","0.004572149","0.013996156","gift_personalized","high"
"cadeau de noel pour papy et mamie","EUR","50","0%","-90%","High","98","0.001439616","0.005122763","gift_grandparents","high"
"porte clé couple photo","EUR","50","0%","0%","High","100","0","0","physical_products","medium"
"zippo personnalisable photo","EUR","50","?","0%","High","100","0","0","gift_personalized","high"
"cadeau photo spotify","EUR","50","0%","0%","High","100","0.007550159","0.015362748","physical_products","medium"
"cadeaux personnalises photo","EUR","50","0%","0%","High","100","0.005928635","0.016402362","gift_personalized","high"
"cadeau pour les 1 an de mariage","EUR","5000","0%","0%","High","100","0.002042716","0.007403133","life_events","medium"
"cadre de mariage personnalisé","EUR","50","0%","0%","High","100","0","0","physical_products","medium"
"quoi offrir pour des noces de coton","EUR","50","0%","0%","High","100","0","0","gift_anniversary","high"
"tee shirt noel personnalisé","EUR","50","0%","-90%","High","100","0.003671412","0.011479111","physical_products","medium"
"idée cadeau maman original","EUR","500","900%","0%","High","100","0.001888518","0.006665721","gift_mothers","high"
"faire un cadre photo personnalisé","EUR","50","900%","900%","High","100","0.008737451","0.027261421","physical_products","medium"
"idée de cadeau 1 an de mariage","EUR","500","-90%","0%","High","100","0.001692592","0.004331236","life_events","medium"
"cadeau anniversaire de mariage pour homme","EUR","50","0%","0%","High","100","0","0","gift_anniversary","high"
"impression photo sur taie d oreiller","EUR","50","0%","0%","High","100","0.006162703","0.01788012","physical_products","medium"
"cadeau portrait de famille","EUR","50","0%","0%","High","100","0.003235224","0.013833808","gift_other","medium"
"boîte cadeau personnalisable photo","EUR","50","0%","0%","High","100","0","0","gift_personalized","high"
"transat personnalisé photo","EUR","50","0%","0%","High","100","0","0","gift_personalized","high"
"cadeau original fete des mères","EUR","5000","0%","-90%","High","78","0.001648908","0.005991879","gift_mothers","high"
"cadeau noël femme personnalisé","EUR","50","900%","0%","High","100","0.002977358","0.008647475","gift_personalized","high"
"idée de cadeau pour anniversaire de mariage","EUR","5000","0%","0%","High","100","0.00152405","0.006206387","gift_anniversary","high"
"cadeau personnalisé anniversaire mariage","EUR","50","0%","0%","High","100","0","0","gift_anniversary","high"
"idée cadeau papy mamie noël","EUR","50","900%","0%","High","100","0.00155665","0.004679403","gift_grandparents","high"
"idée cadeau grand parent fait main","EUR","50","0%","0%","High","98","0.000677428","0.003155354","gift_grandparents","high"
"cadeau noce de cire femme","EUR","50","0%","0%","High","100","0.00302039","0.011444881","life_events","medium"
"toile personnalisée avec photo","EUR","50","0%","0%","High","100","0.007055617","0.039183892","physical_products","medium"
"oreiller avec photo personnalisée","EUR","50","0%","0%","High","100","0.007449099","0.01972202","physical_products","medium"
"boule de noël en cristal personnalisé","EUR","50","0%","0%","High","100","0.002517698","0.007442579","physical_products","medium"
"cadeau personnalise pour noel","EUR","500","0%","0%","High","100","0.002632776","0.008883173","gift_personalized","high"
"boule noel personnalisée mon premier noel","EUR","50","0%","0%","High","100","0.00241403","0.007432473","physical_products","medium"
"miroir de poche personnalisé avec photo","EUR","50","0%","0%","High","100","0.00373596","0.008945765","gift_personalized","high"
"cahier personnalisé photobox","EUR","50","0%","0%","High","100","0","0","gift_personalized","high"
"cadeau pour les noces de coton","EUR","5000","-90%","0%","High","100","0.00169846","0.004963023","gift_anniversary","high"
"quoi offrir a des grands parents","EUR","50","900%","0%","High","100","0.001006688","0.004896519","gift_grandparents","high"
"carrelage personnalisé photo","EUR","50","0%","0%","High","100","0.001782568","0.006957165","gift_personalized","high"
"cadeau noel pour grand parents","EUR","500","900%","0%","High","100","0.0016137","0.005760745","gift_grandparents","high"
"cadeau noces coton","EUR","50","0%","0%","High","100","0","0","gift_anniversary","high"
"cadeau noel personnalisable","EUR","500","0%","0%","High","100","0.003379642","0.010375275","gift_personalized","high"
"idée cadeau noces de froment","EUR","50","0%","0%","High","100","0.001172296","0.005061475","gift_anniversary","high"
"miroir personnalisé photo","EUR","50","0%","0%","High","97","0.001516552","0.008870785","gift_personalized","high"
"photo personnalisé saint valentin","EUR","50","?","?","High","100","0","0","gift_personalized","high"
"idée cadeau noces de cuir","EUR","50","0%","0%","High","100","0.002859346","0.004111838","gift_anniversary","high"
"porte clef personnalisable photo","EUR","50","0%","0%","High","100","0.005621543","0.010032649","physical_products","medium"
"livre noel personnalise","EUR","500","0%","0%","High","100","0.006955535","0.032264216","gift_personalized","high"
"cadeau de noel pour maman personnalisé","EUR","50","0%","-90%","High","100","0.002790886","0.013284173","gift_mothers","high"
"tee shirt personnalisable avec photo","EUR","50","0%","0%","High","100","0.006569877","0.013719708","physical_products","medium"
"boîte photo personnalisée","EUR","500","0%","0%","High","100","0.006263763","0.012813429","gift_personalized","high"
"noce de soie cadeau","EUR","500","0%","0%","High","100","0.002271568","0.007316743","life_events","medium"
"t shirt personnalisé photobox","EUR","50","0%","0%","High","92","0.003745088","0.011202989","physical_products","medium"
"cadeaux noel personnalisé pas cher","EUR","50","0%","-90%","High","100","0.002540192","0.008550979","gift_personalized","high"
"porte clé personnalisé avec photo et texte","EUR","50","0%","0%","High","100","0.003354214","0.009442915","physical_products","medium"
"cadeau de noel personnalisé avec photo","EUR","50","0%","0%","High","100","0.004790569","0.011933229","gift_personalized","high"
"noce d étain idée cadeau","EUR","50","0%","0%","High","82","0.0009943","0.00202935","life_events","medium"
"idee cadeau de noel pour grands parents","EUR","50","0%","-90%","High","100","0.001661296","0.006049581","gift_grandparents","high"
"idée cadeau pour la fête des grands mères","EUR","500","0%","0%","High","100","0","0","gift_mothers","high"
"cadeau pour nouveau marié","EUR","50","0%","0%","High","100","0.001474498","0.004489672","gift_other","medium"
"personnaliser porte clé photo","EUR","50","0%","-100%","Unknown","","0","0","physical_products","medium"
"cadeau de noël personnalisé avec photo","EUR","50","0%","0%","High","100","0.004790569","0.011933229","gift_personalized","high"
"cadeau noce cuir","EUR","50","0%","0%","High","100","0","0","life_events","medium"
"cadeau personnalisée photo","EUR","5000","0%","0%","High","100","0.006162703","0.015468046","gift_personalized","high"
"boite cadeau personnalisé noel","EUR","50","0%","0%","High","100","0.002236034","0.009397601","gift_personalized","high"
"cadre coeur personnalisé","EUR","50","0%","0%","High","100","0.003121776","0.010840477","physical_products","medium"
"etsy photo personnalisé","EUR","50","0%","0%","High","100","0.000169194","0.012614569","gift_personalized","high"
"idées cadeaux photos originales","EUR","50","0%","-90%","High","100","0.00329423","0.011651239","gift_other","medium"
"quoi offrir pour les noces de coton","EUR","50","0%","0%","High","100","0","0","gift_anniversary","high"
"meilleur cadeau pour la fête des mères","EUR","50","0%","0%","High","100","0","0","gift_mothers","high"
"cadeau personnalisé noel femme","EUR","50","0%","0%","High","100","0.003047774","0.008836881","gift_personalized","high"
"cadre personnalisé avec prenom","EUR","50","0%","0%","High","100","0.0039772","0.011552787","physical_products","medium"
"poster personnalisé texte et photo","EUR","50","-100%","0%","Unknown","","0","0","physical_products","medium"
"cadeau gravure photo","EUR","50","0%","0%","High","100","0.003386488","0.007337607","gift_personalized","high"
"livraison originale fete des meres","EUR","50","0%","0%","Unknown","","0","0","gift_mothers","high"
"imprimer photo sur taie d oreiller","EUR","50","0%","0%","High","100","0.006389925","0.012186857","physical_products","medium"
"cadre photo à offrir","EUR","50","0%","-90%","High","100","0.009106809","0.028221491","physical_products","medium"
"badge personnalisé avec photo","EUR","50","0%","0%","High","100","0.003073528","0.008858723","gift_personalized","high"
"cadeau personnalisé boule de noel","EUR","50","0%","0%","High","100","0.004322434","0.009797277","physical_products","medium"
"idee cadeaux photos","EUR","5000","0%","0%","High","100","0.003416806","0.013264613","gift_other","medium"
"cadre photo carton personnalisable","EUR","50","0%","0%","High","100","0","0","physical_products","medium"
"idée cadeau pour anniversaire maman","EUR","5000","0%","0%","High","100","0.002074338","0.007759777","gift_mothers","high"
"cube bois personnalisé photo","EUR","50","0%","0%","High","100","0","0","physical_products","medium"
"noce de cuir cadeau homme","EUR","50","-100%","-100%","Unknown","","0","0","life_events","medium"
"cadeau noce d étain femme","EUR","50","0%","0%","High","100","0.001255752","0.004268318","life_events","medium"
"ruban anniversaire personnalisé","EUR","50","0%","0%","High","100","0.005542977","0.010655961","gift_anniversary","medium"
"objet personnalisé pour noel","EUR","50","0%","0%","High","100","0.002747854","0.011088563","gift_personalized","high"
"cadre photo customisé","EUR","500","900%","0%","High","98","0.007564503","0.01791272","physical_products","medium"
"idee cadeau noce de chypre","EUR","500","0%","0%","High","100","0.00152405","0.005397907","life_events","medium"
"photo personnalisé noel","EUR","50","900%","0%","High","100","0.005153733","0.012807561","gift_personalized","high"
"box cadeau anniversaire de mariage","EUR","50","0%","0%","High","100","0","0","gift_anniversary","high"
"cadeau anniversaire de mariage parents fait maison","EUR","50","0%","0%","High","100","0","0","gift_anniversary","high"
"cadeau original fete des grand mere","EUR","50","0%","0%","Unknown","","0","0","gift_mothers","high"
"personnalisé boule de noel","EUR","5000","0%","0%","High","100","0.003552422","0.008950655","physical_products","medium"
"cadeau original avec des photos","EUR","50","0%","0%","High","100","0.003640442","0.016636104","gift_other","medium"
"tee shirt personnalisé avec plusieurs photos","EUR","50","0%","0%","High","100","0.003725202","0.015364052","physical_products","medium"
"idee cadeau arriere grand pere","EUR","50","0%","0%","High","100","0.001270096","0.00327304","gift_grandparents","high"
"photo sur t shirt personnalisé","EUR","5000","0%","0%","High","100","0.006204105","0.014379858","physical_products","medium"
"noce de laine","EUR","5000","0%","0%","Low","7","0.002741986","0.005101899","life_events","medium"
"noce de diamant cadeau","EUR","500","0%","0%","High","100","0.00157295","0.005114613","life_events","medium"
"chaussettes personnalisées avec photo","EUR","50","900%","0%","High","100","0.004340364","0.013021091","physical_products","medium"
"1 an anniversaire de mariage","EUR","500","0%","0%","Low","27","0.000297312","0.004910537","gift_anniversary","high"
"1 an de mariage cadeau coton","EUR","50","0%","-100%","Unknown","","0","0","life_events","medium"
"1 an de mariage cadeau pour homme","EUR","50","-100%","0%","Unknown","","0","0","life_events","medium"
"1 an de mariage noce","EUR","5000","0%","900%","Low","6","0.000100408","0.00328934","life_events","medium"
"1 an de mariage noce de","EUR","5000","0%","900%","Low","6","0.000100408","0.00328934","life_events","medium"
"1 an de mariage noce de coton","EUR","500","-90%","0%","Medium","35","0","0","life_events","medium"
"1 an de mariage noces de","EUR","5000","0%","900%","Low","6","0.000100408","0.00328934","gift_anniversary","high"
"1 an de mariage quel cadeau","EUR","50","-100%","0%","Unknown","","0","0","life_events","medium"
"1 an de mariage quoi offrir","EUR","50","0%","0%","High","100","0","0","life_events","medium"
"1 an mariage cadeau","EUR","50","0%","?","High","100","0","0","life_events","medium"
"1 an mariage coton","EUR","50","0%","0%","High","100","0","0","life_events","medium"
"1 an mariage noce","EUR","500","0%","900%","Low","2","0","0","life_events","medium"
"1 an mariage noce de coton","EUR","50","0%","0%","Medium","56","0","0","life_events","medium"
"1 an noce de coton","EUR","50","0%","0%","Low","30","0","0","life_events","medium"
"10 1ns de mariage noce de","EUR","50","-100%","-100%","Unknown","","0","0","life_events","medium"
"10 anniversaire de mariage","EUR","50","0%","0%","Low","29","0","0","gift_anniversary","high"
"10 de mariage noce","EUR","50","0%","0%","Low","4","0","0","life_events","medium"
"10 e anniversaire de mariage","EUR","50","?","0%","Low","0","0","0","gift_anniversary","high"
"10 mariage noce","EUR","50","0%","0%","Low","0","0","0","life_events","medium"
"10eme anniversaire mariage","EUR","50","0%","0%","Low","0","0","0","gift_anniversary","high"
"10ème anniversaire de mariage","EUR","50","0%","0%","Low","29","0","0","gift_anniversary","high"
"11 anniversaire de mariage","EUR","50","0%","0%","Low","0","0","0","gift_anniversary","high"
"11e anniversaire de mariage","EUR","50","0%","0%","Low","0","0","0","gift_anniversary","high"
"11ème anniversaire de mariage","EUR","50","0%","0%","Low","0","0","0","gift_anniversary","high"
"12e anniversaire de mariage","EUR","50","0%","?","Low","0","0","0","gift_anniversary","high"
"13e anniversaire de mariage","EUR","50","0%","0%","Low","0","0","0","gift_anniversary","high"
"14e anniversaire de mariage","EUR","50","0%","0%","Low","1","0","0","gift_anniversary","high"
"15 anniversaire de mariage","EUR","50","0%","0%","Low","24","0","0","gift_anniversary","high"
"15e anniversaire de mariage","EUR","50","0%","0%","Medium","36","0","0","gift_anniversary","high"
"15eme anniversaire de mariage","EUR","50","0%","0%","Low","0","0","0","gift_anniversary","high"
"15ème anniversaire de mariage","EUR","50","0%","0%","Low","0","0","0","gift_anniversary","high"
"16e anniversaire de mariage","EUR","50","-100%","-100%","Unknown","","0","0","gift_anniversary","high"
"17ème anniversaire de mariage","EUR","50","0%","-100%","Unknown","","0","0","gift_anniversary","high"
"1an de mariage noce","EUR","5000","0%","900%","Low","6","0.000100408","0.00328934","life_events","medium"
"1er anniversaire de mariage cadeau","EUR","50","0%","0%","High","100","0","0","gift_anniversary","high"
"1er anniversaire de mariage noce de","EUR","50","0%","0%","Low","0","0","0","gift_anniversary","high"
"2 an de mariage noce","EUR","50","0%","0%","Low","0","0","0","life_events","medium"
"20 anniversaire de mariage","EUR","50","0%","0%","Medium","51","0","0","gift_anniversary","high"
"20e anniversaire de mariage","EUR","50","0%","0%","Medium","51","0","0","gift_anniversary","high"
"20eme anniversaire de mariage","EUR","50","0%","0%","Medium","56","0","0","gift_anniversary","high"
"23ème anniversaire de mariage","EUR","50","0%","0%","Low","0","0","0","gift_anniversary","high"
"25 anniversaire de mariage","EUR","50","0%","0%","Low","9","0","0","gift_anniversary","high"
"25 mariage noce","EUR","50","0%","0%","Low","4","0","0","life_events","medium"
"2eme anniversaire de mariage","EUR","50","0%","0%","Low","25","0","0","gift_anniversary","high"
"2eme anniversaire mariage","EUR","50","0%","0%","Low","7","0","0","gift_anniversary","high"
"3 anniversaire de mariage","EUR","50","0%","0%","Low","0","0","0","gift_anniversary","high"
"30 anniversaire de mariage","EUR","50000","0%","0%","Low","7","9.9756E-05","0.003003438","gift_anniversary","high"
"30 e anniversaire de mariage","EUR","50","0%","?","Low","0","0","0","gift_anniversary","high"
"30 mariage noce de","EUR","50","0%","0%","Low","2","0","0","life_events","medium"
"30e anniversaire de mariage","EUR","50","0%","0%","Low","24","0","0","gift_anniversary","high"
"30ème anniversaire de mariage","EUR","50","0%","0%","Low","0","0","0","gift_anniversary","high"
"32e anniversaire de mariage","EUR","50","0%","-100%","Unknown","","0","0","gift_anniversary","high"
"35 de mariage noce de quoi","EUR","50","0%","0%","Low","0","0","0","life_events","medium"
"35e anniversaire de mariage","EUR","50","0%","0%","Low","0","0","0","gift_anniversary","high"
"39e anniversaire de mariage","EUR","50","-100%","-100%","Unknown","","0","0","gift_anniversary","high"
"3eme anniversaire de mariage","EUR","50","0%","0%","Low","0","0","0","gift_anniversary","high"
"40 de mariage noce de","EUR","50","0%","0%","Low","0","0","0","life_events","medium"
"40 de mariage noce de quoi","EUR","500","0%","0%","Low","2","0","0","life_events","medium"
"40 e anniversaire de mariage","EUR","50","0%","0%","Unknown","","0","0","gift_anniversary","high"
"40 mariage noce de quoi","EUR","50","0%","0%","Medium","60","0","0","life_events","medium"
"40ème anniversaire de mariage","EUR","50","0%","0%","High","97","0","0","gift_anniversary","high"
"40ème anniversaire mariage","EUR","50","0%","0%","Medium","63","0","0","gift_anniversary","high"
"45 anniversaire de mariage","EUR","5000","0%","0%","Low","2","9.9104E-05","0.003243048","gift_anniversary","high"
"45 e anniversaire de mariage","EUR","50","-100%","0%","Unknown","","0","0","gift_anniversary","high"
"45 mariage noce de quoi","EUR","50","0%","0%","Low","0","0","0","life_events","medium"
"45e anniversaire de mariage","EUR","50","0%","0%","Low","27","0","0","gift_anniversary","high"
"45ème anniversaire de mariage","EUR","50","0%","0%","Low","0","0","0","gift_anniversary","high"
"5 anniversaire de mariage","EUR","50","0%","0%","Low","29","0","0","gift_anniversary","high"
"5 année de mariage","EUR","5000","0%","0%","Low","16","0.000100408","0.004801001","life_events","medium"
"50 de mariage noce","EUR","50","0%","0%","Low","10","0","0","life_events","medium"
"50 de mariage noce de quoi","EUR","500","0%","0%","Low","3","0","0","life_events","medium"
"50 e anniversaire de mariage","EUR","50","0%","0%","Low","0","0","0","gift_anniversary","high"
"50 mariage noce de","EUR","50","0%","0%","Low","2","0","0","life_events","medium"
"50 noces d or","EUR","50","0%","0%","Low","29","0","0","gift_anniversary","high"
"50ème anniversaire de mariage cadeau","EUR","50","0%","0%","Unknown","","0","0","gift_anniversary","high"
"5e anniversaire de mariage cadeau","EUR","50","0%","0%","Unknown","","0","0","gift_anniversary","high"
"6 anniversaire de mariage","EUR","50","0%","0%","Medium","62","0","0","gift_anniversary","high"
"60 de mariage noce de quoi","EUR","500","0%","900%","Low","3","9.943E-05","0.000199186","life_events","medium"
"6e anniversaire de mariage","EUR","50","0%","0%","Low","0","0","0","gift_anniversary","high"
"6eme anniversaire de mariage","EUR","50","0%","0%","Low","17","0","0","gift_anniversary","high"
"7e anniversaire de mariage","EUR","50","0%","0%","Low","0","0","0","gift_anniversary","high"
"7eme anniversaire de mariage","EUR","50","0%","0%","Low","0","0","0","gift_anniversary","high"
"7ème anniversaire de mariage","EUR","50","?","0%","Low","0","0","0","gift_anniversary","high"
"8e anniversaire de mariage","EUR","50","0%","0%","Low","0","0","0","gift_anniversary","high"
"8eme anniversaire mariage","EUR","50","0%","?","Low","0","0","0","gift_anniversary","high"
"8ème anniversaire de mariage","EUR","50","0%","0%","Low","0","0","0","gift_anniversary","high"
"9 anniversaire de mariage","EUR","50","-100%","-100%","Unknown","","0","0","gift_anniversary","high"
"9e anniversaire de mariage","EUR","50","0%","0%","Low","0","0","0","gift_anniversary","high"
"9eme anniversaire de mariage","EUR","50","0%","0%","Low","0","0","0","gift_anniversary","high"
"abat jour personnalisé avec photo","EUR","50","0%","0%","High","100","0.00438307","0.008853833","gift_personalized","high"
"accessoires avec photo personnalisée","EUR","50","0%","0%","High","100","0.006292777","0.012524267","gift_personalized","high"
"andy warhol personnalisé","EUR","50","0%","0%","High","100","0","0","gift_personalized","high"
"annee de mariage cadeau","EUR","5000","-90%","-90%","High","100","0.001986644","0.007493435","life_events","medium"
"annee mariage cadeau","EUR","50","0%","0%","Medium","40","0","0","life_events","medium"
"anniversaire coton","EUR","50","0%","0%","Low","0","0","0","gift_anniversary","medium"
"anniversaire de mariage 1 an cadeau","EUR","50","0%","0%","High","100","0.002657552","0.007081045","gift_anniversary","high"
"anniversaire de mariage 1 an noce","EUR","50","-100%","0%","Unknown","","0","0","gift_anniversary","high"
"anniversaire de mariage 1an","EUR","500","0%","0%","Low","27","0.000297312","0.004910537","gift_anniversary","high"
"anniversaire de mariage 20ans","EUR","500","0%","0%","Medium","40","0.000199512","0.00201468","gift_anniversary","high"
"anniversaire de mariage 25ans","EUR","500","0%","0%","Low","25","0","0","gift_anniversary","high"
"anniversaire de mariage 30ans","EUR","500","0%","0%","Medium","40","0","0","gift_anniversary","high"
"anniversaire de mariage 40ans","EUR","500","0%","0%","Medium","47","0","0","gift_anniversary","high"
"anniversaire de mariage cadeau femme","EUR","50","0%","0%","Unknown","","0","0","gift_anniversary","high"
"anniversaire de mariage cadeau homme","EUR","500","0%","0%","High","100","0.00178648","0.005600679","gift_anniversary","high"
"anniversaire de mariage chypre","EUR","50","0%","0%","Low","0","0","0","gift_anniversary","high"
"anniversaire de mariage coton","EUR","50","0%","0%","Medium","36","0","0","gift_anniversary","high"
"anniversaire de mariage cuir","EUR","50","0%","0%","High","100","0","0","gift_anniversary","high"
"anniversaire de mariage emeraude","EUR","50","0%","0%","Low","0","0","0","gift_anniversary","high"
"anniversaire de mariage faience","EUR","50","0%","0%","Low","24","0","0","gift_anniversary","high"
"anniversaire de mariage idee","EUR","500","-90%","-90%","High","100","0.001764638","0.003945578","gift_anniversary","high"
"anniversaire de mariage idee cadeau","EUR","5000","0%","0%","High","100","0.00152405","0.006206387","gift_anniversary","high"
"anniversaire de mariage idee originale","EUR","50","0%","0%","Unknown","","0","0","gift_anniversary","high"
"anniversaire de mariage noce","EUR","500","0%","0%","Low","13","0.000100734","0.004565955","gift_anniversary","high"
"anniversaire de mariage noce d emeraude","EUR","50","?","0%","Low","0","0","0","gift_anniversary","high"
"anniversaire de mariage noce d or","EUR","50","0%","0%","Medium","46","0","0","gift_anniversary","high"
"anniversaire de mariage noce de coton","EUR","50","0%","0%","Low","0","0","0","gift_anniversary","high"
"anniversaire de mariage noce de diamant","EUR","50","0%","0%","Medium","43","0","0","gift_anniversary","high"
"anniversaire de mariage noce de quoi","EUR","50","0%","0%","Low","2","0","0","gift_anniversary","high"
"anniversaire de mariage noces de","EUR","500","0%","0%","Low","13","0.000100734","0.004565955","gift_anniversary","high"
"anniversaire de mariage original","EUR","50","0%","0%","High","100","0","0","gift_anniversary","high"
"anniversaire de mariage petit budget","EUR","500","-90%","0%","High","91","0.000880526","0.005078101","gift_anniversary","high"
"anniversaire de mariage plomb","EUR","50","0%","0%","Low","0","0","0","gift_anniversary","high"
"anniversaire de mariage quoi offrir","EUR","50","0%","0%","High","100","0","0","gift_anniversary","high"
"anniversaire de mariage saphir","EUR","50","0%","0%","Low","10","0","0","gift_anniversary","high"
"anniversaire de mariage soie","EUR","50","0%","?","Low","9","0","0","gift_anniversary","high"
"anniversaire mariage 1an","EUR","500","0%","0%","Medium","39","0","0","gift_anniversary","high"
"anniversaire mariage 30ans","EUR","500","0%","0%","Medium","45","0","0","gift_anniversary","high"
"anniversaire mariage cadeau","EUR","5000","0%","0%","High","100","0.002073034","0.007570045","gift_anniversary","high"
"anniversaire mariage corail","EUR","50","0%","0%","Low","24","0","0","gift_anniversary","high"
"anniversaire mariage coton","EUR","50","0%","0%","Low","25","0","0","gift_anniversary","high"
"anniversaire mariage cuir","EUR","50","0%","0%","Unknown","","0","0","gift_anniversary","high"
"anniversaire mariage idee","EUR","50","0%","0%","High","100","0","0","gift_anniversary","high"
"anniversaire mariage idee cadeau","EUR","50","0%","0%","High","100","0","0","gift_anniversary","high"
"anniversaire mariage noce","EUR","500","0%","0%","Low","15","9.943E-05","0.00379627","gift_anniversary","high"
"anniversaire mariage original","EUR","50","-100%","-100%","Unknown","","0","0","gift_anniversary","high"
"anniversaire noce de coton","EUR","50","0%","0%","Low","19","0","0","gift_anniversary","medium"
"anniversaire noce de mariage","EUR","500","0%","0%","Low","13","0.000100734","0.004565955","gift_anniversary","high"
"anniversaire noces mariage","EUR","500","0%","0%","Low","15","9.943E-05","0.00379627","gift_anniversary","high"
"anniversaires mariages noces","EUR","500","0%","0%","Low","15","9.943E-05","0.00379627","gift_anniversary","high"
"auchan objet personnalisé","EUR","50","0%","0%","High","100","0.003247286","0.005986663","gift_personalized","high"
"auchan photo personnalisé","EUR","50","0%","0%","High","100","0.003449732","0.008062957","gift_personalized","high"
"bapteme cadeau grand parent","EUR","50","0%","0%","Medium","33","0","0","gift_grandparents","high"
"body personnalisé noel","EUR","50","0%","0%","High","100","0.003180782","0.012987513","gift_personalized","high"
"bon cadeau famileo","EUR","50","900%","0%","Low","9","0.002092594","0.014699338","gift_other","medium"
"bon cadeau pour la fête des mères","EUR","50","0%","-100%","Unknown","","0","0","gift_mothers","high"
"bonne fete maman original","EUR","500","0%","0%","High","71","0","0","gift_mothers","high"
"bonne fête des mères original","EUR","50","?","0%","Low","29","0","0","gift_mothers","high"
"boule de neige noel personnalisé","EUR","50","0%","0%","High","100","0.003522104","0.009467691","physical_products","medium"
"boule de noel blanche personnalisée","EUR","50","0%","0%","High","100","0.003132534","0.008876001","physical_products","medium"
"boule de noel personnalisé famille","EUR","50","0%","0%","High","100","0.003310856","0.008180969","physical_products","medium"
"boule de noel personnalisée auchan","EUR","50","?","0%","High","100","0","0","physical_products","medium"
"boule de noel personnalisée leclerc","EUR","50","0%","0%","High","100","0.002042716","0.008870785","physical_products","medium"
"boule de noel personnalisée maitresse","EUR","50","0%","0%","High","100","0.002584528","0.005805733","physical_products","medium"
"boule de noel personnalisée mariage","EUR","50","0%","0%","High","100","0.002887382","0.009958321","physical_products","medium"
"boule de noel personnalisée mon premier noel","EUR","50","0%","0%","High","100","0.002532368","0.009990921","physical_products","medium"
"boule de noel personnalisée nounou","EUR","50","0%","0%","High","100","0.002366108","0.008043071","physical_products","medium"
"boule de noël personnalisée fabrication française","EUR","50","0%","0%","High","100","0","0","physical_products","medium"
"boule de noël porcelaine personnalisée","EUR","50","0%","0%","High","100","0.003259674","0.009719689","physical_products","medium"
"boule de noël rouge personnalisée","EUR","50","0%","0%","High","100","0.002872386","0.008666709","physical_products","medium"
"boule de noël transparente à personnaliser","EUR","50","0%","0%","High","100","0.002133344","0.006882837","physical_products","medium"
"boule mon premier noel personnalisée en verre","EUR","50","?","0%","High","100","0","0","physical_products","medium"
"boule mon premier noël en bois","EUR","50","0%","0%","High","100","0","0","physical_products","medium"
"boule premier noel personnalisée","EUR","50","0%","0%","High","100","0.002444674","0.008565649","physical_products","medium"
"boule premier noël personnalisé","EUR","50","0%","0%","High","100","0.002444674","0.008565649","physical_products","medium"
"boules de noel personnalisées cadeau","EUR","50","?","?","High","100","0","0","gift_personalized","high"
"box cadeau grand parents","EUR","50","0%","0%","High","100","0.003246634","0.01441637","gift_grandparents","high"
"box mensuelle grand parents","EUR","50","?","0%","High","100","0.004095864","0.006765477","gift_grandparents","high"
"box papy mamy","EUR","50","0%","0%","High","100","0.00327304","0.007172651","gift_grandparents","high"
"box pour grand parents","EUR","50","0%","0%","High","100","0.003371492","0.015376114","gift_grandparents","high"
"box pour les grands parents","EUR","50","?","0%","High","100","0.004297332","0.020185592","gift_grandparents","high"
"boîte photo cadeau","EUR","500","0%","-90%","High","97","0.004228872","0.011206249","gift_personalized","high"
"cadeau 1 an de mariage coton","EUR","50","-100%","-100%","Unknown","","0","0","life_events","medium"
"cadeau 1 an de mariage femme","EUR","50","0%","0%","High","90","0","0","life_events","medium"
"cadeau 1 an de mariage homme","EUR","500","0%","0%","High","100","0.001776048","0.00421355","life_events","medium"
"cadeau 1 an de mariage noce de coton","EUR","50","0%","0%","High","100","0","0","life_events","medium"
"cadeau 1 an mariage coton","EUR","50","-100%","-100%","Unknown","","0","0","life_events","medium"
"cadeau 1 an mariage homme","EUR","50","0%","0%","High","100","0","0","life_events","medium"
"cadeau 10e anniversaire de mariage","EUR","50","-100%","-100%","Unknown","","0","0","gift_anniversary","high"
"cadeau 1er anniversaire mariage","EUR","50","-100%","-100%","Unknown","","0","0","gift_anniversary","high"
"cadeau 1ere annee de mariage","EUR","50","0%","0%","High","100","0","0","life_events","medium"
"cadeau 25e anniversaire de mariage","EUR","50","0%","0%","Unknown","","0","0","gift_anniversary","high"
"cadeau 30e anniversaire de mariage","EUR","50","0%","0%","Unknown","","0","0","gift_anniversary","high"
"cadeau 40e anniversaire de mariage","EUR","50","-100%","0%","Unknown","","0","0","gift_anniversary","high"
"cadeau 50 anniversaire de mariage","EUR","50","0%","?","High","100","0","0","gift_anniversary","high"
"cadeau 50ème anniversaire de mariage","EUR","50","0%","0%","Unknown","","0","0","gift_anniversary","high"
"cadeau 60e anniversaire de mariage","EUR","50","-100%","0%","Unknown","","0","0","gift_anniversary","high"
"cadeau a faire a ses grands parents","EUR","50","0%","0%","High","100","0.001564148","0.005924071","gift_grandparents","high"
"cadeau a faire avec des photos","EUR","50","0%","0%","High","100","0.004671579","0.012126547","gift_other","medium"
"cadeau a offrir a ses grand parents","EUR","50","0%","-90%","High","100","0.001459828","0.005057563","gift_grandparents","high"
"cadeau a offrir a ses grands parents","EUR","50","0%","-90%","High","100","0.001459828","0.005057563","gift_grandparents","high"
"cadeau a offrir grand parent","EUR","50","0%","0%","High","100","0.001296176","0.005132217","gift_grandparents","high"
"cadeau a offrir pour anniversaire de mariage","EUR","50","0%","0%","High","100","0","0","gift_anniversary","high"
"cadeau annee de mariage","EUR","50","0%","0%","High","77","0","0","life_events","medium"
"cadeau annee mariage","EUR","50","0%","0%","High","73","9.943E-05","0.004213876","life_events","medium"
"cadeau anniversaire 1 an de mariage","EUR","50","0%","0%","High","100","0.002657552","0.007081045","gift_anniversary","high"
"cadeau anniversaire de mariage 1 an homme","EUR","50","0%","?","High","100","0","0","gift_anniversary","high"
"cadeau anniversaire de mariage a faire soi meme","EUR","50","0%","?","High","100","0","0","gift_grandparents","high"
"cadeau anniversaire de mariage amazon","EUR","50","0%","0%","High","100","0","0","gift_anniversary","high"
"cadeau anniversaire de mariage amis","EUR","50","-100%","-100%","Unknown","","0","0","gift_anniversary","high"
"cadeau anniversaire de mariage bois","EUR","50","-100%","-100%","Unknown","","0","0","gift_anniversary","high"
"cadeau anniversaire de mariage couple","EUR","50","0%","0%","High","100","0","0","gift_anniversary","high"
"cadeau anniversaire de mariage cuir","EUR","50","0%","?","High","100","0","0","gift_anniversary","high"
"cadeau anniversaire de mariage fait main","EUR","50","0%","0%","High","100","0","0","gift_anniversary","high"
"cadeau anniversaire de mariage original","EUR","500","-90%","-90%","High","100","0.001897646","0.006749503","gift_anniversary","high"
"cadeau anniversaire de mariage pour des amis","EUR","50","0%","0%","High","100","0","0","gift_anniversary","high"
"cadeau anniversaire de mariage pour femme","EUR","50","0%","0%","High","100","0.002678416","0.010572505","gift_anniversary","high"
"cadeau anniversaire de mariage pour ses parents","EUR","50","-100%","-100%","Unknown","","0","0","gift_anniversary","high"
"cadeau anniversaire mariage bois","EUR","50","0%","0%","High","100","0","0","gift_anniversary","high"
"cadeau anniversaire mariage coton","EUR","50","-100%","-100%","Unknown","","0","0","gift_anniversary","high"
"cadeau anniversaire mariage couple","EUR","50","0%","0%","High","100","0","0","gift_anniversary","high"
"cadeau anniversaire mariage cuir","EUR","50","-100%","-100%","Unknown","","0","0","gift_anniversary","high"
"cadeau anniversaire mariage original","EUR","50","0%","0%","High","100","0","0","gift_anniversary","high"
"cadeau anniversaire mariage pour homme","EUR","50","0%","0%","High","100","0","0","gift_anniversary","high"
"cadeau anniversaire noce d or","EUR","50","0%","0%","High","100","0","0","gift_anniversary","high"
"cadeau annonce arriere grand mere","EUR","50","0%","0%","High","100","0.002212888","0.004637349","gift_mothers","high"
"cadeau arrière grand père","EUR","50","900%","0%","High","100","0.001692918","0.005339879","gift_grandparents","high"
"cadeau bapteme pour grand parents","EUR","500","0%","0%","High","82","0.001739862","0.007856925","gift_grandparents","high"
"cadeau cadeau pour la fête des mères","EUR","50","0%","0%","Unknown","","0","0","gift_mothers","high"
"cadeau commun grand parent","EUR","50","0%","0%","High","100","0.00179626","0.006822201","gift_grandparents","high"
"cadeau coton anniversaire mariage","EUR","50","0%","0%","Unknown","","0","0","gift_anniversary","high"
"cadeau couple 1 an de mariage","EUR","50","-100%","-100%","Unknown","","0","0","life_events","medium"
"cadeau couple anniversaire mariage","EUR","50","-100%","-100%","Unknown","","0","0","gift_anniversary","high"
"cadeau couple grand parents","EUR","50","0%","-90%","High","100","0.002080532","0.006337439","gift_grandparents","high"
"cadeau d anniversaire de mariage homme","EUR","50","?","0%","High","100","0","0","gift_anniversary","high"
"cadeau d anniversaire de mariage original","EUR","50","0%","0%","High","100","0","0","gift_anniversary","high"
"cadeau d anniversaire de mariage par annee","EUR","50","?","0%","Medium","57","0","0","gift_anniversary","high"
"cadeau d anniversaire de mariage pour mes parents","EUR","50","0%","0%","High","100","0","0","gift_anniversary","high"
"cadeau d anniversaire de mariage pour ses parents","EUR","50","0%","?","High","100","0","0","gift_anniversary","high"
"cadeau d anniversaire personnalisé avec photo","EUR","50","0%","-100%","Unknown","","0","0","gift_anniversary","high"
"cadeau d anniversaire photo","EUR","50","-100%","-100%","Unknown","","0","0","gift_anniversary","high"
"cadeau d une grand mère pour un baptême","EUR","50","0%","?","Medium","33","0","0","gift_mothers","high"
"cadeau de 1 an de mariage","EUR","5000","0%","0%","High","100","0.002042716","0.007403133","life_events","medium"
"cadeau de anniversaire de mariage","EUR","5000","-90%","-90%","High","100","0.001986644","0.007493435","gift_anniversary","high"
"cadeau de fete des mere original","EUR","50","0%","0%","Unknown","","0","0","gift_mothers","high"
"cadeau de fête des mères original","EUR","50","-100%","-100%","Unknown","","0","0","gift_mothers","high"
"cadeau de mariage noce de coton","EUR","50","0%","0%","High","100","0","0","life_events","medium"
"cadeau de naissance de la part des grands parents","EUR","50","0%","0%","High","100","0","0","gift_grandparents","high"
"cadeau de noce","EUR","50","0%","0%","High","100","0.002659834","0.008344621","life_events","medium"
"cadeau de noce de coton","EUR","50","0%","?","High","100","0","0","life_events","medium"
"cadeau de noce de mariage","EUR","50","0%","0%","High","100","0","0","life_events","medium"
"cadeau de noces d or","EUR","50","0%","?","High","100","0","0","gift_anniversary","high"
"cadeau de noel a personnaliser","EUR","50","0%","0%","High","100","0.003067334","0.006821875","gift_personalized","high"
"cadeau de noel personnalisable","EUR","500","900%","0%","High","100","0.00331216","0.009693609","gift_personalized","high"
"cadeau de noel personnalisé homme","EUR","50","900%","0%","High","100","0.002661138","0.008945765","gift_personalized","high"
"cadeau de noel pour des grands parents","EUR","50","0%","0%","High","100","0.001793978","0.006595957","gift_grandparents","high"
"cadeau de noel pour femme personnalisé","EUR","50","0%","-100%","Unknown","","0","0","gift_personalized","high"
"cadeau de noel pour homme personnalisé","EUR","50","?","0%","High","100","0","0","gift_personalized","high"
"cadeau de noel pour les grands parents","EUR","50","900%","0%","High","100","0.001671728","0.006717555","gift_grandparents","high"
"cadeau de noel pour ses grand parents","EUR","50","0%","0%","High","100","0.002168878","0.005712171","gift_grandparents","high"
"cadeau de noel pour ses grands parents","EUR","50","0%","0%","High","100","0.002168878","0.005712171","gift_grandparents","high"
"cadeau de noël parent","EUR","500","900%","0%","High","100","0.001908078","0.008994013","gift_other","medium"
"cadeau de noël personnalisé homme","EUR","50","900%","0%","High","100","0.002661138","0.008945765","gift_personalized","high"
"cadeau de noël personnalisée","EUR","50","0%","0%","High","100","0","0","gift_personalized","high"
"cadeau de noël pour grand parent","EUR","500","900%","0%","High","100","0.001766268","0.006415353","gift_grandparents","high"
"cadeau des grands parents pour un baptême","EUR","50","0%","0%","High","96","0","0","gift_grandparents","high"
"cadeau en bois pour anniversaire de mariage","EUR","50","0%","0%","High","100","0","0","gift_anniversary","high"
"cadeau en coton pour anniversaire de mariage","EUR","50","0%","0%","High","100","0","0","gift_anniversary","high"
"cadeau en cuir pour anniversaire de mariage","EUR","50","0%","0%","High","100","0","0","gift_anniversary","high"
"cadeau en nickel pour anniversaire de mariage","EUR","50","0%","0%","High","100","0","0","gift_anniversary","high"
"cadeau en photo","EUR","5000","900%","0%","High","100","0.006689845","0.019300176","gift_personalized","high"
"cadeau en plomb pour anniversaire de mariage","EUR","50","0%","0%","High","100","0","0","gift_anniversary","high"
"cadeau en porcelaine pour anniversaire de mariage","EUR","50","0%","?","High","100","0","0","gift_anniversary","high"
"cadeau fait main pour grand parent","EUR","500","0%","0%","High","100","0.000486718","0.003541012","gift_grandparents","high"
"cadeau femme anniversaire de mariage","EUR","50","0%","0%","High","100","0","0","gift_anniversary","high"
"cadeau femme anniversaire mariage","EUR","50","0%","0%","High","100","0.002584854","0.007279253","gift_anniversary","high"
"cadeau femme personnalisé noel","EUR","50","0%","0%","High","100","0.003047774","0.008742015","gift_personalized","high"
"cadeau fete des grand mere original","EUR","50","-100%","-100%","Unknown","","0","0","gift_mothers","high"
"cadeau fete des meres insolite","EUR","50","0%","0%","Unknown","","0","0","gift_mothers","high"
"cadeau fete des meres original et pas cher","EUR","50","0%","-100%","Unknown","","0","0","gift_mothers","high"
"cadeau fete des pere avec photo","EUR","50","-100%","0%","Unknown","","0","0","gift_fathers","high"
"cadeau fete des pere photo","EUR","500","0%","0%","High","100","0","0","gift_fathers","high"
"cadeau fete mere original","EUR","5000","0%","-90%","High","78","0.001648908","0.005991879","gift_mothers","high"
"cadeau froment mariage","EUR","50","0%","0%","High","100","0","0","life_events","medium"
"cadeau fête des grands mères original","EUR","50","-100%","-100%","Unknown","","0","0","gift_mothers","high"
"cadeau fête des grands mères photo","EUR","50","0%","0%","Unknown","","0","0","gift_mothers","high"
"cadeau fête des mères avec photos","EUR","50","0%","-100%","Unknown","","0","0","gift_mothers","high"
"cadeau fête des mères insolite","EUR","50","0%","0%","Unknown","","0","0","gift_mothers","high"
"cadeau fête des pères avec photo","EUR","50","0%","0%","Unknown","","0","0","gift_fathers","high"
"cadeau fête des pères personnalisé photo","EUR","50","0%","0%","Unknown","","0","0","gift_fathers","high"
"cadeau grand parent bapteme","EUR","500","0%","0%","High","82","0.001739862","0.007856925","gift_grandparents","high"
"cadeau grand parent bebe","EUR","50","0%","0%","High","100","0.002421528","0.005321297","gift_grandparents","high"
"cadeau grand parent naissance","EUR","50","0%","0%","High","100","0.001852006","0.005040937","gift_grandparents","high"
"cadeau grand parent noël","EUR","500","900%","0%","High","100","0.0016137","0.005760745","gift_grandparents","high"
"cadeau grand parent pas cher","EUR","50","0%","0%","High","100","0.0016789","0.006781451","gift_grandparents","high"
"cadeau grand parent photo","EUR","50","0%","0%","High","100","0.005245013","0.011729153","gift_grandparents","high"
"cadeau high tech grand parent","EUR","50","0%","0%","High","96","0.000785008","0.00279382","gift_grandparents","high"
"cadeau homme avec photo","EUR","50","0%","0%","High","100","0.004012734","0.008655951","gift_personalized","high"
"cadeau homme noce d opale","EUR","50","0%","0%","High","100","0","0","life_events","medium"
"cadeau homme noce de coquelicot","EUR","50","-100%","-100%","Unknown","","0","0","life_events","medium"
"cadeau homme noce de cristal","EUR","50","0%","0%","High","100","0","0","life_events","medium"
"cadeau homme noce de froment","EUR","50","0%","0%","High","100","0","0","life_events","medium"
"cadeau homme noce de saphir","EUR","50","0%","?","High","100","0","0","life_events","medium"
"cadeau homme pour anniversaire de mariage","EUR","500","0%","0%","High","100","0.00178648","0.005600679","gift_anniversary","high"
"cadeau insolite fete des meres","EUR","50","0%","0%","Unknown","","0","0","gift_mothers","high"
"cadeau laine anniversaire mariage","EUR","50","0%","0%","Unknown","","0","0","gift_anniversary","high"
"cadeau mamie et papy","EUR","50","0%","-90%","High","100","0.002255594","0.006053819","gift_grandparents","high"
"cadeau mamie papy","EUR","50","0%","0%","High","100","0.002624626","0.007995149","gift_grandparents","high"
"cadeau mariage annee","EUR","50","0%","0%","High","91","0","0","life_events","medium"
"cadeau mariage anniversaire","EUR","5000","0%","0%","High","100","0.002073034","0.007570045","gift_anniversary","high"
"cadeau mariage noce d étain","EUR","50","-100%","-100%","Unknown","","0","0","life_events","medium"
"cadeau mariage noce de chypre","EUR","50","-100%","-100%","Unknown","","0","0","life_events","medium"
"cadeau mariage noce de coton","EUR","50","0%","0%","High","100","0","0","life_events","medium"
"cadeau mariage noce de cuir","EUR","50","?","0%","High","100","0","0","life_events","medium"
"cadeau maîtresse avec photo","EUR","50","?","?","High","100","0","0","gift_personalized","high"
"cadeau maîtresse noël personnalisé","EUR","50","0%","0%","High","100","0.001855266","0.004994971","gift_personalized","high"
"cadeau mere original","EUR","50","0%","0%","High","100","0.001554694","0.006951623","gift_mothers","high"
"cadeau naissance grand parent","EUR","50","0%","0%","High","100","0.001939374","0.009314145","gift_grandparents","high"
"cadeau naissance papy mamie","EUR","50","0%","0%","High","100","0.003394312","0.005963843","gift_grandparents","high"
"cadeau naissance pour grand parents","EUR","50","0%","0%","High","100","0.001265858","0.004211594","gift_grandparents","high"
"cadeau noce","EUR","50","0%","0%","High","100","0","0","life_events","medium"
"cadeau noce acajou","EUR","50","0%","0%","High","86","0","0","life_events","medium"
"cadeau noce chypre","EUR","50","0%","0%","High","100","0","0","life_events","medium"
"cadeau noce cire","EUR","50","0%","0%","High","100","0","0","life_events","medium"
"cadeau noce corail","EUR","50","0%","0%","High","100","0.001862438","0.004591709","life_events","medium"
"cadeau noce d acajou","EUR","50","0%","0%","High","100","0","0","life_events","medium"
"cadeau noce d ambre","EUR","50","?","?","High","100","0","0","life_events","medium"
"cadeau noce d emeraude","EUR","50","0%","0%","High","100","0","0","life_events","medium"
"cadeau noce d opale","EUR","50","0%","0%","High","100","0","0","life_events","medium"
"cadeau noce d étain homme","EUR","50","0%","0%","High","100","0.001970996","0.011175279","life_events","medium"
"cadeau noce de beryl","EUR","50","0%","0%","High","100","0","0","life_events","medium"
"cadeau noce de blé","EUR","50","0%","0%","High","100","0","0","life_events","medium"
"cadeau noce de bronze","EUR","50","0%","0%","High","100","0","0","life_events","medium"
"cadeau noce de cachemire","EUR","50","-100%","-100%","Unknown","","0","0","life_events","medium"
"cadeau noce de cedre","EUR","50","0%","0%","High","100","0","0","life_events","medium"
"cadeau noce de chypre homme","EUR","50","0%","0%","High","100","0","0","life_events","medium"
"cadeau noce de cire homme","EUR","50","0%","0%","High","100","0.001808648","0.005641755","life_events","medium"
"cadeau noce de corail homme","EUR","50","0%","0%","High","100","0","0","life_events","medium"
"cadeau noce de coton amis","EUR","50","0%","0%","High","100","0","0","life_events","medium"
"cadeau noce de coton couple","EUR","50","0%","0%","High","100","0.00194296","0.004135636","life_events","medium"
"cadeau noce de crepe","EUR","50","0%","0%","Medium","52","0","0","life_events","medium"
"cadeau noce de cretonne","EUR","50","0%","0%","High","95","0","0","life_events","medium"
"cadeau noce de cuir pour homme","EUR","50","0%","0%","High","100","0.001478736","0.006021871","life_events","medium"
"cadeau noce de cuivre","EUR","500","0%","0%","High","100","0.002466842","0.006942169","life_events","medium"
"cadeau noce de fer","EUR","50","0%","0%","High","100","0","0","life_events","medium"
"cadeau noce de froment femme","EUR","50","0%","0%","High","100","0.00170498","0.009990269","life_events","medium"
"cadeau noce de froment pour lui","EUR","50","0%","?","High","100","0","0","life_events","medium"
"cadeau noce de jade","EUR","50","0%","0%","High","100","0","0","life_events","medium"
"cadeau noce de laine femme","EUR","50","0%","0%","High","100","0.002186482","0.006450235","life_events","medium"
"cadeau noce de mariage","EUR","50","0%","0%","High","100","0","0","life_events","medium"
"cadeau noce de mercure","EUR","50","0%","0%","High","100","0","0","life_events","medium"
"cadeau noce de mousseline","EUR","50","0%","0%","High","100","0","0","life_events","medium"
"cadeau noce de muguet homme","EUR","50","0%","?","High","100","0","0","life_events","medium"
"cadeau noce de nickel","EUR","50","0%","0%","High","100","0","0","life_events","medium"
"cadeau noce de papier","EUR","50","0%","0%","High","100","0","0","life_events","medium"
"cadeau noce de perle femme","EUR","50","0%","0%","High","100","0","0","life_events","medium"
"cadeau noce de perle homme","EUR","50","-100%","-100%","Unknown","","0","0","life_events","medium"
"cadeau noce de perle parents","EUR","50","0%","0%","High","100","0","0","life_events","medium"
"cadeau noce de perle pour homme","EUR","50","0%","?","High","100","0","0","life_events","medium"
"cadeau noce de rubis","EUR","50","0%","0%","High","96","0.001591532","0.004952591","life_events","medium"
"cadeau noce de saphir","EUR","50","0%","0%","High","100","0.002630168","0.007134509","life_events","medium"
"cadeau noce de satin","EUR","50","0%","0%","High","100","0","0","life_events","medium"
"cadeau noce de turquoise","EUR","50","0%","0%","High","100","0","0","life_events","medium"
"cadeau noce de velours","EUR","50","0%","0%","High","100","0.000893566","0.002201152","life_events","medium"
"cadeau noce de vermeil","EUR","50","0%","0%","High","100","0.001064064","0.00270906","life_events","medium"
"cadeau noce diamant","EUR","50","0%","0%","High","100","0","0","life_events","medium"
"cadeau noce emeraude","EUR","50","0%","0%","High","100","0","0","life_events","medium"
"cadeau noce etain","EUR","50","0%","0%","High","100","0.00144418","0.004452508","life_events","medium"
"cadeau noce faience","EUR","50","0%","0%","High","100","0.001553716","0.009452369","life_events","medium"
"cadeau noce froment homme","EUR","50","0%","0%","High","100","0","0","life_events","medium"
"cadeau noce laine","EUR","50","0%","0%","High","100","0","0","life_events","medium"
"cadeau noce muguet","EUR","50","0%","0%","High","100","0","0","life_events","medium"
"cadeau noce opale","EUR","50","?","0%","High","100","0","0","life_events","medium"
"cadeau noce porcelaine","EUR","50","0%","0%","High","100","0","0","life_events","medium"
"cadeau noce vermeil","EUR","50","0%","0%","High","100","0","0","life_events","medium"
"cadeau noces","EUR","50","0%","0%","High","100","0","0","gift_anniversary","high"
"cadeau noces bois","EUR","50","0%","0%","High","100","0","0","gift_anniversary","high"
"cadeau noces cuir","EUR","50","0%","0%","High","100","0","0","gift_anniversary","high"
"cadeau noces de bois homme","EUR","50","0%","0%","High","100","0","0","gift_anniversary","high"
"cadeau noces de bronze","EUR","50","0%","0%","High","100","0","0","gift_anniversary","high"
"cadeau noces de coton amis","EUR","50","-100%","-100%","Unknown","","0","0","gift_anniversary","high"
"cadeau noces de cotons","EUR","500","-90%","-90%","High","100","0.001693244","0.004419908","gift_anniversary","high"
"cadeau noces de faience","EUR","50","0%","0%","High","100","0.002624626","0.007114623","gift_anniversary","high"
"cadeau noces de faïence homme","EUR","50","-100%","-100%","Unknown","","0","0","gift_anniversary","high"
"cadeau noces de froment femme","EUR","50","0%","?","High","100","0","0","gift_anniversary","high"
"cadeau noces de muguet","EUR","500","0%","0%","High","100","0.001220544","0.003988936","gift_anniversary","high"
"cadeau noces de nickel","EUR","50","0%","0%","High","100","0","0","gift_anniversary","high"
"cadeau noces de palissandre","EUR","50","0%","0%","High","100","0","0","gift_anniversary","high"
"cadeau noces de perle","EUR","50","0%","0%","High","100","0","0","gift_anniversary","high"
"cadeau noces de plomb","EUR","50","0%","0%","High","100","0.002021526","0.008381459","gift_anniversary","high"
"cadeau noces de plomb femme","EUR","50","0%","0%","High","100","0","0","gift_anniversary","high"
"cadeau noces de porcelaine","EUR","50","0%","0%","High","100","0","0","gift_anniversary","high"
"cadeau noces de saphir","EUR","50","0%","0%","High","100","0","0","gift_anniversary","high"
"cadeau noces de vermeil","EUR","50","0%","0%","High","100","0.001064064","0.00270906","gift_anniversary","high"
"cadeau noces diamant","EUR","50","0%","0%","High","100","0","0","gift_anniversary","high"
"cadeau noces etain","EUR","50","0%","0%","High","100","0.001447114","0.004285596","gift_anniversary","high"
"cadeau noces froment","EUR","50","0%","0%","High","100","0.002476622","0.005466041","gift_anniversary","high"
"cadeau noel femme personnalisé","EUR","50","0%","-90%","High","97","0.003640442","0.009254161","gift_personalized","high"
"cadeau noel futur grand parents","EUR","50","0%","0%","High","100","0.001988274","0.005608829","gift_grandparents","high"
"cadeau noel homme personnalisé","EUR","50","900%","0%","High","100","0.002778824","0.008004603","gift_personalized","high"
"cadeau noel original grand parents","EUR","50","0%","0%","High","100","0.001591532","0.003948186","gift_grandparents","high"
"cadeau noel papi mamie","EUR","50","0%","-90%","High","100","0.001877434","0.005857893","gift_grandparents","high"
"cadeau noel papy et mamie","EUR","50","900%","0%","High","100","0.00177833","0.007145267","gift_grandparents","high"
"cadeau noel personnalisé femme","EUR","50","0%","0%","High","100","0.002302538","0.007554397","gift_personalized","high"
"cadeau noel pour les grands parents","EUR","50","0%","0%","High","100","0.001727148","0.006612257","gift_grandparents","high"
"cadeau nouveau grand parent","EUR","50","0%","-90%","High","100","0.001780938","0.004992037","gift_grandparents","high"
"cadeau noël grand parents","EUR","500","900%","0%","High","100","0.001707262","0.005691307","gift_grandparents","high"
"cadeau noël original grand mère","EUR","50","0%","0%","High","100","0","0","gift_mothers","high"
"cadeau noël parent","EUR","500","900%","0%","High","100","0.002108242","0.009592875","gift_other","medium"
"cadeau noël personnalisé grand parent","EUR","50","900%","0%","High","100","0.00325185","0.010327679","gift_grandparents","high"
"cadeau noël personnalisé photo","EUR","50","900%","0%","High","100","0.004572149","0.013996156","gift_personalized","high"
"cadeau original anniversaire mariage","EUR","50","0%","0%","High","100","0","0","gift_anniversary","high"
"cadeau original avec photos","EUR","50","900%","0%","High","100","0.003739872","0.010488071","gift_other","medium"
"cadeau original fete des grands meres","EUR","50","0%","0%","Unknown","","0","0","gift_mothers","high"
"cadeau original fete mere","EUR","5000","0%","-90%","High","78","0.001648908","0.005991879","gift_mothers","high"
"cadeau original fetes des grands meres","EUR","50","0%","0%","Unknown","","0","0","gift_grandparents","high"
"cadeau original grand parents","EUR","50","900%","0%","High","100","0.00152405","0.006113803","gift_grandparents","high"
"cadeau original noce de bois","EUR","50","?","0%","High","100","0","0","life_events","medium"
"cadeau original noce de froment","EUR","50","-100%","-100%","Unknown","","0","0","life_events","medium"
"cadeau original noce de laine","EUR","50","?","0%","High","100","0","0","life_events","medium"
"cadeau original noces d or","EUR","50","0%","0%","High","100","0","0","gift_anniversary","high"
"cadeau original noces de coton","EUR","50","0%","0%","High","100","0.00129585","0.003787468","gift_anniversary","high"
"cadeau original noces de diamant","EUR","50","0%","0%","Unknown","","0","0","gift_anniversary","high"
"cadeau original papy mamie","EUR","50","0%","0%","High","100","0.00175877","0.004875329","gift_grandparents","high"
"cadeau original personnalisé avec photo","EUR","50","0%","0%","High","100","0.002389254","0.009192547","gift_personalized","high"
"cadeau original pour anniversaire de mariage","EUR","500","-90%","-90%","High","100","0.001897646","0.006749503","gift_anniversary","high"
"cadeau original pour fete des meres","EUR","5000","0%","-90%","High","78","0.001648908","0.005991879","gift_mothers","high"
"cadeau original pour fête des mères","EUR","5000","0%","-90%","High","78","0.001648908","0.005991879","gift_mothers","high"
"cadeau original pour grand parent","EUR","50","900%","0%","High","100","0.00152405","0.006113803","gift_grandparents","high"
"cadeau original pour la fete des grand mere","EUR","50","0%","0%","Unknown","","0","0","gift_mothers","high"
"cadeau original pour la fete des mere","EUR","5000","0%","-90%","High","78","0.001648908","0.005991879","gift_mothers","high"
"cadeau original pour la fete des meres","EUR","5000","0%","-90%","High","78","0.001648908","0.005991879","gift_mothers","high"
"cadeau original pour la fête des grands mères","EUR","50","0%","0%","Unknown","","0","0","gift_mothers","high"
"cadeau original pour ma maman","EUR","50","0%","0%","High","100","0.002385668","0.008697679","gift_mothers","high"
"cadeau original pour noce de coton","EUR","50","-100%","0%","Unknown","","0","0","life_events","medium"
"cadeau original pour noces de diamant","EUR","50","-100%","0%","Unknown","","0","0","gift_anniversary","high"
"cadeau original pour papy et mamie","EUR","50","?","0%","High","100","0.00177833","0.005604591","gift_grandparents","high"
"cadeau papi et mami","EUR","50","900%","0%","High","100","0.002031958","0.005926353","gift_grandparents","high"
"cadeau papi et mamie noel","EUR","50","900%","0%","High","100","0.002333508","0.006603781","gift_grandparents","high"
"cadeau papi mamie noel","EUR","50","900%","0%","High","99","0.00197393","0.005683483","gift_grandparents","high"
"cadeau papy mamie naissance","EUR","50","0%","-90%","High","100","0.002151274","0.003812896","gift_grandparents","high"
"cadeau parents anniversaire de mariage","EUR","50","0%","0%","High","100","0.002175398","0.004748841","gift_anniversary","high"
"cadeau personnalisable noel","EUR","500","0%","0%","High","100","0.002632776","0.008883173","gift_personalized","high"
"cadeau personnalisé auchan","EUR","50","0%","0%","High","100","0.004061634","0.006881859","gift_personalized","high"
"cadeau personnalisé avec photo pour homme","EUR","50","0%","0%","High","100","0.00277589","0.008380481","gift_personalized","high"
"cadeau personnalisé femme noel","EUR","50","900%","0%","High","100","0.002501724","0.008959457","gift_personalized","high"
"cadeau personnalisé homme noel","EUR","50","900%","0%","High","100","0.002778824","0.008004603","gift_personalized","high"
"cadeau personnalisé noces d or","EUR","50","0%","0%","High","100","0","0","gift_anniversary","high"
"cadeau personnalisé noel homme","EUR","50","0%","0%","High","100","0.003870924","0.008657255","gift_personalized","high"
"cadeau personnalisé nounou noel","EUR","50","0%","-90%","High","100","0.00307255","0.008850247","gift_personalized","high"
"cadeau personnalisé papy et mamie","EUR","50","900%","0%","High","100","0.003636856","0.011257105","gift_grandparents","high"
"cadeau personnalisé pas cher pour noel","EUR","50","0%","0%","High","100","0.002624626","0.012701611","gift_personalized","high"
"cadeau personnalisé photo saint valentin","EUR","50","0%","0%","High","100","0","0","gift_personalized","high"
"cadeau personnalisé plexiglas","EUR","50","?","0%","High","100","0","0","gift_personalized","high"
"cadeau personnalisé pour fête des mères","EUR","5000","-90%","-90%","High","100","0.003777036","0.008607051","gift_mothers","high"
"cadeau personnalisé pour parents","EUR","50","900%","0%","High","100","0.002370346","0.008230847","gift_personalized","high"
"cadeau photo cube","EUR","50","0%","0%","High","100","0.005545911","0.015580842","physical_products","medium"
"cadeau photo femme","EUR","50","0%","0%","High","100","0.005478103","0.01722975","gift_personalized","high"
"cadeau photo fête des mères","EUR","500","0%","0%","High","100","0","0","gift_mothers","high"
"cadeau photo fête des pères","EUR","500","0%","0%","High","100","0","0","gift_fathers","high"
"cadeau plomb noce","EUR","50","?","0%","High","100","0","0","life_events","medium"
"cadeau pour 1 an de mariage amis","EUR","50","0%","?","High","100","0","0","life_events","medium"
"cadeau pour 1er anniversaire de mariage","EUR","50","-100%","-100%","Unknown","","0","0","gift_anniversary","high"
"cadeau pour anniv maman","EUR","5000","0%","0%","High","100","0.002665702","0.008668339","gift_mothers","high"
"cadeau pour anniversaire de mariage de ses parents","EUR","50","-100%","0%","Unknown","","0","0","gift_anniversary","high"
"cadeau pour anniversaire de mariage parents","EUR","50","-100%","0%","Unknown","","0","0","gift_anniversary","high"
"cadeau pour arriere grand parent","EUR","50","0%","-90%","High","100","0.001704654","0.005068647","gift_grandparents","high"
"cadeau pour belle mère noël","EUR","50","900%","0%","High","100","0.001678248","0.006278759","gift_mothers","high"
"cadeau pour des noces d or","EUR","50","0%","0%","High","100","0.000931382","0.004139874","gift_anniversary","high"
"cadeau pour faire plaisir a sa maman","EUR","50","0%","0%","High","100","0","0","gift_mothers","high"
"cadeau pour femme anniversaire de mariage","EUR","50","0%","0%","High","100","0","0","gift_anniversary","high"
"cadeau pour femme maman","EUR","50","0%","0%","High","100","0.003301402","0.008702569","gift_mothers","high"
"cadeau pour fete de mariage","EUR","50","0%","0%","High","100","0","0","life_events","medium"
"cadeau pour fete des grands meres","EUR","5000","-90%","-90%","High","100","0.001858852","0.007152765","gift_mothers","high"
"cadeau pour fete des maman","EUR","500","0%","0%","High","100","0.001099598","0.005029201","gift_mothers","high"
"cadeau pour fete maman","EUR","50","0%","?","High","100","0","0","gift_mothers","high"
"cadeau pour fetes des grands meres","EUR","5000","-90%","-90%","High","100","0.001858852","0.007152765","gift_other","medium"
"cadeau pour futur grand parent","EUR","50","900%","0%","High","100","0.00151916","0.005281525","gift_grandparents","high"
"cadeau pour fête des grand mères","EUR","50","0%","0%","Unknown","","0","0","gift_mothers","high"
"cadeau pour fête des grands mères","EUR","5000","-90%","-90%","High","100","0.001858852","0.007152765","gift_mothers","high"
"cadeau pour fête des mamans","EUR","500","0%","0%","High","100","0.001099598","0.005029201","gift_mothers","high"
"cadeau pour grand parent noel","EUR","50","900%","0%","High","100","0.00170172","0.005503205","gift_grandparents","high"
"cadeau pour grand parent noël","EUR","50","900%","0%","High","100","0.00170172","0.005503205","gift_grandparents","high"
"cadeau pour grand parents à faire soi même","EUR","50","0%","0%","High","91","0","0","gift_grandparents","high"
"cadeau pour homme anniversaire de mariage","EUR","500","0%","0%","High","100","0.00178648","0.005600679","gift_anniversary","high"
"cadeau pour jeunes grand parents","EUR","50","0%","0%","High","100","0.001835706","0.006311359","gift_grandparents","high"
"cadeau pour la fete de sa mere","EUR","50","0%","0%","Unknown","","0","0","gift_mothers","high"
"cadeau pour la fete des maman","EUR","50","0%","0%","High","71","0","0","gift_mothers","high"
"cadeau pour la fete des mamie","EUR","5000","0%","-90%","High","100","0.002683632","0.005520809","gift_grandparents","high"
"cadeau pour la fete des mamies","EUR","5000","0%","-90%","High","100","0.002683632","0.005520809","gift_other","medium"
"cadeau pour la fete des meres original","EUR","5000","0%","-90%","High","78","0.001648908","0.005991879","gift_mothers","high"
"cadeau pour la fete des parents","EUR","50","?","0%","High","100","0","0","gift_other","medium"
"cadeau pour la fête des grand mères","EUR","50","-100%","-100%","Unknown","","0","0","gift_mothers","high"
"cadeau pour la fête des mamans","EUR","50","0%","0%","High","71","0","0","gift_mothers","high"
"cadeau pour la fête des mères à acheter","EUR","50","0%","?","Low","0","0","0","gift_mothers","high"
"cadeau pour les noces d or","EUR","50","0%","0%","High","100","0.001292264","0.005561885","gift_anniversary","high"
"cadeau pour les noces de bois","EUR","50","-100%","-100%","Unknown","","0","0","gift_anniversary","high"
"cadeau pour maman a faire","EUR","50","0%","0%","High","98","0.001772136","0.007319677","gift_mothers","high"
"cadeau pour maman difficile","EUR","50","0%","0%","High","100","0.00222821","0.008362225","gift_mothers","high"
"cadeau pour maman débordée","EUR","50","0%","0%","High","100","0.001330732","0.006954231","gift_mothers","high"
"cadeau pour maman idee","EUR","50000","900%","0%","High","100","0.001693244","0.007872899","gift_mothers","high"
"cadeau pour maman pas trop cher","EUR","50","0%","0%","High","100","0","0","gift_mothers","high"
"cadeau pour mes grands parents","EUR","50","0%","0%","High","100","0.001649886","0.005282177","gift_grandparents","high"
"cadeau pour mon mari anniversaire de mariage","EUR","50","-100%","0%","Unknown","","0","0","gift_anniversary","high"
"cadeau pour noce d etain","EUR","50","0%","0%","High","100","0.000788594","0.00287369","life_events","medium"
"cadeau pour noce de chypre","EUR","500","0%","0%","High","100","0.001504164","0.004830993","life_events","medium"
"cadeau pour noce de cire","EUR","50","0%","0%","High","100","0","0","life_events","medium"
"cadeau pour noce de coquelicot","EUR","500","0%","0%","High","100","0.001642714","0.003750956","life_events","medium"
"cadeau pour noce de cuir","EUR","500","0%","0%","High","100","0.002466842","0.006942169","life_events","medium"
"cadeau pour noce de diamant","EUR","500","0%","0%","High","100","0.00157295","0.005114613","life_events","medium"
"cadeau pour noce de froment","EUR","5000","0%","0%","High","99","0.001962194","0.005445177","life_events","medium"
"cadeau pour noce de laine","EUR","500","0%","0%","High","100","0.001714434","0.005841593","life_events","medium"
"cadeau pour noce de perle","EUR","50","0%","0%","High","100","0","0","life_events","medium"
"cadeau pour noce de porcelaine","EUR","500","-90%","0%","High","100","0.001966106","0.005913965","life_events","medium"
"cadeau pour noces de bois","EUR","500","0%","0%","High","100","0.002116718","0.009112025","gift_anniversary","high"
"cadeau pour noces de cristal","EUR","50","0%","?","High","100","0","0","gift_anniversary","high"
"cadeau pour noces de froment","EUR","5000","0%","0%","High","99","0.001962194","0.005445177","gift_anniversary","high"
"cadeau pour notre maman","EUR","50","0%","0%","High","98","0.002818596","0.006806879","gift_mothers","high"
"cadeau pour nouveau grand parents","EUR","50","0%","-90%","High","100","0.001780938","0.004992037","gift_grandparents","high"
"cadeau pour noël pour les mamans","EUR","50","0%","0%","High","100","0.001633586","0.006101415","gift_other","medium"
"cadeau pour papi mamie","EUR","50","0%","0%","High","100","0.001596748","0.005006055","gift_grandparents","high"
"cadeau pour papy mamie","EUR","50","0%","-90%","High","100","0.001985014","0.005421705","gift_grandparents","high"
"cadeau pour sa maman idee","EUR","50","0%","0%","High","100","0.002751114","0.008958479","gift_mothers","high"
"cadeau pour super maman","EUR","50","0%","0%","High","100","0.001935136","0.011648957","gift_mothers","high"
"cadeau pour ta maman","EUR","50","0%","0%","High","100","0","0","gift_mothers","high"
"cadeau pour un 25e anniversaire de mariage","EUR","50","?","?","High","100","0","0","gift_anniversary","high"
"cadeau pour une premiere fete des meres","EUR","50","0%","0%","Unknown","","0","0","tools_comparison","high"
"cadeau pour une super maman","EUR","50","0%","0%","High","100","0.001947198","0.006158465","gift_mothers","high"
"cadeau premier anniversaire mariage","EUR","50","-100%","0%","Unknown","","0","0","gift_anniversary","high"
"cadeau premiere annee de mariage","EUR","50","0%","0%","High","100","0","0","tools_comparison","high"
"cadeau saint valentin avec photo","EUR","50","0%","-100%","Unknown","","0","0","gift_personalized","high"
"cadeau saint valentin homme photo","EUR","50","0%","-100%","Unknown","","0","0","gift_personalized","high"
"cadeau saint valentin plaque spotify","EUR","50","0%","0%","Unknown","","0","0","physical_products","medium"
"cadeau utile grand parent","EUR","50","0%","-90%","High","100","0.000894544","0.002271242","gift_grandparents","high"
"cadeau à offrir à ses grands parents","EUR","50","0%","0%","High","100","0.00078729","0.004263754","gift_grandparents","high"
"cadeaux anniversaires mariage","EUR","5000","0%","0%","High","100","0.002073034","0.007570045","life_events","medium"
"cadeaux avec photos perso","EUR","50","0%","-100%","Unknown","","0","0","gift_personalized","high"
"cadeaux d anniversaire de mariage parents","EUR","50","-100%","-100%","Unknown","","0","0","gift_anniversary","high"
"cadeaux de noces","EUR","50","0%","0%","High","100","0.002659834","0.008344621","gift_anniversary","high"
"cadeaux grands parents noël","EUR","500","900%","0%","High","100","0.0016137","0.005760745","gift_grandparents","high"
"cadeaux noces d étain","EUR","50","0%","0%","High","100","0","0","gift_anniversary","high"
"cadeaux noces de perle","EUR","50","0%","0%","High","100","0","0","gift_anniversary","high"
"cadeaux noel pas cher personnalisé","EUR","50","0%","0%","High","100","0.002638644","0.011760775","gift_personalized","high"
"cadeaux noel personnalisés","EUR","500","0%","0%","High","100","0.003379642","0.010375275","gift_personalized","high"
"cadeaux noël parents","EUR","500","900%","0%","High","100","0.002108242","0.009592875","gift_other","medium"
"cadeaux originaux grands parents","EUR","50","900%","0%","High","100","0.00152405","0.006113803","gift_grandparents","high"
"cadeaux papi mamie noel","EUR","50","0%","0%","High","100","0","0","gift_grandparents","high"
"cadeaux personnalisés pour noel","EUR","500","0%","0%","High","100","0.002632776","0.008883173","gift_personalized","high"
"cadeaux pour des grands parents","EUR","5000","900%","0%","High","100","0.00143929","0.005196765","gift_grandparents","high"
"cadeaux pour noce d or","EUR","500","-90%","0%","High","100","0.001974582","0.005125045","life_events","medium"
"cadeaux pour un anniversaire de mariage","EUR","5000","-90%","-90%","High","100","0.001986644","0.007493435","gift_anniversary","high"
"cadre bapteme personnalisé","EUR","50","0%","0%","High","100","0","0","physical_products","medium"
"cadre famille personnalisée","EUR","50","0%","0%","High","100","0","0","physical_products","medium"
"cadre personnalisable couple","EUR","50","0%","0%","High","100","0.005316733","0.009974621","physical_products","medium"
"cadre personnalisé bois","EUR","50","0%","0%","High","100","0.005683809","0.013968446","physical_products","medium"
"cadre personnalisé en bois","EUR","50","0%","0%","High","100","0.003429194","0.009205261","physical_products","medium"
"cadre personnalisé famille pas cher","EUR","50","0%","0%","High","100","0.004119662","0.009446501","physical_products","medium"
"cadre personnalisé famille personnage","EUR","50","0%","0%","High","100","0.003329764","0.011435101","physical_products","medium"
"cadre personnalisé noel","EUR","50","0%","0%","High","100","0.003889832","0.014787032","physical_products","medium"
"cadre photo avec gravure","EUR","50","0%","0%","High","100","0.006571833","0.024028153","physical_products","medium"
"cadre photo avec message","EUR","50","0%","0%","High","100","0.009970709","0.022165716","physical_products","medium"
"cadre photo bapteme personnalisé","EUR","50","0%","0%","High","100","0","0","physical_products","medium"
"cadre photo bd personnalisable","EUR","50","?","?","High","100","0","0","physical_products","medium"
"cadre photo bois gravé","EUR","50","0%","0%","High","100","0.004197902","0.01773994","physical_products","medium"
"cadre photo cadeau anniversaire","EUR","50","0%","0%","High","100","0","0","gift_anniversary","high"
"cadre photo de naissance","EUR","50","0%","0%","High","86","0.003115582","0.018488762","physical_products","medium"
"cadre photo de naissance personnalisé","EUR","50","0%","?","High","100","0","0","physical_products","medium"
"cadre photo gravure","EUR","50","0%","0%","High","100","0.006376885","0.011728501","physical_products","medium"
"cadre photo gravé lumineux","EUR","50","0%","0%","High","100","0.002624626","0.007889199","physical_products","medium"
"cadre photo gravé mariage","EUR","50","0%","?","High","75","0","0","physical_products","medium"
"cadre photo metal personnalisé","EUR","50","0%","0%","High","100","0.004889347","0.027247729","physical_products","medium"
"cadre photo original famille","EUR","500","0%","0%","High","100","0.003775406","0.016935372","physical_products","medium"
"cadre photo personnalisé amazon","EUR","50","900%","0%","High","99","0.002161706","0.012193703","physical_products","medium"
"cadre photo personnalisé en ligne","EUR","50","0%","0%","High","100","0.004987147","0.029550593","tools_comparison","high"
"cadre photo personnalisé noel","EUR","50","0%","-90%","High","100","0.005863109","0.017743852","physical_products","medium"
"cadre photo personnalisé parrain marraine","EUR","50","0%","0%","High","100","0.005631649","0.019519248","physical_products","medium"
"cadre photo personnalisé pour anniversaire","EUR","50","0%","0%","High","100","0","0","gift_anniversary","medium"
"cadre photo personnalisé pour mariage","EUR","50","0%","0%","High","100","0","0","physical_products","medium"
"cadre photo personnalisé super heros","EUR","50","0%","0%","High","100","0.002414356","0.014096238","physical_products","medium"
"cadre photo portrait de famille","EUR","50","0%","0%","High","100","0","0","physical_products","medium"
"cadre photobooth a personnaliser","EUR","50","0%","0%","High","100","0","0","physical_products","medium"
"cadre photobooth personnalisé anniversaire","EUR","50","-100%","-100%","Unknown","","0","0","gift_anniversary","medium"
"cadre portrait famille personnalisé","EUR","50","0%","0%","High","100","0.004981279","0.012971213","physical_products","medium"
"cadre transparent personnalisé","EUR","50","0%","0%","High","100","0.003217294","0.006151945","physical_products","medium"
"calendrier de l avent personnalisé homme idee","EUR","50","0%","0%","High","83","0","0","physical_products","medium"
"chaussettes photo personnalisées","EUR","500","900%","900%","High","100","0.00417117","0.012766485","physical_products","medium"
"chypre anniversaire de mariage","EUR","50","0%","0%","Low","0","0","0","gift_anniversary","high"
"chypre noce de mariage","EUR","50","0%","0%","Low","6","0","0","life_events","medium"
"coffret grand parents","EUR","50","900%","0%","High","100","0.00248412","0.009935827","gift_grandparents","high"
"coffret pour grand parents","EUR","50","0%","0%","High","100","0.001672054","0.008378199","gift_grandparents","high"
"coque personnalisée photo pas cher","EUR","50","?","?","High","100","0","0","physical_products","medium"
"coussin de noel personnalisé","EUR","50","0%","0%","High","100","0","0","physical_products","medium"
"coussin de noël personnalisé","EUR","50","0%","0%","High","100","0","0","physical_products","medium"
"coussin noel personnalisé","EUR","50","0%","0%","High","100","0.003865382","0.013193871","physical_products","medium"
"creation photo personnalisé","EUR","50","0%","0%","High","100","0.007977219","0.023951217","gift_personalized","high"
"créer son cadre personnalisé","EUR","50","?","0%","High","100","0","0","physical_products","medium"
"créer son cadre photo personnalisé","EUR","50","?","?","High","100","0","0","physical_products","medium"
"cube cadeau photo","EUR","50","0%","0%","High","100","0.002539866","0.013792406","physical_products","medium"
"deco boite anniversaire","EUR","500","-90%","0%","High","93","0","0","gift_anniversary","medium"
"deco noel famille personnalisée","EUR","50","-90%","-90%","High","100","0.002707756","0.008615201","gift_personalized","high"
"deco noel personnalisée famille","EUR","50","0%","0%","High","100","0.00245804","0.008383741","gift_personalized","high"
"des idées de cadeaux pour la fête des mères","EUR","50","0%","-100%","Unknown","","0","0","gift_mothers","high"
"faire un cadeau avec des photos","EUR","50","0%","0%","High","100","0.003221532","0.010822547","gift_other","medium"
"faire un cadeau photo","EUR","50","0%","0%","High","100","0.005400841","0.014692818","gift_personalized","high"
"faire un cadeau pour la fete des meres","EUR","50","0%","0%","High","100","0","0","gift_mothers","high"
"faire un cadeau pour la fête des mères","EUR","50","0%","0%","High","100","0","0","gift_mothers","high"
"faire un porte clé photo","EUR","50","0%","0%","High","95","0","0","physical_products","medium"
"faire un tee shirt avec photo","EUR","50","0%","0%","High","86","0.004971173","0.009143647","physical_products","medium"
"fete des grand mere cadeau original","EUR","50","0%","-100%","Unknown","","0","0","gift_mothers","high"
"fete des grand mere cadeau photo","EUR","50","-100%","-100%","Unknown","","0","0","gift_mothers","high"
"fete des grand mere idee originale","EUR","50","0%","0%","Unknown","","0","0","gift_mothers","high"
"fete des grand mere original","EUR","50","0%","0%","Unknown","","0","0","gift_mothers","high"
"fete des mere original","EUR","50","0%","0%","Unknown","","0","0","gift_mothers","high"
"fete des meres cadeau photo","EUR","50","0%","0%","Unknown","","0","0","gift_mothers","high"
"fete des meres idee originale","EUR","50","0%","0%","Unknown","","0","0","gift_mothers","high"
"fete des meres original","EUR","50","0%","-100%","Unknown","","0","0","gift_mothers","high"
"fete des peres cadeau photo","EUR","50","0%","0%","Unknown","","0","0","gift_fathers","high"
"fete des peres photo cadeau","EUR","50","0%","0%","Unknown","","0","0","gift_fathers","high"
"fête des mères cadeau original","EUR","5000","0%","-90%","High","78","0.001648908","0.005991879","gift_mothers","high"
"fête des mères idée originale","EUR","50","0%","0%","Unknown","","0","0","gift_mothers","high"
"fête des mères original","EUR","50","0%","0%","Unknown","","0","0","gift_mothers","high"
"grand parent cadeau","EUR","50","0%","-90%","High","100","0.001745078","0.004667341","gift_grandparents","high"
"grand parents cadeau","EUR","50","0%","-90%","High","100","0.001745078","0.004667341","gift_grandparents","high"
"gravure cadre photo","EUR","50","900%","0%","High","100","0.005913965","0.0151678","physical_products","medium"
"gravure photo personnalisé","EUR","50","0%","0%","High","100","0.005312821","0.011885633","gift_personalized","high"
"gravure photo sur objet","EUR","50","0%","0%","High","100","0.00278404","0.011463463","physical_products","medium"
"idee activité anniversaire homme","EUR","50","-100%","-100%","Unknown","","0","0","gift_anniversary","high"
"idee anniversaire de mariage","EUR","500","-90%","-90%","High","100","0.001764638","0.003945578","gift_anniversary","high"
"idee anniversaire mariage","EUR","500","0%","0%","High","100","0.002746224","0.006750807","gift_anniversary","high"
"idee cadeau 1 an mariage homme","EUR","50","0%","0%","High","100","0","0","life_events","medium"
"idee cadeau 1er anniversaire de mariage","EUR","50","0%","0%","High","100","0","0","gift_anniversary","high"
"idee cadeau 25e anniversaire de mariage","EUR","50","0%","0%","Unknown","","0","0","gift_anniversary","high"
"idee cadeau 50ème anniversaire de mariage","EUR","50","0%","0%","Unknown","","0","0","gift_anniversary","high"
"idee cadeau anniv mariage","EUR","500","0%","0%","High","100","0.001777678","0.007138747","life_events","medium"
"idee cadeau anniversaire mariage 1 an","EUR","50","0%","0%","High","100","0","0","gift_anniversary","high"
"idee cadeau avec une photo","EUR","500","900%","0%","High","100","0.004099124","0.012562083","gift_personalized","high"
"idee cadeau cadre photo","EUR","50","0%","0%","High","100","0.009124413","0.031785649","physical_products","medium"
"idee cadeau couple grand parents","EUR","50","0%","-90%","High","100","0.001347358","0.005870933","gift_grandparents","high"
"idee cadeau d anniversaire de mariage","EUR","50","0%","0%","High","79","0","0","gift_anniversary","high"
"idee cadeau de mariage 1 an","EUR","500","-90%","0%","High","100","0.001692592","0.004331236","life_events","medium"
"idee cadeau de mariage parents","EUR","50","0%","0%","High","100","0.001107748","0.006331571","life_events","medium"
"idee cadeau fete des mere original","EUR","5000","0%","0%","High","100","0.0008965","0.009054323","gift_mothers","high"
"idee cadeau fete des meres original","EUR","50","0%","0%","Unknown","","0","0","gift_mothers","high"
"idee cadeau fete des meres originale","EUR","5000","0%","0%","High","100","0.0008965","0.009054323","gift_mothers","high"
"idee cadeau fete des meres photo","EUR","50","0%","-100%","Unknown","","0","0","gift_mothers","high"
"idee cadeau fete des peres photo","EUR","50","-100%","-100%","Unknown","","0","0","gift_fathers","high"
"idee cadeau futur grand parent","EUR","50","0%","-90%","High","100","0.001446136","0.005414207","gift_grandparents","high"
"idee cadeau grand parent personnalisé","EUR","50","0%","?","High","100","0","0","gift_grandparents","high"
"idee cadeau homme noce de bois","EUR","50","0%","0%","High","100","0","0","life_events","medium"
"idee cadeau homme noce de coquelicot","EUR","50","0%","0%","Unknown","","0","0","life_events","medium"
"idee cadeau homme noce de froment","EUR","50","?","0%","High","100","0","0","life_events","medium"
"idee cadeau jeune grand parent","EUR","50","0%","0%","High","100","0.001393976","0.005131565","gift_grandparents","high"
"idee cadeau naissance pour grand parents","EUR","50","0%","0%","High","100","0","0","gift_grandparents","high"
"idee cadeau noce acajou","EUR","50","0%","0%","High","100","0","0","life_events","medium"
"idee cadeau noce bois","EUR","50","0%","?","High","100","0","0","life_events","medium"
"idee cadeau noce cire","EUR","50","0%","0%","High","100","0","0","life_events","medium"
"idee cadeau noce coquelicot","EUR","50","0%","0%","High","100","0","0","life_events","medium"
"idee cadeau noce cristal","EUR","50","0%","0%","High","100","0","0","life_events","medium"
"idee cadeau noce cuir","EUR","50","0%","0%","High","100","0","0","life_events","medium"
"idee cadeau noce d emeraude","EUR","50","0%","0%","High","100","0.001335296","0.003254458","life_events","medium"
"idee cadeau noce de corail","EUR","50","0%","0%","High","100","0","0","life_events","medium"
"idee cadeau noce de coton femme","EUR","50","0%","?","High","100","0","0","life_events","medium"
"idee cadeau noce de cuir homme","EUR","50","0%","0%","High","100","0.00143929","0.006180307","life_events","medium"
"idee cadeau noce de faience","EUR","50","0%","0%","High","100","0.00135453","0.003076788","life_events","medium"
"idee cadeau noce de muguet","EUR","50","0%","0%","High","100","0","0","life_events","medium"
"idee cadeau noce de perle","EUR","50","0%","0%","High","100","0.001353226","0.008625307","life_events","medium"
"idee cadeau noce de plomb","EUR","50","0%","0%","High","100","0","0","life_events","medium"
"idee cadeau noce de porcelaine","EUR","50","0%","0%","High","100","0","0","life_events","medium"
"idee cadeau noce de satin","EUR","50","0%","0%","High","100","0","0","life_events","medium"
"idee cadeau noce de soie","EUR","50","0%","0%","High","100","0","0","life_events","medium"
"idee cadeau noce de turquoise","EUR","50","-100%","0%","Unknown","","0","0","life_events","medium"
"idee cadeau noce emeraude","EUR","50","0%","0%","High","100","0","0","life_events","medium"
"idee cadeau noce etain","EUR","500","0%","0%","High","100","0.001247602","0.003132534","life_events","medium"
"idee cadeau noce faience","EUR","50","0%","0%","High","100","0","0","life_events","medium"
"idee cadeau noce froment","EUR","50","0%","0%","High","100","0.0018093","0.004908255","life_events","medium"
"idee cadeau noce porcelaine","EUR","50","0%","0%","High","100","0","0","life_events","medium"
"idee cadeau noces coton","EUR","50","0%","0%","High","100","0","0","gift_anniversary","high"
"idee cadeau noces de cire","EUR","50","0%","0%","High","100","0.001585012","0.004265058","gift_anniversary","high"
"idee cadeau noces de cristal","EUR","50","0%","0%","High","100","0","0","gift_anniversary","high"
"idee cadeau noces de laine","EUR","50","0%","0%","High","100","0","0","gift_anniversary","high"
"idee cadeau noel papi mamie","EUR","50","0%","0%","High","100","0.00197067","0.007852361","gift_grandparents","high"
"idee cadeau noel papy mamie","EUR","50","900%","0%","High","100","0.00151101","0.005422357","gift_grandparents","high"
"idee cadeau noel personnalisable","EUR","500","0%","0%","High","100","0.002963666","0.009947563","gift_personalized","high"
"idee cadeau noel pour grand parent","EUR","500","900%","0%","High","100","0.001373112","0.005079731","gift_grandparents","high"
"idee cadeau original fete des grand mere","EUR","50","-100%","-100%","Unknown","","0","0","gift_mothers","high"
"idee cadeau original fete des mere","EUR","50","0%","0%","Unknown","","0","0","gift_mothers","high"
"idee cadeau original grand parent","EUR","50","0%","0%","High","100","0.001412232","0.005068321","gift_grandparents","high"
"idee cadeau papi mamie","EUR","500","900%","0%","High","100","0.001426576","0.004921621","gift_grandparents","high"
"idee cadeau papy et mamie","EUR","500","900%","0%","High","100","0.001576536","0.004820235","gift_grandparents","high"
"idee cadeau parents âgées","EUR","50","0%","0%","High","100","0.00059332","0.003834086","gift_other","medium"
"idee cadeau personnalisé noel","EUR","50","0%","0%","High","100","0.00341159","0.011082695","gift_personalized","high"
"idee cadeau photo com","EUR","50","?","0%","High","100","0.007018453","0.023084709","gift_personalized","high"
"idee cadeau photo fete des peres","EUR","50","-100%","-100%","Unknown","","0","0","gift_fathers","high"
"idee cadeau photo noel","EUR","50","900%","0%","High","100","0.005132217","0.014332588","gift_personalized","high"
"idee cadeau photo souvenir","EUR","50","0%","-90%","High","100","0.004647129","0.012722801","gift_personalized","high"
"idee cadeau pour 1 an de mariage","EUR","500","-90%","0%","High","100","0.001692592","0.004331236","life_events","medium"
"idee cadeau pour anniversaire mariage","EUR","500","0%","0%","High","100","0.001777678","0.007138747","gift_anniversary","high"
"idee cadeau pour fete des mere","EUR","50000","0%","0%","High","99","0.00231623","0.011006737","gift_mothers","high"
"idee cadeau pour grand parents","EUR","500","900%","0%","High","100","0.001103836","0.00453466","gift_grandparents","high"
"idee cadeau pour la fete des mamie","EUR","50","-100%","0%","Unknown","","0","0","gift_grandparents","high"
"idee cadeau pour la fete des meres","EUR","50","-100%","-100%","Unknown","","0","0","gift_mothers","high"
"idee cadeau pour noce d etain","EUR","50","0%","0%","Unknown","","0","0","life_events","medium"
"idee cadeau pour noce d or","EUR","50","0%","0%","High","100","0","0","life_events","medium"
"idee cadeau pour noce de bois","EUR","50","-100%","0%","Unknown","","0","0","life_events","medium"
"idee cadeau pour noces de diamant","EUR","50","0%","0%","High","86","0.001088188","0.043770385","gift_anniversary","high"
"idee cadeau pour papi et mamie","EUR","50","0%","0%","High","98","0.001379306","0.00431787","gift_grandparents","high"
"idee cadeau premier anniversaire mariage","EUR","50","0%","0%","High","100","0","0","gift_anniversary","high"
"idee cadeaux noel personnalisé","EUR","500","0%","0%","High","100","0.002963666","0.009947563","gift_personalized","high"
"idee cadeaux personnalisés noel","EUR","50","0%","0%","High","100","0.00341159","0.011082695","gift_personalized","high"
"idee calendrier de l avent personnalisé femme","EUR","50","0%","0%","High","98","0","0","physical_products","medium"
"idee de cadeau anniversaire de mariage","EUR","5000","0%","0%","High","100","0.00152405","0.006206387","gift_anniversary","high"
"idee de cadeau anniversaire mariage","EUR","5000","0%","0%","High","100","0.00152405","0.006206387","gift_anniversary","high"
"idee de cadeau avec des photos","EUR","50","0%","-90%","High","100","0.004407194","0.012897211","gift_other","medium"
"idee de cadeau d anniversaire de mariage pour homme","EUR","50","0%","0%","High","75","0","0","gift_anniversary","high"
"idee de cadeau pour anniversaire de mariage","EUR","5000","0%","0%","High","100","0.00152405","0.006206387","gift_anniversary","high"
"idee de cadeau pour fete des grand mere","EUR","500","0%","0%","High","100","0","0","gift_mothers","high"
"idee de cadeau pour fete des mere","EUR","5000","0%","-90%","High","81","0","0","gift_mothers","high"
"idee de cadeau pour fete des meres","EUR","5000","-90%","-90%","High","94","0","0","gift_mothers","high"
"idee de cadeau pour la fete des grand mere","EUR","50","?","?","High","79","0","0","gift_mothers","high"
"idee de cadeau pour la fête des mères","EUR","5000","-90%","-90%","High","94","0","0","gift_mothers","high"
"idee de cadeau pour ma maman","EUR","50","900%","0%","High","98","0.001593162","0.006145751","gift_mothers","high"
"idee de cadeaux pour fete des meres","EUR","5000","-90%","-90%","High","94","0","0","gift_mothers","high"
"idee de cadeaux pour grand parents","EUR","500","0%","-90%","High","100","0.00125673","0.004571823","gift_grandparents","high"
"idee de cadeaux pour la fete des meres","EUR","5000","-90%","-90%","High","94","0","0","gift_mothers","high"
"idee de personnalisation de coque","EUR","50","0%","0%","Medium","34","0","0","physical_products","medium"
"idee deco boite anniversaire","EUR","50","0%","0%","Medium","49","0","0","gift_anniversary","high"
"idee fete des meres originale","EUR","50","-100%","0%","Unknown","","0","0","gift_mothers","high"
"idee grand parents","EUR","50","0%","-90%","High","100","0.001390716","0.004843707","gift_grandparents","high"
"idee noce de bois","EUR","50","0%","0%","High","100","0","0","life_events","medium"
"idee noce de cire","EUR","50","0%","0%","High","100","0.001778004","0.003471248","life_events","medium"
"idee noce de coton","EUR","50","0%","0%","High","100","0.001540676","0.006988787","life_events","medium"
"idee noce de cuir","EUR","50","0%","0%","High","100","0","0","life_events","medium"
"idee noce de froment","EUR","50","0%","?","High","100","0","0","life_events","medium"
"idee noces de bois","EUR","50","0%","0%","High","100","0","0","gift_anniversary","high"
"idee noel parents","EUR","50","0%","0%","High","100","0.001778004","0.008637369","gift_other","medium"
"idee original fete des grand mere","EUR","50","0%","0%","Unknown","","0","0","gift_mothers","high"
"idee original fete des mere","EUR","50","0%","0%","Unknown","","0","0","gift_mothers","high"
"idee originale anniversaire femme","EUR","50","0%","0%","High","100","0","0","gift_anniversary","high"
"idee pour anniversaire de mariage","EUR","500","-90%","-90%","High","100","0.001764638","0.003945578","gift_anniversary","high"
"idee surprise anniversaire de mariage","EUR","50","0%","0%","High","100","0","0","gift_anniversary","high"
"idee surprise fete des meres","EUR","50","0%","0%","Unknown","","0","0","gift_mothers","high"
"ideecadeauphoto com","EUR","50","?","0%","High","100","0.008861331","0.026194749","gift_other","medium"
"idees cadeaux anniversaire mariage","EUR","500","0%","0%","High","100","0.001777678","0.007138747","gift_anniversary","high"
"idees cadeaux noces d or","EUR","50","0%","?","High","100","0.00143929","0.005827575","gift_anniversary","high"
"idees cadeaux noces de bois","EUR","50","0%","0%","High","100","0","0","gift_anniversary","high"
"idees cadeaux papi mamie","EUR","500","900%","0%","High","100","0.001426576","0.004921621","gift_grandparents","high"
"idees cadeaux pour la fete des meres","EUR","50","-100%","0%","Unknown","","0","0","gift_mothers","high"
"idees cadeaux pour sa mere","EUR","500","900%","0%","High","100","0.001916554","0.008296373","gift_mothers","high"
"idees de cadeau pour la fete des meres","EUR","5000","-90%","-90%","High","94","0","0","gift_mothers","high"
"idée cadeau 25ème anniversaire de mariage","EUR","50","0%","0%","Unknown","","0","0","gift_anniversary","high"
"idée cadeau 30e anniversaire de mariage","EUR","50","0%","0%","Unknown","","0","0","gift_anniversary","high"
"idée cadeau a partir d une photo","EUR","50","0%","0%","High","93","0.003764322","0.008328647","gift_personalized","high"
"idée cadeau anniversaire de mariage 1 an","EUR","50","0%","0%","High","100","0","0","gift_anniversary","high"
"idée cadeau anniversaire de mariage femme","EUR","50","0%","0%","High","100","0","0","gift_anniversary","high"
"idée cadeau anniversaire de mariage original","EUR","50","0%","0%","High","100","0","0","gift_anniversary","high"
"idée cadeau anniversaire de mariage pour femme","EUR","50","0%","0%","High","100","0","0","gift_anniversary","high"
"idée cadeau anniversaire de mariage pour homme","EUR","50","0%","0%","High","100","0.001180772","0.003875814","gift_anniversary","high"
"idée cadeau anniversaire mariage pour homme","EUR","500","-90%","-90%","High","100","0.00135453","0.004922925","gift_anniversary","high"
"idée cadeau femme anniversaire mariage","EUR","50","0%","0%","High","100","0","0","gift_anniversary","high"
"idée cadeau fête des pères avec photo","EUR","50","0%","0%","Unknown","","0","0","gift_fathers","high"
"idée cadeau grand parent fait main noel","EUR","50","0%","-90%","High","93","0","0","gift_grandparents","high"
"idée cadeau grands parents noel","EUR","500","900%","0%","High","100","0.00139365","0.005268159","gift_grandparents","high"
"idée cadeau homme 1 an de mariage","EUR","50","0%","-100%","Unknown","","0","0","life_events","medium"
"idée cadeau homme anniversaire de mariage","EUR","50","0%","0%","High","100","0.002509222","0.004772965","gift_anniversary","high"
"idée cadeau homme noce de coton","EUR","50","0%","0%","High","100","0","0","life_events","medium"
"idée cadeau mariage noce de froment","EUR","50","0%","0%","High","100","0","0","life_events","medium"
"idée cadeau noce chypre","EUR","50","0%","?","High","100","0","0","life_events","medium"
"idée cadeau noce corail","EUR","50","-100%","-100%","Unknown","","0","0","life_events","medium"
"idée cadeau noce coton homme","EUR","50","?","?","High","100","0","0","life_events","medium"
"idée cadeau noce de bronze","EUR","50","-100%","-100%","Unknown","","0","0","life_events","medium"
"idée cadeau noce de chypre","EUR","500","0%","0%","High","100","0.00152405","0.005397907","life_events","medium"
"idée cadeau noce de cire homme","EUR","50","0%","?","High","100","0","0","life_events","medium"
"idée cadeau noce de coquelicot homme","EUR","50","0%","0%","High","100","0","0","life_events","medium"
"idée cadeau noce de cristal","EUR","50","0%","0%","High","67","0","0","life_events","medium"
"idée cadeau noce de cristal homme","EUR","50","?","0%","High","100","0","0","life_events","medium"
"idée cadeau noce de cuir femme","EUR","50","0%","0%","High","100","0","0","life_events","medium"
"idée cadeau noce de diamant","EUR","50","0%","0%","High","86","0.001088188","0.043770385","life_events","medium"
"idée cadeau noce de froment homme","EUR","50","0%","0%","High","100","0","0","life_events","medium"
"idée cadeau noce de saphir","EUR","50","0%","0%","Unknown","","0","0","life_events","medium"
"idée cadeau noces de chypre","EUR","50","0%","0%","High","100","0","0","gift_anniversary","high"
"idée cadeau noces de coquelicot","EUR","50","0%","0%","High","100","0","0","gift_anniversary","high"
"idée cadeau noces de diamant","EUR","50","0%","0%","High","100","0","0","gift_anniversary","high"
"idée cadeau noces de faience","EUR","50","0%","0%","High","100","0","0","gift_anniversary","high"
"idée cadeau noces de laine","EUR","50","0%","0%","High","100","0","0","gift_anniversary","high"
"idée cadeau noces de plomb","EUR","50","0%","0%","High","100","0","0","gift_anniversary","high"
"idée cadeau noces de porcelaine","EUR","50","0%","0%","High","100","0","0","gift_anniversary","high"
"idée cadeau noel grand parent","EUR","500","900%","0%","High","100","0.001373112","0.005079731","gift_grandparents","high"
"idée cadeau noel homme personnalisé","EUR","50","0%","0%","High","100","0.002317534","0.005963843","gift_personalized","high"
"idée cadeau original fête des mères","EUR","50","-100%","-100%","Unknown","","0","0","gift_mothers","high"
"idée cadeau original noce de coton","EUR","50","0%","0%","Unknown","","0","0","life_events","medium"
"idée cadeau original pour maman","EUR","500","900%","0%","High","100","0.001888518","0.006665721","gift_mothers","high"
"idée cadeau papy et mamie","EUR","500","900%","0%","High","100","0.001576536","0.004820235","gift_grandparents","high"
"idée cadeau personnalisé grand parents","EUR","50","?","0%","High","100","0.002624626","0.018803026","gift_grandparents","high"
"idée cadeau personnalisé photo","EUR","500","0%","0%","High","100","0.004385026","0.011655151","gift_personalized","high"
"idée cadeau pour anniversaire de mariage des parents","EUR","50","0%","0%","High","100","0","0","gift_anniversary","high"
"idée cadeau pour des grands parents","EUR","50","900%","900%","High","100","0.001147194","0.004112816","gift_grandparents","high"
"idée cadeau pour futur grand parents","EUR","50","0%","-90%","High","100","0.001446136","0.005414207","gift_grandparents","high"
"idée cadeau pour fête des grand mères","EUR","50","0%","0%","Unknown","","0","0","gift_mothers","high"
"idée cadeau pour grand parents pas cher","EUR","50","0%","-90%","High","100","0.000755668","0.002455106","gift_grandparents","high"
"idée cadeau pour la fete des grand mere","EUR","50","-100%","-100%","Unknown","","0","0","gift_mothers","high"
"idée cadeau pour la fete des meres","EUR","50","-100%","-100%","Unknown","","0","0","gift_mothers","high"
"idée cadeau pour la fête des mamans","EUR","50","0%","-100%","Unknown","","0","0","gift_mothers","high"
"idée cadeau pour noce de chypre","EUR","50","-100%","-100%","Unknown","","0","0","life_events","medium"
"idée cadeau pour noce de coton","EUR","500","0%","0%","High","100","0.001991208","0.005764331","life_events","medium"
"idée cadeau pour noce de cuir","EUR","500","-90%","0%","High","100","0.002421528","0.009023679","life_events","medium"
"idée cadeau pour noces de bois","EUR","500","-90%","0%","High","100","0.002031958","0.008574777","gift_anniversary","high"
"idée cadeau pour ses grands parents","EUR","50","0%","-90%","High","100","0.000824128","0.004254952","gift_grandparents","high"
"idée cadeau pour un anniversaire de mariage","EUR","50","0%","0%","High","100","0","0","gift_anniversary","high"
"idée de cadeau de noel personnalisé","EUR","50","900%","0%","High","100","0.002770348","0.009917571","gift_personalized","high"
"idée de cadeau de noel pour grand parent","EUR","500","0%","0%","High","100","0.001403756","0.004892933","gift_grandparents","high"
"idée de cadeau noce de coton","EUR","50","0%","0%","High","100","0","0","life_events","medium"
"idée de cadeau original pour la fête des mères","EUR","50","0%","0%","Unknown","","0","0","gift_mothers","high"
"idée de cadeau pour 1 an de mariage","EUR","50","-100%","-100%","Unknown","","0","0","life_events","medium"
"idée de cadeau pour anniversaire mariage","EUR","50","0%","?","High","100","0","0","gift_anniversary","high"
"idée de cadeau pour belle maman","EUR","50","0%","0%","High","100","0.001420056","0.006584873","gift_mothers","high"
"idée de cadeau pour la fête des grands mères","EUR","50","?","0%","Low","0","0","0","gift_mothers","high"
"idée de cadeau pour la fête des mères facile","EUR","50","0%","0%","Unknown","","0","0","gift_mothers","high"
"idée de cadeau pour les grands parents","EUR","50","900%","0%","High","100","0.000942466","0.003914282","gift_grandparents","high"
"idée de cadeau pour papi et mamie","EUR","50","0%","0%","High","100","0","0","gift_grandparents","high"
"idée de cadeau pour ses grands parents","EUR","50","0%","-90%","High","100","0.001119158","0.005387801","gift_grandparents","high"
"idée de cadeau pour un anniversaire de mariage","EUR","50","0%","0%","Low","0","0","0","gift_anniversary","high"
"idée de surprise pour anniversaire de mariage","EUR","50","0%","0%","High","100","0","0","gift_anniversary","high"
"idée noël parents","EUR","50","0%","0%","High","75","0","0","gift_other","medium"
"idée originale anniversaire de mariage","EUR","50","0%","-100%","Unknown","","0","0","gift_anniversary","high"
"idée originale cadeau fête des mères","EUR","5000","0%","0%","High","100","0.0008965","0.009054323","gift_mothers","high"
"idée originale fête des mères","EUR","50","0%","0%","Unknown","","0","0","gift_mothers","high"
"idée originale pour la fête des mères","EUR","50","0%","0%","Unknown","","0","0","gift_mothers","high"
"idée photo cadeau original","EUR","50","-100%","0%","Unknown","","0","0","gift_personalized","high"
"idée photo personnalisé","EUR","50","0%","0%","High","100","0.005513963","0.013799904","gift_personalized","high"
"idée premier anniversaire de mariage","EUR","50","0%","0%","High","100","0","0","gift_anniversary","high"
"idée surprise anniversaire mariage","EUR","50","-100%","-100%","Unknown","","0","0","gift_anniversary","high"
"idéecadeauphoto","EUR","50","0%","0%","High","100","0.007856599","0.016482558","gift_other","medium"
"idées cadeau grands parents","EUR","5000","900%","0%","High","100","0.001192834","0.004571823","gift_grandparents","high"
"idées cadeaux cadeau pour maman","EUR","50","0%","0%","High","100","0","0","gift_mothers","high"
"idées cadeaux noel avec photos","EUR","50","0%","0%","High","100","0.004704831","0.012870805","gift_other","medium"
"idées cadeaux photos personnalisées","EUR","500","900%","0%","High","100","0.004817301","0.014016694","gift_personalized","high"
"idées de cadeau pour la fête des mères","EUR","5000","-90%","-90%","High","94","0","0","gift_mothers","high"
"idées de cadeaux pour fête des mères","EUR","50","0%","0%","High","100","0","0","gift_mothers","high"
"idées de cadeaux pour la fête des mamans","EUR","50","0%","0%","High","100","0","0","gift_mothers","high"
"idées de cadeaux pour les fêtes des mères","EUR","50","0%","0%","Unknown","","0","0","gift_mothers","high"
"impression de photo sur tee shirt","EUR","50","0%","0%","High","100","0.010744307","0.025059943","physical_products","medium"
"impression photo taie d oreiller","EUR","50","?","0%","High","100","0.004830993","0.011711223","physical_products","medium"
"jogging personnalisé photo","EUR","50","0%","0%","High","100","0.003919172","0.008868177","gift_personalized","high"
"joyeux anniversaire noce de coton","EUR","50","0%","0%","Low","5","0","0","gift_anniversary","medium"
"le meilleur cadeau pour la fête des mères","EUR","50","0%","0%","High","100","0","0","gift_mothers","high"
"le meilleur cadeau pour une maman","EUR","50","0%","0%","High","100","0.001952414","0.005232951","gift_mothers","high"
"les meilleurs cadeaux pour la fête des mères","EUR","50","0%","-100%","Unknown","","0","0","gift_mothers","high"
"les noces de cuir","EUR","50","0%","0%","Low","2","0","0","gift_anniversary","high"
"les noces de faience","EUR","50","0%","0%","Low","0","0","0","gift_anniversary","high"
"les noces de froment","EUR","50","0%","0%","Low","2","0","0","gift_anniversary","high"
"les noces de laine","EUR","50","0%","0%","Low","3","0","0","gift_anniversary","high"
"livre pere noel personnalisé","EUR","50","0%","0%","High","100","0.005860175","0.018423236","gift_personalized","high"
"livre personnalisé noel photo","EUR","50","0%","0%","Unknown","","0","0","gift_personalized","high"
"mamie et papy box","EUR","50","0%","0%","High","100","0","0","gift_grandparents","high"
"mariage 1 an noce de coton","EUR","50","0%","0%","Medium","48","0","0","life_events","medium"
"mariage noce de bois","EUR","50","0%","0%","Low","0","0","0","life_events","medium"
"mariage noce de coton","EUR","500","0%","-90%","Medium","38","0","0","life_events","medium"
"mariage noce de quoi","EUR","500","0%","0%","Low","8","9.943E-05","0.000330564","life_events","medium"
"mariage noces d or","EUR","50","0%","0%","Low","4","0","0","gift_anniversary","high"
"meilleur cadeau pour grand parent","EUR","50","?","0%","High","100","0","0","gift_grandparents","high"
"meilleur cadeau pour la fete des mere","EUR","50","0%","0%","High","100","0","0","gift_mothers","high"
"meilleure cadeau pour maman","EUR","50","0%","0%","High","100","0.002289824","0.009253835","gift_mothers","high"
"mon livre de noel personnalisé","EUR","50","-100%","0%","Unknown","","0","0","gift_personalized","high"
"mon premier noel personnalisé","EUR","50","0%","0%","High","100","0.00435699","0.012491993","gift_personalized","high"
"noce 1 an cadeau","EUR","50","0%","0%","High","100","0","0","life_events","medium"
"noce 1 an de mariage","EUR","500","0%","0%","Low","6","0.000100408","0.003338566","life_events","medium"
"noce 1 an mariage","EUR","50","0%","0%","Low","4","0","0","life_events","medium"
"noce 15 anniversaire de mariage","EUR","50","0%","?","Low","0","0","0","gift_anniversary","high"
"noce 18 anniversaire de mariage","EUR","50","0%","0%","Low","0","0","0","gift_anniversary","high"
"noce 19 anniversaire de mariage","EUR","50","0%","0%","Low","0","0","0","gift_anniversary","high"
"noce 20 anniversaire de mariage","EUR","50","0%","0%","Low","18","0","0","gift_anniversary","high"
"noce 25 anniversaire de mariage","EUR","50","0%","0%","Low","14","0","0","gift_anniversary","high"
"noce 25 mariage","EUR","50","?","0%","Low","0","0","0","life_events","medium"
"noce 25e anniversaire mariage","EUR","50","0%","-100%","Unknown","","0","0","gift_anniversary","high"
"noce 29 anniversaire de mariage","EUR","50","0%","0%","Low","0","0","0","gift_anniversary","high"
"noce 30 anniversaire de mariage","EUR","5000","0%","0%","Low","6","9.9756E-05","0.002201152","gift_anniversary","high"
"noce 35 anniversaire de mariage","EUR","50","0%","0%","Low","0","0","0","gift_anniversary","high"
"noce 4 anniversaire de mariage","EUR","50","?","0%","Low","0","0","0","gift_anniversary","high"
"noce 40 anniversaire de mariage","EUR","5000","0%","0%","Low","7","9.9756E-05","0.001984036","gift_anniversary","high"
"noce 45 anniversaire de mariage","EUR","500","0%","0%","Low","3","9.9756E-05","0.00051508","gift_anniversary","high"
"noce 50 anniversaire de mariage","EUR","50","0%","0%","Low","0","0","0","gift_anniversary","high"
"noce anniversaire","EUR","500","0%","0%","Low","9","9.9756E-05","0.001074822","gift_anniversary","medium"
"noce anniversaire de mariage","EUR","500","0%","0%","Low","13","0.000100734","0.004565955","gift_anniversary","high"
"noce chypre cadeau","EUR","50","0%","0%","High","100","0","0","life_events","medium"
"noce chypre trouver cadeau","EUR","50","0%","0%","Unknown","","0","0","life_events","medium"
"noce coquelicot cadeau","EUR","50","0%","0%","High","100","0.001358768","0.006519021","life_events","medium"
"noce coton idee cadeau","EUR","50","-100%","-100%","Unknown","","0","0","life_events","medium"
"noce cuir cadeau","EUR","50","0%","0%","High","100","0","0","life_events","medium"
"noce d acajou quoi offrir","EUR","50","0%","0%","High","100","0","0","life_events","medium"
"noce d anniversaire de mariage","EUR","50","0%","0%","Low","4","0","0","gift_anniversary","high"
"noce d emeraude cadeau","EUR","50","0%","0%","High","98","0.0010269","0.002088682","life_events","medium"
"noce d opale cadeau","EUR","50","0%","0%","High","100","0","0","life_events","medium"
"noce d or cadeau original","EUR","50","0%","?","High","100","0","0","life_events","medium"
"noce d un an de mariage","EUR","50","0%","0%","Low","5","0","0","life_events","medium"
"noce d émeraude cadeau","EUR","50","0%","0%","High","98","0.0010269","0.002088682","life_events","medium"
"noce d émeraude idée cadeau","EUR","50","?","?","High","100","0","0","life_events","medium"
"noce de 1 an coton","EUR","50","-100%","0%","Unknown","","0","0","life_events","medium"
"noce de 1 an de mariage","EUR","50","0%","0%","Low","10","0","0","life_events","medium"
"noce de beryl cadeau","EUR","50","0%","0%","High","100","0","0","life_events","medium"
"noce de bois idee cadeau","EUR","500","-90%","0%","High","100","0.002031958","0.008574777","life_events","medium"
"noce de bois idée cadeau","EUR","500","-90%","0%","High","100","0.002031958","0.008574777","life_events","medium"
"noce de bois mariage","EUR","500","-90%","0%","Low","31","0.000100408","0.000918994","life_events","medium"
"noce de bronze cadeau","EUR","50","0%","0%","High","92","0","0","life_events","medium"
"noce de bronze quel cadeau","EUR","50","0%","0%","Unknown","","0","0","life_events","medium"
"noce de béryl cadeau","EUR","50","0%","0%","High","100","0","0","life_events","medium"
"noce de chypre cadeau femme","EUR","50","0%","0%","High","100","0","0","life_events","medium"
"noce de chypre quoi offrir","EUR","50","0%","0%","Medium","60","0","0","life_events","medium"
"noce de cire cadeau homme","EUR","50","0%","0%","High","100","0","0","life_events","medium"
"noce de cire idee cadeau","EUR","500","-90%","0%","High","100","0.001862438","0.005287067","life_events","medium"
"noce de cire idée cadeau","EUR","500","-90%","0%","High","100","0.001862438","0.005287067","life_events","medium"
"noce de cire idée cadeau homme","EUR","50","-100%","-100%","Unknown","","0","0","life_events","medium"
"noce de cire quel cadeau","EUR","50","-100%","0%","Unknown","","0","0","life_events","medium"
"noce de cire quoi offrir","EUR","50","0%","0%","High","100","0","0","life_events","medium"
"noce de coquelicot cadeau femme","EUR","50","?","?","High","100","0","0","life_events","medium"
"noce de coquelicot cadeau homme","EUR","50","0%","0%","High","100","0","0","life_events","medium"
"noce de coquelicot idée cadeau","EUR","50","-100%","-100%","Unknown","","0","0","life_events","medium"
"noce de corail idée cadeau","EUR","50","0%","0%","Unknown","","0","0","life_events","medium"
"noce de coton cadeau 1 an de mariage","EUR","50","0%","0%","High","100","0","0","life_events","medium"
"noce de coton idee","EUR","50","-100%","-100%","Unknown","","0","0","life_events","medium"
"noce de coton idee cadeau","EUR","500","0%","0%","High","100","0.001991208","0.005764331","life_events","medium"
"noce de coton mariage","EUR","500","0%","-90%","Medium","38","0","0","life_events","medium"
"noce de coton quel cadeau","EUR","50","-100%","-100%","Unknown","","0","0","life_events","medium"
"noce de coton quoi offrir","EUR","50","0%","0%","High","100","0","0","life_events","medium"
"noce de cretonne idee cadeau","EUR","50","0%","0%","Unknown","","0","0","life_events","medium"
"noce de cretonne quoi offrir","EUR","50","0%","0%","High","90","0","0","life_events","medium"
"noce de cristal cadeau homme","EUR","50","0%","0%","High","100","0","0","life_events","medium"
"noce de cristal idee cadeau","EUR","50","?","0%","High","100","0","0","life_events","medium"
"noce de cuir cadeau femme","EUR","50","0%","0%","High","100","0","0","life_events","medium"
"noce de cuir idee cadeau","EUR","50","0%","0%","High","100","0","0","life_events","medium"
"noce de cuir mariage","EUR","50","0%","0%","Low","18","0","0","life_events","medium"
"noce de cuir quoi offrir","EUR","50","0%","0%","High","100","0","0","life_events","medium"
"noce de faience cadeau","EUR","500","0%","0%","High","100","0.000997234","0.003199364","life_events","medium"
"noce de faience cadeau homme","EUR","50","0%","0%","High","100","0.001552086","0.005079731","life_events","medium"
"noce de faience idée cadeau","EUR","50","0%","0%","High","100","0.00135453","0.003076788","life_events","medium"
"noce de froment idée cadeau","EUR","500","-90%","0%","High","100","0.001617612","0.004051202","life_events","medium"
"noce de froment quel cadeau","EUR","50","-100%","-100%","Unknown","","0","0","life_events","medium"
"noce de froment quoi offrir","EUR","50","0%","0%","High","100","0","0","life_events","medium"
"noce de laine cadeau femme","EUR","50","0%","0%","High","100","0","0","life_events","medium"
"noce de laine cadeau homme","EUR","50","0%","0%","High","100","0","0","life_events","medium"
"noce de laine idee cadeau","EUR","50","0%","0%","High","100","0","0","life_events","medium"
"noce de laine quoi offrir","EUR","50","0%","0%","High","100","0","0","life_events","medium"
"noce de mariage 1 an","EUR","500","0%","0%","Low","2","0","0","life_events","medium"
"noce de mariage cadeau","EUR","50","0%","0%","High","100","0","0","life_events","medium"
"noce de mariage diamant","EUR","50","0%","0%","Low","3","0","0","life_events","medium"
"noce de mercure quoi offrir","EUR","50","0%","0%","High","100","0","0","life_events","medium"
"noce de mousseline quoi offrir","EUR","50","0%","0%","High","81","0","0","life_events","medium"
"noce de muguet cadeau","EUR","50","0%","0%","High","100","0.001693244","0.005001491","life_events","medium"
"noce de muguet cadeau homme","EUR","50","0%","0%","High","100","0.001177186","0.005052347","life_events","medium"
"noce de nickel cadeaux","EUR","50","0%","0%","High","100","0","0","life_events","medium"
"noce de palissandre cadeau","EUR","50","0%","0%","High","100","0","0","life_events","medium"
"noce de papier quoi offrir","EUR","50","0%","0%","High","88","0","0","life_events","medium"
"noce de perle cadeau homme","EUR","50","0%","0%","High","96","0","0","life_events","medium"
"noce de perle idee cadeau","EUR","50","0%","0%","High","100","0","0","life_events","medium"
"noce de plomb cadeau","EUR","500","0%","0%","High","100","0.001350944","0.003960248","life_events","medium"
"noce de plomb idee cadeau","EUR","50","0%","0%","High","100","0","0","life_events","medium"
"noce de porcelaine cadeau","EUR","500","-90%","0%","High","100","0.001966106","0.005913965","life_events","medium"
"noce de porcelaine idee cadeau","EUR","50","0%","0%","High","100","0","0","life_events","medium"
"noce de rose cadeau homme","EUR","50","0%","0%","High","100","0","0","life_events","medium"
"noce de rose mariage","EUR","50","0%","0%","Low","0","0","0","life_events","medium"
"noce de rubis cadeau","EUR","50","0%","0%","High","96","0.001591532","0.004952591","life_events","medium"
"noce de rubis idee cadeau","EUR","50","0%","0%","High","100","0","0","life_events","medium"
"noce de saphir cadeau homme","EUR","50","0%","0%","High","100","0","0","life_events","medium"
"noce de saphir idee cadeau","EUR","50","-100%","-100%","Unknown","","0","0","life_events","medium"
"noce de soie idée cadeau","EUR","50","0%","0%","High","100","0.001366266","0.00305951","life_events","medium"
"noce de soie mariage","EUR","50","0%","0%","Low","18","0","0","life_events","medium"
"noce de turquoise cadeau","EUR","50","0%","0%","High","81","0","0","life_events","medium"
"noce de velours idée cadeau","EUR","50","0%","0%","High","100","0","0","life_events","medium"
"noce de vermeil cadeau","EUR","50","0%","0%","High","100","0.001266184","0.003379316","life_events","medium"
"noce de vermeil quoi offrir","EUR","50","0%","0%","High","100","0","0","life_events","medium"
"noce diamant cadeau","EUR","50","0%","0%","High","100","0","0","life_events","medium"
"noce faience cadeau","EUR","50","0%","0%","High","100","0","0","life_events","medium"
"noce froment","EUR","500","0%","0%","Low","27","0","0","life_events","medium"
"noce froment cadeau","EUR","50","0%","0%","High","100","0.001813864","0.00403425","life_events","medium"
"noce froment idee cadeau","EUR","50","0%","0%","High","100","0","0","life_events","medium"
"noce laine","EUR","50","0%","0%","Low","9","0","0","life_events","medium"
"noce porcelaine cadeau","EUR","50","0%","0%","High","100","0.001912968","0.004568563","life_events","medium"
"noce un an de mariage","EUR","500","0%","0%","Low","6","9.9756E-05","0.001292264","life_events","medium"
"noces 1 an de mariage cadeau","EUR","50","0%","0%","High","100","0","0","gift_anniversary","high"
"noces anniversaire mariage","EUR","50","0%","0%","Low","7","0","0","gift_anniversary","high"
"noces chypre idée cadeau","EUR","50","-100%","-100%","Unknown","","0","0","gift_anniversary","high"
"noces coquelicot idée cadeau","EUR","50","0%","0%","High","100","0","0","gift_anniversary","high"
"noces corail idée cadeau","EUR","50","0%","0%","High","100","0","0","gift_anniversary","high"
"noces coton cadeau","EUR","50","0%","0%","High","100","0.001937092","0.004415018","gift_anniversary","high"
"noces cuir","EUR","500","0%","0%","Low","6","0","0","gift_anniversary","high"
"noces d acajou idée cadeau","EUR","50","-100%","-100%","Unknown","","0","0","gift_anniversary","high"
"noces d etain cadeau","EUR","500","-90%","0%","High","100","0.001298458","0.003614688","gift_anniversary","high"
"noces d or cadeaux","EUR","500","0%","-90%","High","98","0.001301066","0.00426082","gift_anniversary","high"
"noces d or quel cadeau offrir","EUR","50","0%","0%","High","100","0","0","gift_anniversary","high"
"noces d étain idée cadeau","EUR","50","0%","0%","High","82","0.0009943","0.00202935","gift_anniversary","high"
"noces de bois idee cadeau","EUR","50","0%","0%","High","100","0","0","gift_anniversary","high"
"noces de bronze quel cadeau","EUR","50","-100%","-100%","Unknown","","0","0","gift_anniversary","high"
"noces de béryl quel cadeau","EUR","50","0%","-100%","Unknown","","0","0","gift_anniversary","high"
"noces de cire cadeau homme","EUR","50","0%","0%","High","100","0","0","gift_anniversary","high"
"noces de corail cadeau","EUR","50","0%","0%","High","100","0.001947198","0.005760745","gift_anniversary","high"
"noces de corail cadeau homme","EUR","50","0%","?","Medium","50","0","0","gift_anniversary","high"
"noces de corail idée cadeau","EUR","50","0%","0%","High","100","0","0","gift_anniversary","high"
"noces de coton cadeau pour homme","EUR","50","0%","?","High","100","0","0","gift_anniversary","high"
"noces de cretonne cadeau","EUR","50","0%","0%","High","100","0","0","gift_anniversary","high"
"noces de cristal cadeau homme","EUR","50","0%","0%","High","100","0","0","gift_anniversary","high"
"noces de cuivre idées cadeaux","EUR","50","0%","0%","Unknown","","0","0","gift_anniversary","high"
"noces de faience","EUR","5000","-90%","0%","Low","7","9.8778E-05","0.003462772","gift_anniversary","high"
"noces de faience idée cadeau","EUR","50","0%","0%","High","100","0.00135453","0.003076788","gift_anniversary","high"
"noces de faïence cadeau","EUR","500","0%","0%","High","100","0.000997234","0.003199364","gift_anniversary","high"
"noces de laine","EUR","5000","0%","0%","Low","7","0.002741986","0.005101899","gift_anniversary","high"
"noces de laine idée cadeau","EUR","500","0%","0%","High","100","0.001959586","0.007429213","gift_anniversary","high"
"noces de nickel idées cadeaux","EUR","50","0%","0%","Unknown","","0","0","gift_anniversary","high"
"noces de satin cadeaux","EUR","50","0%","0%","High","100","0","0","gift_anniversary","high"
"noces de topaze idées cadeaux","EUR","50","0%","0%","High","100","0","0","gift_anniversary","high"
"noces de vermeil idées cadeaux","EUR","50","0%","0%","Unknown","","0","0","gift_anniversary","high"
"noces faience","EUR","500","0%","0%","Low","20","0","0","gift_anniversary","high"
"noces froment cadeau","EUR","50","0%","0%","High","100","0.001813864","0.00403425","gift_anniversary","high"
"noces mariage anniversaire","EUR","500","0%","0%","Low","15","9.943E-05","0.00379627","gift_anniversary","high"
"noel grand parent","EUR","50","0%","0%","High","78","0","0","gift_grandparents","high"
"noel grand parents","EUR","50","0%","0%","High","100","0.001437986","0.006410463","gift_grandparents","high"
"noel personnalisée","EUR","50","0%","0%","High","100","0.003526994","0.013267873","gift_personalized","high"
"noël grands parents","EUR","50","0%","0%","High","100","0","0","gift_grandparents","high"
"objet cadeau photo","EUR","50","0%","0%","High","100","0.006160421","0.018099192","physical_products","medium"
"objet de noel personnalisée","EUR","50","0%","0%","High","100","0.002879232","0.009339899","gift_personalized","high"
"objet en plomb pour anniversaire de mariage","EUR","500","0%","0%","High","100","0","0","gift_anniversary","high"
"objet personnalisé auchan","EUR","50","0%","0%","High","100","0.002064232","0.005494403","gift_personalized","high"
"objet personnalisé cadeau de noel","EUR","50","0%","0%","High","100","0","0","gift_personalized","high"
"objet photo pas cher","EUR","50","0%","0%","High","100","0.006265393","0.012507315","physical_products","medium"
"objet photo personnalisé pas cher","EUR","50","0%","0%","High","100","0","0","physical_products","medium"
"objets personnalises avec photo","EUR","50","0%","0%","High","100","0.006188131","0.01607245","gift_personalized","high"
"objets personnalisés noel","EUR","50","0%","0%","High","100","0.00434069","0.018228288","gift_personalized","high"
"oreiller photo personnalisé","EUR","500","0%","0%","High","100","0.005711845","0.017292668","physical_products","medium"
"original bonne fete des meres a toutes les mamans","EUR","5000","0%","0%","Low","9","0","0","gift_mothers","high"
"original bonne fete maman","EUR","500","0%","0%","High","100","0","0","gift_mothers","high"
"original bonne fête des mères","EUR","5000","0%","0%","Medium","48","0","0","gift_mothers","high"
"papy et mamie cadeau","EUR","50","0%","0%","High","100","0.00270906","0.006073705","gift_grandparents","high"
"papy mamie cadeau","EUR","50","0%","0%","High","100","0.001934484","0.008259535","gift_grandparents","high"
"pare soleil personnalisé avec photo","EUR","50","0%","0%","High","100","0","0","gift_personalized","high"
"pas de cadeau pour la fete des meres","EUR","50","0%","0%","Unknown","","0","0","gift_mothers","high"
"pas de cadeau pour la fête des mères","EUR","50","0%","0%","Unknown","","0","0","gift_mothers","high"
"pas de cadeau pour notre anniversaire de mariage","EUR","50","0%","0%","Low","0","0","0","gift_anniversary","high"
"peignoir avec photo","EUR","50","0%","0%","High","100","0.006120649","0.008660515","physical_products","medium"
"peignoir femme personnalisé avec photo","EUR","50","0%","0%","High","100","0","0","physical_products","medium"
"peignoir personnalisé homme avec photo","EUR","50","0%","0%","High","100","0.00442708","0.011252215","physical_products","medium"
"peignoir photo personnalisé","EUR","50","0%","0%","High","100","0.005697175","0.012909925","physical_products","medium"
"pere noel avec photo personnalisé","EUR","50","0%","0%","High","100","0.001176534","0.013562577","gift_personalized","high"
"personnalisation d objets avec photos","EUR","50","0%","-100%","Unknown","","0","0","gift_personalized","high"
"personnaliser calecon photo","EUR","50","0%","-100%","Unknown","","0","0","gift_personalized","high"
"personnaliser coque portable","EUR","500","0%","0%","High","100","0.004204096","0.011592233","physical_products","medium"
"personnaliser des coques","EUR","50000","0%","0%","High","100","0.003972962","0.010985547","gift_personalized","high"
"personnaliser des photos","EUR","50","0%","0%","High","100","0.007975589","0.015790134","gift_personalized","high"
"personnaliser ses photos","EUR","50","0%","0%","High","100","0.012820927","0.03750923","gift_personalized","high"
"personnaliser tee shirt photo","EUR","5000","0%","0%","High","100","0.005711193","0.013267221","physical_products","medium"
"personnaliser un objet avec une photo","EUR","500","900%","0%","High","100","0.004770683","0.012818971","physical_products","medium"
"personnaliser un sweat avec photo","EUR","50","?","?","High","100","0","0","physical_products","medium"
"personnaliser un tee shirt avec une photo","EUR","500","0%","0%","High","100","0.005903207","0.014978068","physical_products","medium"
"personnaliser une taie d oreiller","EUR","50","0%","0%","High","100","0.005552105","0.014728352","physical_products","medium"
"personnalisée photo","EUR","5000","0%","0%","High","100","0.007870291","0.02201217","gift_personalized","high"
"petit cadeau personnalisé pour noel","EUR","50","0%","0%","High","100","0.002356328","0.009240143","gift_personalized","high"
"petit cadeau pour la fete des meres","EUR","500","0%","0%","High","67","0","0","gift_mothers","high"
"petit cadeau pour la fête des mères","EUR","50","-100%","-100%","Unknown","","0","0","gift_mothers","high"
"petit cadeau pour sa maman","EUR","50","0%","0%","High","100","0.001104488","0.004274186","gift_mothers","high"
"petit cadeau pour une maman","EUR","50","900%","0%","High","100","0.001676618","0.005736621","gift_mothers","high"
"photo cadeau original","EUR","500","0%","-90%","High","100","0.003877118","0.012499491","gift_personalized","high"
"photo cadeaux anniversaire","EUR","500","0%","0%","High","100","0.006623015","0.019058936","gift_anniversary","high"
"photo de tee shirt","EUR","50","0%","0%","High","100","0","0","physical_products","medium"
"photo mosaique personnalisée","EUR","50","0%","-90%","High","100","0.005231973","0.018281426","gift_personalized","high"
"photo noel personnalisée","EUR","50","900%","0%","High","100","0.005153733","0.012807561","gift_personalized","high"
"photo personnalisé 3d","EUR","50","0%","0%","High","100","0.00413368","0.01558345","gift_personalized","high"
"photo personnalisé anniversaire","EUR","50","0%","0%","High","100","0.003900264","0.013549211","gift_anniversary","medium"
"photo personnalisé fete des meres","EUR","50","-100%","0%","Unknown","","0","0","gift_mothers","high"
"photo porte clés","EUR","5000","900%","0%","High","100","0.004247454","0.011230373","physical_products","medium"
"photo super heros personnalisé","EUR","50","0%","0%","High","100","0.003729114","0.020234166","gift_personalized","high"
"photo sur carrelage personnalisé","EUR","50","0%","0%","High","100","0.001782568","0.006957165","gift_personalized","high"
"photo t shirt personnalisé","EUR","50","0%","0%","High","100","0.005524069","0.017355912","physical_products","medium"
"photo tee shirt personnalisé","EUR","5000","0%","0%","High","100","0.005711193","0.013267221","physical_products","medium"
"photo texte personnalisé","EUR","50","0%","0%","High","100","0.006557815","0.012989143","gift_personalized","high"
"photo à personnaliser","EUR","5000","0%","0%","High","100","0.007870291","0.02201217","gift_personalized","high"
"photobox tee shirt personnalisé","EUR","50","0%","0%","High","100","0.004274186","0.015188012","physical_products","medium"
"photos personnalisés","EUR","5000","0%","0%","High","100","0.007870291","0.02201217","gift_personalized","high"
"porphyre cadeau mariage","EUR","50","0%","0%","High","100","0","0","life_events","medium"
"porte cle photo fete des meres","EUR","50","0%","0%","Unknown","","0","0","gift_mothers","high"
"porte clef pour photo","EUR","500","0%","0%","High","100","0.001270096","0.007086913","physical_products","medium"
"porte clé gravé photo et texte","EUR","50","0%","?","High","100","0","0","physical_products","medium"
"porte clé mural avec photo","EUR","50","0%","0%","High","100","0","0","physical_products","medium"
"porte clé personnalise photo","EUR","5000","0%","0%","High","100","0.004858051","0.011343495","physical_products","medium"
"porte clé personnalisé cheerz","EUR","50","0%","0%","High","100","0.005719343","0.009793039","physical_products","medium"
"porte clé personnalisé photo et gravure","EUR","50","?","0%","High","100","0","0","physical_products","medium"
"porte clé personnalisé photo fete des peres","EUR","50","0%","0%","Unknown","","0","0","gift_fathers","high"
"porte clé personnalisé photo pas cher","EUR","50","0%","0%","High","100","0","0","physical_products","medium"
"porte clé photo bois","EUR","50","0%","0%","High","100","0.003492438","0.007401503","physical_products","medium"
"porte clé photo et texte","EUR","50","0%","0%","High","100","0","0","physical_products","medium"
"porte clé photo gravé bois","EUR","50","0%","?","High","100","0","0","physical_products","medium"
"porte clé photo livraison rapide","EUR","50","0%","0%","High","100","0.002727316","0.011039011","physical_products","medium"
"porte clé photo lumineux","EUR","50","0%","0%","Unknown","","0","0","physical_products","medium"
"porte clé photo original","EUR","50","0%","0%","High","100","0.001425598","0.007936469","physical_products","medium"
"porte clé photo personnalisé amazon","EUR","50","0%","0%","High","94","0.001606202","0.007156677","physical_products","medium"
"porte clé photo photobox","EUR","50","0%","0%","High","100","0.003135142","0.011845535","physical_products","medium"
"porte clés fête des pères avec photo","EUR","50","0%","0%","Unknown","","0","0","gift_fathers","high"
"porte manteau personnalisé photo","EUR","50","-100%","-100%","Unknown","","0","0","physical_products","medium"
"porte monnaie photo personnalisé","EUR","50","0%","-90%","High","100","0.003500914","0.008575429","physical_products","medium"
"porte photo porte clé","EUR","50","900%","0%","High","99","0.00153546","0.009208521","physical_products","medium"
"portrait andy warhol personnalisé","EUR","50","?","0%","High","100","0","0","gift_personalized","high"
"portrait de famille à personnaliser","EUR","50","-100%","-100%","Unknown","","0","0","gift_personalized","high"
"portrait famille original","EUR","50","0%","0%","High","100","0.004094234","0.014913846","physical_products","medium"
"portrait famille personnalise","EUR","50","0%","0%","High","100","0.002547038","0.012909925","gift_personalized","high"
"portrait original personnalisé","EUR","50","0%","0%","Unknown","","0","0","gift_personalized","high"
"portrait personnalisé andy warhol","EUR","50","?","0%","High","100","0","0","gift_personalized","high"
"poster harry potter personnalisé","EUR","50","0%","0%","High","100","0.002460648","0.011291987","physical_products","medium"
"poster mural xxl personnalisé","EUR","50","0%","?","High","100","0","0","physical_products","medium"
"poster photo pour anniversaire","EUR","50","0%","0%","High","100","0.00447598","0.019753316","gift_anniversary","medium"
"produit personnalisé avec photo","EUR","50","0%","0%","High","100","0.006462623","0.01498198","gift_personalized","high"
"qu offre les grands parents pour un bapteme","EUR","50","0%","0%","High","100","0","0","gift_grandparents","high"
"qu offre les grands parents pour un baptême","EUR","50","0%","0%","High","100","0","0","gift_grandparents","high"
"qu offrir a ses grands parents","EUR","50","0%","0%","High","100","0.000496824","0.003398224","gift_grandparents","high"
"qu offrir pour un anniversaire de mariage","EUR","50","0%","0%","High","100","0","0","gift_anniversary","high"
"qu offrir à ses grands parents pour noel","EUR","50","0%","0%","High","100","0.001357138","0.00287858","gift_grandparents","high"
"que faire comme cadeau pour la fete des meres","EUR","50","-100%","0%","Unknown","","0","0","gift_mothers","high"
"que faire comme cadeau pour la fête des mères","EUR","50","0%","0%","High","100","0","0","gift_mothers","high"
"que faire pour les noces de coton","EUR","50","?","0%","Low","0","0","0","gift_anniversary","high"
"que offrir a ses grands parents pour noel","EUR","50","0%","0%","High","100","0.000936598","0.005679897","gift_grandparents","high"
"que peut on offrir pour un anniversaire de mariage","EUR","50","0%","0%","High","100","0","0","gift_anniversary","high"
"quoi faire comme cadeau pour la fête des mères","EUR","50","?","?","Low","0","0","0","gift_mothers","high"
"quoi offrir 1 an de mariage","EUR","50","0%","0%","High","100","0","0","life_events","medium"
"quoi offrir a sa grand mere pour noel","EUR","50","0%","-90%","High","100","0.001325516","0.005394321","gift_grandparents","high"
"quoi offrir a ses grand parents pour noel","EUR","50","900%","0%","High","98","0.00143929","0.005063105","gift_grandparents","high"
"quoi offrir a ses parents pour leur anniversaire de mariage","EUR","50","0%","0%","High","100","0","0","gift_anniversary","high"
"quoi offrir a un anniversaire de mariage","EUR","50","0%","0%","High","100","0","0","gift_anniversary","high"
"quoi offrir anniversaire de mariage","EUR","500","0%","0%","High","100","0.001177838","0.012747251","gift_anniversary","high"
"quoi offrir anniversaire mariage","EUR","50","0%","0%","High","100","0","0","gift_anniversary","high"
"quoi offrir au grand parent","EUR","50","?","0%","High","100","0.00099919","0.003339218","gift_grandparents","high"
"quoi offrir aux grands parents","EUR","50","0%","-90%","High","100","0.000972132","0.004373616","gift_grandparents","high"
"quoi offrir grand parents","EUR","50","0%","-90%","High","100","0.000695032","0.002670266","gift_grandparents","high"
"quoi offrir noce de chypre","EUR","50","0%","0%","High","100","0","0","life_events","medium"
"quoi offrir noce de froment","EUR","50","0%","0%","High","100","0","0","life_events","medium"
"quoi offrir pour 1 an de mariage","EUR","50","0%","0%","High","100","0","0","life_events","medium"
"quoi offrir pour anniversaire de mariage","EUR","500","0%","0%","High","100","0.001177838","0.012747251","gift_anniversary","high"
"quoi offrir pour des noces d or","EUR","50","0%","0%","High","100","0","0","gift_anniversary","high"
"quoi offrir pour des noces de perle","EUR","50","0%","0%","High","100","0","0","gift_anniversary","high"
"quoi offrir pour les 1 an de mariage","EUR","50","0%","0%","High","100","0","0","life_events","medium"
"quoi offrir pour les noces d or","EUR","50","0%","0%","High","100","0","0","gift_anniversary","high"
"quoi offrir pour les noces de bois","EUR","50","0%","0%","High","100","0","0","gift_anniversary","high"
"quoi offrir pour les noces de chypre","EUR","50","0%","0%","High","100","0","0","gift_anniversary","high"
"quoi offrir pour les noces de froment","EUR","50","0%","0%","High","100","0","0","gift_anniversary","high"
"quoi offrir pour noce de coton","EUR","50","0%","0%","High","100","0","0","life_events","medium"
"quoi offrir à des grands parents","EUR","50","0%","0%","High","100","0.000847926","0.005497011","gift_grandparents","high"
"quoi offrir à sa grand mère pour noel","EUR","50","?","0%","High","100","0","0","gift_grandparents","high"
"quoi offrir à ses grands parents","EUR","50","0%","-90%","High","100","0.000771642","0.008381459","gift_grandparents","high"
"quoi offrir à ses grands parents pour noel","EUR","50","0%","0%","High","100","0.001600986","0.005471257","gift_grandparents","high"
"quoi offrir à son mari pour anniversaire de mariage","EUR","50","0%","0%","High","100","0","0","gift_anniversary","high"
"quoi offrir à un anniversaire de mariage","EUR","50","0%","0%","High","100","0","0","gift_anniversary","high"
"site cadeau photo","EUR","50","0%","0%","High","100","0.006266697","0.013979856","gift_personalized","high"
"site de photo personnalisé","EUR","50","0%","0%","High","100","0.010561747","0.027853111","gift_personalized","high"
"site pour personnaliser des coques","EUR","50","0%","0%","High","100","0.002892924","0.008465567","gift_personalized","high"
"site pour personnaliser des photos","EUR","50","0%","0%","High","100","0.008466219","0.015613768","gift_personalized","high"
"site pour personnaliser une coque","EUR","50","0%","0%","High","100","0.002892924","0.008465567","physical_products","medium"
"smartbox anniversaire mariage","EUR","50","0%","?","High","100","0","0","gift_anniversary","high"
"smartbox grand parents","EUR","50","?","0%","High","100","0.00291281","0.021005156","gift_grandparents","high"
"super cadeau pour maman","EUR","500","900%","0%","High","100","0.002260484","0.008209983","gift_mothers","high"
"surprise anniversaire de mariage","EUR","50","0%","0%","High","100","0","0","gift_anniversary","high"
"surprise anniversaire mariage","EUR","50","0%","0%","High","100","0","0","gift_anniversary","high"
"surprise pour anniversaire de mariage","EUR","50","0%","0%","High","100","0","0","gift_anniversary","high"
"t shirt personnalisé avec plusieurs photos","EUR","50","0%","0%","High","100","0.007679907","0.019764726","physical_products","medium"
"taie d oreiller personnalise","EUR","500","0%","0%","High","100","0.004634089","0.010367125","physical_products","medium"
"taie oreiller personnalisable","EUR","500","0%","0%","High","100","0.004183232","0.008974779","physical_products","medium"
"taie personnalisée","EUR","50","0%","0%","High","100","0.003749","0.009653837","gift_personalized","high"
"tee shirt avec photo imprimé","EUR","50","0%","0%","High","100","0","0","physical_products","medium"
"tee shirt avec photo personnalisé pas cher","EUR","50","0%","0%","High","100","0","0","physical_products","medium"
"tee shirt homme personnalisé avec photo","EUR","50","0%","0%","High","100","0.006177373","0.01808713","physical_products","medium"
"tee shirt noël personnalisé","EUR","50","0%","-90%","High","100","0.003671412","0.011479111","physical_products","medium"
"tee shirt personnalisé homme photo","EUR","50","0%","0%","High","100","0.007982109","0.01450602","physical_products","medium"
"tee shirt personnalisé noel","EUR","50","0%","-90%","High","100","0.004073696","0.010914805","physical_products","medium"
"tee shirt personnalisé noël","EUR","50","0%","-90%","High","100","0.004073696","0.010914805","physical_products","medium"
"tirelire photo personnalisée","EUR","50","0%","0%","High","100","0.00314427","0.008870459","gift_personalized","high"
"toblerone personnalisé noel","EUR","50","0%","0%","High","100","0.001778004","0.009820097","gift_personalized","high"
"toile andy warhol personnalisé","EUR","50","0%","0%","High","100","0","0","physical_products","medium"
"toile de naissance personnalisé","EUR","50","0%","0%","High","100","0","0","physical_products","medium"
"toile personnalisée naissance","EUR","50","0%","0%","High","100","0","0","physical_products","medium"
"toile portrait personnalisé","EUR","50","0%","0%","High","100","0.007972981","0.025094499","physical_products","medium"
"un an de mariage noce","EUR","500","0%","0%","Low","6","9.9756E-05","0.001292264","life_events","medium"
"un an de mariage noce de","EUR","500","0%","0%","Low","6","9.9756E-05","0.001292264","life_events","medium"
"un an de mariage noce de coton","EUR","50","0%","0%","Medium","37","0","0","life_events","medium"
"un an mariage noce","EUR","50","0%","0%","Low","7","0","0","life_events","medium"
"un cadeau pour la fête des mamans","EUR","50","?","0%","High","71","0","0","gift_mothers","high"
"un cadeau pour ma maman","EUR","50","0%","0%","High","98","0.002873038","0.008650083","gift_mothers","high"
"verre personnalisé noel","EUR","50","900%","0%","High","100","0.002406206","0.008600205","gift_personalized","high"
"wonderbox grand parents","EUR","50","900%","0%","High","100","0.001935788","0.006819267","gift_grandparents","high"
"wonderbox grands parents en or","EUR","50","0%","0%","High","100","0","0","gift_grandparents","high"
"wonderbox pour des grands parents en or","EUR","50","0%","0%","High","100","0","0","gift_grandparents","high"
"zippo photo gravé","EUR","50","-100%","-100%","Unknown","","0","0","gift_personalized","high"
"trop de photos téléphone","EUR",""," --"," --","Unknown","","0","0","photo_organization","high"
"numériser cassettes vhs","EUR","500","0%","-90%","High","100","0.003438648","0.010583263","vhs_legacy","high"
"montage vidéo souvenir","EUR","50","0%","0%","High","72","0.005242731","0.015528356","direct_service","high"
"faire un film avec ses photos","EUR","50","?","0%","High","95","0.000707094","0.005238819","direct_service","high"
"montage vidéo prix","EUR","500","-90%","-90%","Medium","49","0.002791538","0.012401365","direct_service","high"
"diaporama anniversaire","EUR","500","0%","0%","Medium","35","0.004569215","0.012181641","direct_service","high"
"montage vidéo mariage","EUR","500","-90%","-90%","Medium","50","0.005211761","0.014223378","direct_service","high"
"montage vidéo photo musique gratuit","EUR","500","0%","0%","Medium","53","0.001778004","0.009361741","direct_service","high"
"numeriser cassette video","EUR","500","0%","0%","High","100","0.003556008","0.009641449","vhs_legacy","high"
"numerisation cassette video","EUR","500","0%","-90%","High","99","0.004118358","0.011720025","vhs_legacy","high"
"montage photo avec musique","EUR","500","0%","0%","Medium","66","0.001927312","0.010159463","direct_service","high"
"numériser vhs","EUR","5000","0%","0%","High","100","0.004177038","0.011163869","vhs_legacy","high"
"numérisation cassette vhs","EUR","500","0%","0%","High","100","0.003983068","0.010834283","vhs_legacy","high"
"prix transfert vhs sur clé usb","EUR","500","0%","0%","High","97","0.00355014","0.009246663","vhs_legacy","high"
"convertir cassette vhs en dvd","EUR","50","-90%","-90%","High","100","0.00374248","0.009445523","vhs_legacy","high"
"numerisation cassette","EUR","500","0%","0%","High","100","0.004100102","0.011500301","vhs_legacy","high"
"numeriser vhs","EUR","500","0%","0%","High","100","0.003277278","0.009768589","vhs_legacy","high"
"transfert vhs sur clé usb","EUR","500","0%","0%","High","100","0.003588934","0.009866389","vhs_legacy","high"
"prix pour transformer une cassette vhs en dvd","EUR","500","0%","0%","Medium","65","0.00339203","0.008948373","vhs_legacy","high"
"numérisation vhs","EUR","5000","0%","0%","High","100","0.004177038","0.011163869","vhs_legacy","high"
"transfert cassette vhs sur dvd","EUR","500","0%","0%","High","100","0.003837672","0.01436095","vhs_legacy","high"
"convertir cassette vhs en numérique","EUR","500","0%","0%","High","100","0.003536448","0.011137789","vhs_legacy","high"
"transfert vhs dvd","EUR","500","0%","0%","High","100","0.004274186","0.011944639","vhs_legacy","high"
"montage photo musique gratuit","EUR","500","0%","0%","Medium","62","0.00199349","0.009312841","direct_service","high"
"transfert cassette vhs sur clé usb","EUR","500","0%","0%","High","99","0.003676954","0.010755065","vhs_legacy","high"
"transfert vhs","EUR","50","0%","0%","High","100","0.004263102","0.011232003","vhs_legacy","high"
"transfert cassette caméscope sur clé usb","EUR","50","0%","-90%","High","100","0.003634248","0.009868345","vhs_legacy","high"
"numérisation cassette vhs tarif","EUR","500","-90%","-90%","High","97","0.003932212","0.009869323","vhs_legacy","high"
"transformer cassette en dvd prix","EUR","50","0%","0%","High","69","0","0","vhs_legacy","high"
"transfert de cassette vhs sur clé usb","EUR","500","-90%","-90%","High","98","0.00362186","0.011243739","vhs_legacy","high"
"transformer cassette en dvd","EUR","500","0%","-90%","High","92","0.004023492","0.010813419","vhs_legacy","high"
"convertir super 8 en numérique","EUR","500","0%","0%","High","100","0.004486738","0.011932577","vhs_legacy","high"
"convertir cassette mini dv en numérique","EUR","500","0%","0%","High","100","0.003578502","0.009067363","vhs_legacy","high"
"cassette vhs sur clé usb","EUR","50","0%","0%","High","100","0.003683474","0.010638683","vhs_legacy","high"
"numeriser cassette","EUR","500","0%","0%","High","100","0.004100102","0.011500301","vhs_legacy","high"
"transfert vhs vers usb","EUR","50","900%","900%","High","100","0.003041906","0.010721813","vhs_legacy","high"
"transfert super 8 sur dvd","EUR","50","0%","0%","High","90","0.00418584","0.011897043","vhs_legacy","high"
"transfert cassette 8mm sur clé usb","EUR","500","0%","900%","High","99","0.003195126","0.010364843","vhs_legacy","high"
"numeriser cassette vhs","EUR","500","0%","-90%","High","100","0.003438648","0.010583263","vhs_legacy","high"
"numérisation mini dv","EUR","500","0%","0%","High","89","0.004486412","0.010068183","vhs_legacy","high"
"montage photo avec musique gratuit","EUR","500","0%","0%","Medium","52","0.001731386","0.009542019","direct_service","high"
"transformer super 8 en numérique","EUR","50","0%","0%","High","100","0.004284292","0.010650093","vhs_legacy","high"
"numériser mini dv","EUR","500","0%","0%","High","100","0.00367565","0.009656445","vhs_legacy","high"
"numériser des cassettes vhs","EUR","500","0%","-90%","High","100","0.003438648","0.010583263","vhs_legacy","high"
"montage photo video avec musique","EUR","500","-90%","-90%","Medium","64","0.003047774","0.010201843","direct_service","high"
"numeriser cassette video 8","EUR","50","0%","0%","High","100","0.003307922","0.010298013","vhs_legacy","high"
"convertir cassette vhs en clé usb","EUR","50","0%","0%","High","100","0.002492922","0.010457753","vhs_legacy","high"
"montage photo musique","EUR","500","0%","0%","Medium","52","0.001947198","0.009312841","direct_service","high"
"transformer cassette vhs en cle usb","EUR","50","0%","0%","High","100","0.00108069","0.008979017","vhs_legacy","high"
"transformer cassette en numérique","EUR","50","0%","0%","High","98","0.002860976","0.008738755","vhs_legacy","high"
"numeriser des cassettes video","EUR","50","0%","0%","High","100","0.003280212","0.010743329","vhs_legacy","high"
"tarif montage video","EUR","50","0%","0%","Low","26","0.002090964","0.009840309","direct_service","high"
"transfert k7 video sur usb","EUR","50","0%","0%","High","100","0.004291138","0.012306499","vhs_legacy","high"
"numériser cassette hi8","EUR","500","900%","0%","High","100","0.003569048","0.012049937","vhs_legacy","high"
"numériser cassette camescope","EUR","500","0%","0%","High","100","0.003673042","0.012227607","vhs_legacy","high"
"transferer film super 8 sur cle usb","EUR","500","0%","0%","High","97","0.004287878","0.011925079","vhs_legacy","high"
"prix montage video","EUR","500","-90%","-90%","Medium","49","0.002791538","0.012401365","direct_service","high"
"transferer super 8 en numerique","EUR","50","900%","900%","High","100","0.004489672","0.013553775","vhs_legacy","high"
"transfert vhs en numérique","EUR","500","900%","0%","High","100","0.003942644","0.012419295","vhs_legacy","high"
"transfert super 8 sur clé usb","EUR","50","0%","0%","High","100","0.003589912","0.007885287","vhs_legacy","high"
"convertir vhs en numérique prix","EUR","50","0%","0%","High","97","0.00415487","0.011827931","vhs_legacy","high"
"convertir cassette hi8 en numérique","EUR","50","0%","0%","High","98","0.002983552","0.010193041","vhs_legacy","high"
"tarif montage vidéo","EUR","50","0%","0%","Low","29","0.005444851","0.013827614","direct_service","high"
"cassette hi8","EUR","500","0%","0%","High","83","0.001112638","0.007536141","vhs_legacy","high"
"mettre cassette video sur cle usb","EUR","50","0%","-90%","High","100","0.002890316","0.008929465","vhs_legacy","high"
"numériser une cassette vhs","EUR","500","0%","-90%","High","100","0.003438648","0.010583263","vhs_legacy","high"
"numérisation hi8","EUR","500","-90%","0%","High","87","0.004694725","0.010120017","vhs_legacy","high"
"numérisation cassette mini dv","EUR","50","0%","0%","High","100","0.003787142","0.011228091","vhs_legacy","high"
"convertir cassette en numérique","EUR","50","-90%","0%","High","100","0.003276952","0.009166467","vhs_legacy","high"
"transferer cassette video sur cle usb","EUR","50","0%","900%","High","100","0.003477116","0.008945765","vhs_legacy","high"
"numérisation cassette","EUR","500","0%","0%","High","100","0.005155037","0.014806918","vhs_legacy","high"
"convertir des cassettes vhs en numérique","EUR","500","0%","0%","High","100","0.003536448","0.011137789","vhs_legacy","high"
"transformer des cassettes vhs en numérique","EUR","500","0%","-90%","High","100","0.003454948","0.013467711","vhs_legacy","high"
"numérisation cassette camescope","EUR","500","0%","0%","High","100","0.003673042","0.012227607","vhs_legacy","high"
"transformer une cassette vhs en dvd","EUR","50","0%","0%","High","99","0.003388444","0.008876979","vhs_legacy","high"
"numérisation de cassettes vhs","EUR","50","0%","0%","High","99","0.003791054","0.010039169","vhs_legacy","high"
"copie cassette vhs sur dvd","EUR","50","0%","-90%","High","100","0.003684778","0.008884151","vhs_legacy","high"
"prix montage vidéo particulier","EUR","50","0%","?","Low","0","0","0","direct_service","high"
"cassette video sur cle usb","EUR","50","0%","0%","High","97","0.00408967","0.009666225","vhs_legacy","high"
"convertir k7 vhs en numérique","EUR","50","0%","0%","High","100","0.00403099","0.008922619","vhs_legacy","high"
"appareil pour numériser cassette vhs","EUR","500","0%","0%","High","99","0.000591364","0.005254467","vhs_legacy","high"
"numériser vhs sans magnétoscope","EUR","50","0%","-90%","High","100","0.00163489","0.008494255","vhs_legacy","high"
"tarif montage vidéo freelance","EUR","50","0%","0%","Low","30","0.002465864","0.011632657","direct_service","high"
"transfert mini dv sur clé usb","EUR","50","0%","0%","High","100","0.00414672","0.011726871","vhs_legacy","high"
"devis montage vidéo","EUR","50","0%","0%","Medium","36","0.01646039","0.091569804","direct_service","high"
"transformer cassette vhs en numerique","EUR","500","0%","-90%","High","100","0.003454948","0.013467711","vhs_legacy","high"
"convertir cassette camescope en numérique","EUR","500","900%","0%","High","99","0.003976874","0.01396486","vhs_legacy","high"
"numériser cassette mini dv","EUR","500","0%","0%","High","99","0.00446131","0.011082369","vhs_legacy","high"
"convertir cassette 8mm en numérique","EUR","50","0%","0%","High","99","0.004256256","0.014587194","vhs_legacy","high"
"copier vhs sur usb","EUR","50","0%","0%","High","100","0.00242707","0.008448941","vhs_legacy","high"
"mettre cassette vhs sur cle usb","EUR","50","0%","0%","High","100","0.004329932","0.010224337","vhs_legacy","high"
"digitaliser cassette vhs","EUR","50","0%","0%","High","100","0.003059184","0.009735337","vhs_legacy","high"
"numeriser mini dv","EUR","50","0%","0%","High","100","0.004775247","0.010013415","vhs_legacy","high"
"transfert video vhs en numerique","EUR","50","0%","0%","High","100","0.004172148","0.010056447","vhs_legacy","high"
"transferer cassette vhs sur cd","EUR","50","0%","0%","High","100","0.004715589","0.011826953","vhs_legacy","high"
"transformer cassette vhs en dvd","EUR","50","0%","0%","High","100","0.003745414","0.010845041","vhs_legacy","high"
"numerisation cassette video 8","EUR","50","0%","0%","High","99","0.004540854","0.012541871","vhs_legacy","high"
"numérisation cassette 8mm","EUR","50","0%","0%","High","91","0.003948512","0.011766969","vhs_legacy","high"
"montage photo et musique","EUR","500","0%","0%","Medium","52","0.001947198","0.009312841","direct_service","high"
"vhs numerisation","EUR","5000","0%","0%","High","100","0.004177038","0.011163869","vhs_legacy","high"
"montage video prix","EUR","500","-90%","-90%","Medium","49","0.002791538","0.012401365","direct_service","high"
"transfert cassette vhs sur dvd fnac","EUR","50","0%","0%","High","80","0.004200836","0.010306163","vhs_legacy","high"
"transfert mini dv","EUR","50","0%","0%","High","100","0.003731722","0.010682693","vhs_legacy","high"
"convertir vhs c en numerique","EUR","50","0%","0%","High","100","0.002279066","0.008971519","vhs_legacy","high"
"transfert cassette audio sur clé usb","EUR","50","0%","0%","High","95","0.00394623","0.009668507","vhs_legacy","high"
"cassette super 8","EUR","500","0%","0%","Low","15","0.001283788","0.012475693","vhs_legacy","high"
"numerisation hi8","EUR","50","0%","0%","High","100","0.005550801","0.012426467","vhs_legacy","high"
"transformer cassette video sur cle usb","EUR","50","0%","0%","High","100","0.00335128","0.011531923","vhs_legacy","high"
"mettre vhs sur usb","EUR","50","0%","0%","High","100","0","0","vhs_legacy","high"
"prix montage vidéo","EUR","500","-90%","-90%","Medium","49","0.002791538","0.012401365","direct_service","high"
"convertir super 8 en dvd","EUR","50","0%","0%","High","100","0.005793345","0.015158346","vhs_legacy","high"
"copie cassette vhs sur usb","EUR","50","0%","0%","High","100","0.004953243","0.013634623","vhs_legacy","high"
"transformer super 8 en dvd","EUR","50","0%","0%","High","100","0.004862941","0.011439013","vhs_legacy","high"
"transfert cassette vhs sur clé usb leclerc","EUR","50","-90%","-90%","High","93","0.00315405","0.012563387","vhs_legacy","high"
"transfert cassette hi8 sur disque dur","EUR","50","0%","0%","High","98","0.003386488","0.010763541","vhs_legacy","high"
"vhs sur clé usb","EUR","50","0%","0%","High","100","0.003745414","0.011450749","vhs_legacy","high"
"numériser des vhs","EUR","5000","0%","0%","High","100","0.004177038","0.011163869","vhs_legacy","high"
"numeriser des cassettes","EUR","50","0%","0%","High","96","0.00359252","0.012188813","vhs_legacy","high"
"transférer vhs sur dvd","EUR","500","0%","0%","High","100","0.004274186","0.011944639","vhs_legacy","high"
"diaporama anniversaire gratuit","EUR","500","-90%","0%","Medium","38","0.003471248","0.011513993","direct_service","high"
"transfert hi8 en numérique","EUR","50","0%","0%","High","100","0.0034882","0.011597449","vhs_legacy","high"
"convertir cassette camescope en usb","EUR","50","0%","0%","High","100","0.004753079","0.019711914","vhs_legacy","high"
"numerisation k7 video","EUR","50","0%","0%","High","98","0.003790402","0.014741066","vhs_legacy","high"
"fnac numérisation cassette","EUR","50","900%","900%","Low","20","0.003745414","0.013029241","vhs_legacy","high"
"prix numerisation cassette vhs","EUR","50","0%","0%","High","88","0.003389748","0.008427099","vhs_legacy","high"
"convertir une cassette vhs en dvd","EUR","50","-90%","-90%","High","100","0.00374248","0.009445523","vhs_legacy","high"
"numerisation de cassette video","EUR","50","0%","0%","High","100","0.004397088","0.013178875","vhs_legacy","high"
"numérisation cassette vidéo","EUR","500","0%","0%","High","100","0.003990566","0.010834283","vhs_legacy","high"
"diaporama photo anniversaire","EUR","500","-90%","0%","Medium","45","0.004825777","0.012819297","direct_service","high"
"convertir k7 video en numerique","EUR","50","0%","0%","High","100","0.003383228","0.010111867","vhs_legacy","high"
"cassette vhs en usb","EUR","50","0%","0%","High","100","0.003687386","0.012338447","vhs_legacy","high"
"numériser cassette 8mm","EUR","50","0%","0%","High","98","0.003671086","0.008929465","vhs_legacy","high"
"montage photo et musique gratuit","EUR","500","0%","0%","Medium","62","0.00199349","0.009312841","direct_service","high"
"numérisation video 8","EUR","50","0%","0%","High","100","0.006903701","0.014114494","vhs_legacy","high"
"copier une cassette vhs sur clé usb","EUR","50","0%","0%","High","99","0.003438648","0.008904037","vhs_legacy","high"
"transfert de cassettes vidéo 8mm hi8 s vhs sur dvd","EUR","50","0%","0%","High","94","0.005551127","0.013553775","vhs_legacy","high"
"transfert de film super 8 sur dvd","EUR","50","0%","0%","High","100","0.005864739","0.013394035","vhs_legacy","high"
"vhs c vers numerique","EUR","50","0%","0%","High","100","0.00295845","0.008922619","vhs_legacy","high"
"copie vhs en numerique","EUR","50","0%","0%","High","100","0.003589586","0.011941053","vhs_legacy","high"
"exemple devis montage vidéo","EUR","50","0%","0%","Low","7","0","0","direct_service","high"
"copier cassette video sur dvd","EUR","50","0%","0%","High","93","0.004484782","0.006976399","vhs_legacy","high"
"transformer cassette en clé usb","EUR","50","0%","0%","High","100","0.003790402","0.008931747","vhs_legacy","high"
"faire numériser cassette vhs","EUR","50","0%","0%","High","100","0.003672064","0.009956039","vhs_legacy","high"
"copie vhs sur cle usb","EUR","50","0%","0%","High","100","0.00321925","0.010268021","vhs_legacy","high"
"numérisation de cassettes","EUR","50","0%","0%","High","100","0.00453629","0.011927687","vhs_legacy","high"
"cassette vhs transformer en numerique","EUR","50","0%","0%","High","96","0.003930908","0.011036403","vhs_legacy","high"
"montage photo video avec musique gratuit","EUR","50","0%","0%","Medium","65","0.001524702","0.009820749","direct_service","high"
"convertir une cassette vhs en numérique","EUR","500","0%","0%","High","100","0.003536448","0.011137789","vhs_legacy","high"
"montage video tarif","EUR","50","0%","0%","Low","0","0","0","direct_service","high"
"convertir video 8mm en numérique","EUR","50","0%","0%","High","100","0.004633763","0.011350015","vhs_legacy","high"
"transfert super 8 sur usb","EUR","50","0%","0%","High","100","0.004434578","0.009269483","vhs_legacy","high"
"convertir cassette camescope","EUR","50","0%","0%","High","100","0.004188122","0.013458257","vhs_legacy","high"
"numeriser k7 video","EUR","50","0%","0%","High","100","0.003342152","0.009471603","vhs_legacy","high"
"numeriser video 8","EUR","50","0%","0%","High","100","0.003886898","0.010263783","vhs_legacy","high"
"numeriser des vhs","EUR","50","0%","0%","High","100","0.003689342","0.010489049","vhs_legacy","high"
"convertir cassettes video en numerique","EUR","50","0%","-90%","High","100","0.00395275","0.012842443","vhs_legacy","high"
"transférer vhs sur usb","EUR","50","900%","900%","High","100","0.003041906","0.010721813","vhs_legacy","high"
"numériser cassette hi8 sur pc","EUR","50","0%","0%","High","100","0.001671728","0.013617997","vhs_legacy","high"
"numeriser hi8","EUR","50","0%","0%","High","100","0.005105159","0.01478475","vhs_legacy","high"
"transfert cassette mini dv sur pc","EUR","50","0%","0%","High","100","0.00288673","0.009550169","vhs_legacy","high"
"transferer cassette vhs en numerique","EUR","50","0%","0%","High","100","0.00417117","0.011142353","vhs_legacy","high"
"transfert de vhs sur clé usb","EUR","50","0%","0%","High","98","0.004362206","0.011216681","vhs_legacy","high"
"cassette vhs en clé usb","EUR","50","0%","0%","High","100","0.003686734","0.010566637","vhs_legacy","high"
"mettre des cassettes de camescope sur dvd","EUR","50","0%","0%","High","91","0.002856086","0.012955891","vhs_legacy","high"
"copier cassette vhs sur clé usb","EUR","50","0%","0%","High","95","0.003668152","0.008971519","vhs_legacy","high"
"transférer vhs en numérique","EUR","500","900%","0%","High","100","0.003942644","0.012419295","vhs_legacy","high"
"numérisation k7 vhs","EUR","50","0%","0%","High","100","0.003552096","0.01365679","vhs_legacy","high"
"transfert de cassette vhs sur dvd","EUR","50","0%","0%","High","100","0.004340364","0.014901784","vhs_legacy","high"
"numérisation cassette vhs leclerc","EUR","50","0%","0%","Medium","50","0.004208008","0.009443567","vhs_legacy","high"
"copier cassette video sur cle usb","EUR","50","0%","0%","High","100","0.002959754","0.007376075","vhs_legacy","high"
"copie de film super 8 sur dvd","EUR","50","0%","0%","High","100","0","0","vhs_legacy","high"
"tarif numerisation cassette vhs","EUR","50","0%","0%","High","83","0.00313123","0.008923271","vhs_legacy","high"
"vhs c numeriser","EUR","50","0%","0%","High","100","0.002959428","0.013510091","vhs_legacy","high"
"transformer une cassette en dvd","EUR","500","0%","-90%","High","92","0.004023492","0.010813419","vhs_legacy","high"
"numeriser cassette video camescope","EUR","50","0%","0%","High","100","0.004017298","0.011168759","vhs_legacy","high"
"convertir cassette vhs","EUR","50","0%","0%","High","100","0.003146878","0.009082685","vhs_legacy","high"
"prix transfert cassette video sur dvd","EUR","50","0%","0%","High","76","0.002692108","0.005373783","vhs_legacy","high"
"digitaliser cassette video","EUR","50","0%","0%","High","100","0.005286741","0.011840971","vhs_legacy","high"
"numérisation de cassettes vidéos","EUR","50","0%","0%","High","100","0.004397088","0.013178875","vhs_legacy","high"
"montage photo et video avec musique gratuit","EUR","50","0%","0%","Medium","65","0.001524702","0.009820749","direct_service","high"
"numerisation vhs c","EUR","50","0%","0%","High","100","0.003940688","0.008791241","vhs_legacy","high"
"convertir cassette vhs c en numerique","EUR","50","0%","0%","High","100","0.003787142","0.013311557","vhs_legacy","high"
"transférer une cassette vhs sur un dvd","EUR","500","0%","0%","High","100","0.003837672","0.01436095","vhs_legacy","high"
"prix d un montage video","EUR","500","-90%","-90%","Medium","49","0.002791538","0.012401365","direct_service","high"
"cassette video en cle usb","EUR","50","0%","0%","High","100","0.004968565","0.019868068","vhs_legacy","high"
"numerisation k7","EUR","50","0%","0%","High","93","0.005643059","0.019266272","vhs_legacy","high"
"convertir cassette video 8 en dvd","EUR","50","0%","0%","High","93","0","0","vhs_legacy","high"
"montage vidéo avec photo et musique","EUR","500","-90%","-90%","Medium","64","0.003047774","0.010201843","direct_service","high"
"numerisation de cassette vhs","EUR","50","0%","0%","High","100","0.004832297","0.011630701","vhs_legacy","high"
"transfert de vhs sur dvd","EUR","50","0%","0%","High","100","0.004362206","0.012491993","vhs_legacy","high"
"numériser une vhs","EUR","5000","0%","0%","High","100","0.004177038","0.011163869","vhs_legacy","high"
"montage video pour mariage","EUR","500","-90%","-90%","Medium","50","0.005211761","0.014223378","direct_service","high"
"numerisation video","EUR","50","0%","0%","Medium","55","0.005716735","0.013988006","vhs_legacy","high"
"cassette camescope sur usb","EUR","50","-100%","-100%","Unknown","","0","0","vhs_legacy","high"
"conversion cassette camescope","EUR","50","0%","0%","High","100","0.004188122","0.013458257","vhs_legacy","high"
"numeriser une vhs","EUR","5000","0%","0%","High","100","0.004177038","0.011163869","vhs_legacy","high"
"transformer des vhs en numérique","EUR","500","0%","900%","High","100","0.003449732","0.009416835","vhs_legacy","high"
"montage photo en musique","EUR","500","0%","0%","Medium","52","0.001947198","0.009312841","direct_service","high"
"numeriser video camescope","EUR","50","0%","0%","High","100","0.002497486","0.009361415","vhs_legacy","high"
"transformer des cassettes vhs en dvd","EUR","50","0%","0%","High","99","0.003388444","0.008876979","vhs_legacy","high"
"transferer cassette sur usb","EUR","50","?","0%","High","100","0.002892598","0.007595799","vhs_legacy","high"
"convertir cassette vhs en fichier numérique","EUR","50","0%","0%","High","100","0.002890316","0.010806573","vhs_legacy","high"
"faire numeriser des vhs","EUR","50","0%","0%","High","100","0.003652178","0.010267695","vhs_legacy","high"
"transférer cassette sur clé usb","EUR","50","0%","0%","Medium","61","0.003499284","0.010151639","vhs_legacy","high"
"monteur video prix","EUR","500","-90%","-90%","Medium","49","0.002791538","0.012401365","direct_service","high"
"prix monteur vidéo","EUR","50","0%","0%","Medium","42","0.002258528","0.012331275","direct_service","high"
"numérisation cassette leclerc","EUR","50","0%","0%","Medium","38","0.00444175","0.023462869","vhs_legacy","high"
"convertir video cassette en numerique","EUR","50","0%","-90%","High","100","0.00395275","0.012842443","vhs_legacy","high"
"transfert film vhs sur cle usb","EUR","50","0%","0%","High","92","0.004063916","0.012419295","vhs_legacy","high"
"numerisation video 8","EUR","50","0%","0%","High","95","0.004677773","0.011985389","vhs_legacy","high"
"mettre vhs sur cle usb","EUR","50","0%","0%","High","100","0.003586978","0.008936963","vhs_legacy","high"
"transfert cassette mini dv","EUR","50","0%","0%","High","100","0.003472552","0.008004277","vhs_legacy","high"
"transfert k7 vhs sur dvd","EUR","50","0%","0%","High","100","0.00451836","0.012563387","vhs_legacy","high"
"prix d un monteur vidéo","EUR","50","0%","0%","Medium","59","0.002584202","0.008746905","direct_service","high"
"combien coute un montage video","EUR","50","0%","0%","Low","33","0","0","direct_service","high"
"convertir 8mm en numérique","EUR","50","0%","0%","High","100","0.003986328","0.008880565","vhs_legacy","high"
"cassette camescope sur cle usb","EUR","50","900%","900%","High","100","0.003081352","0.010078941","vhs_legacy","high"
"mettre une cassette sur cle usb","EUR","50","0%","0%","High","96","0.003589586","0.008922619","vhs_legacy","high"
"numériser les cassettes vhs","EUR","500","0%","-90%","High","100","0.003438648","0.010583263","vhs_legacy","high"
"tarif monteur vidéo","EUR","50","0%","0%","Low","27","0.00237817","0.009736967","direct_service","high"
"copier k7 video sur dvd","EUR","50","0%","0%","High","100","0.003493416","0.008385697","vhs_legacy","high"
"numériser k7 vhs","EUR","50","0%","0%","High","100","0.003552096","0.01365679","vhs_legacy","high"
"numeriser vhs en dvd","EUR","50","?","0%","High","100","0","0","vhs_legacy","high"
"transfert cassette sur dvd","EUR","50","0%","0%","Medium","48","0.004689183","0.013721664","vhs_legacy","high"
"convertir des cassettes vhs en dvd","EUR","50","-90%","-90%","High","100","0.00374248","0.009445523","vhs_legacy","high"
"transferer cassette vhs en dvd","EUR","500","0%","0%","High","100","0.003837672","0.01436095","vhs_legacy","high"
"transfert cassette hi8 sur dvd","EUR","50","0%","0%","Low","25","0","0","vhs_legacy","high"
"cassette vhs en numérique","EUR","50","900%","900%","High","100","0.003950794","0.010224663","vhs_legacy","high"
"copie cassette hi8 sur dvd","EUR","50","0%","0%","High","98","0.004828385","0.012588489","vhs_legacy","high"
"numeriser une cassette vhs","EUR","500","0%","-90%","High","100","0.003438648","0.010583263","vhs_legacy","high"
"transfert vhs en dvd","EUR","500","0%","0%","High","100","0.004274186","0.011944639","vhs_legacy","high"
"transfert cassette vhs","EUR","50","0%","0%","High","100","0.005651209","0.012578709","vhs_legacy","high"
"transformer les cassettes vhs en dvd","EUR","50","0%","0%","High","99","0.003388444","0.008876979","vhs_legacy","high"
"transfert cassette vhs sur dvd prix","EUR","50","0%","0%","High","91","0.004330584","0.008877957","vhs_legacy","high"
"montage vidéo mariage professionnel","EUR","50","0%","0%","High","76","0","0","direct_service","high"
"numerisation cassette vhs c","EUR","50","0%","0%","High","100","0.004826429","0.016041154","vhs_legacy","high"
"numérisation cassettes hi8","EUR","500","900%","0%","High","100","0.003569048","0.012049937","vhs_legacy","high"
"transferer cassette video sur cd","EUR","50","0%","0%","High","100","0.003546228","0.011020755","vhs_legacy","high"
"numerisation de cassette","EUR","50","0%","0%","High","100","0.00453629","0.011927687","vhs_legacy","high"
"numériser film camescope","EUR","50","0%","0%","High","99","0.0036675","0.010632489","vhs_legacy","high"
"photo avec musique montage","EUR","50","0%","?","Medium","52","0","0","direct_service","high"
"diaporama pour anniversaire","EUR","500","0%","0%","Medium","35","0.004569215","0.012181641","direct_service","high"
"passer vhs en numérique","EUR","50","0%","0%","High","100","0.003874184","0.007456923","vhs_legacy","high"
"numériser vhs sur pc","EUR","50","0%","0%","High","100","0.00128118","0.010061011","vhs_legacy","high"
"transferer k7 video sur dvd","EUR","50","0%","0%","High","100","0.003443864","0.008336471","vhs_legacy","high"
"copie de cassette vhs sur dvd","EUR","50","0%","0%","High","100","0.00392341","0.015489888","vhs_legacy","high"
"convertir les cassettes vhs en numérique","EUR","500","0%","0%","High","100","0.003536448","0.011137789","vhs_legacy","high"
"restauration cassette vhs","EUR","50","0%","0%","Medium","45","0.003697492","0.008942179","vhs_legacy","high"
"montage de photos avec musique","EUR","50","0%","0%","High","83","0.001778004","0.010582937","direct_service","high"
"numeriser cassette dv","EUR","50","0%","0%","High","100","0.001866024","0.011138441","vhs_legacy","high"
"montage vidéo souvenir gratuit","EUR","50","0%","0%","Medium","46","0.001608484","0.008466219","direct_service","high"
"transfert cassette sur cd","EUR","50","0%","0%","High","100","0.006712665","0.012623697","vhs_legacy","high"
"enregistrer vhs sur clé usb","EUR","50","0%","0%","High","100","0.004262776","0.010546425","vhs_legacy","high"
"transfert vhs numérique","EUR","500","900%","0%","High","100","0.003942644","0.012419295","vhs_legacy","high"
"grille tarifaire montage vidéo","EUR","50","0%","0%","Low","8","0","0","direct_service","high"
"numérisation hi8 fnac","EUR","50","0%","0%","High","67","0","0","vhs_legacy","high"
"cassette hi8 en numérique","EUR","50","0%","0%","High","100","0.002562686","0.008977387","vhs_legacy","high"
"digitalisation cassettes vhs","EUR","50","0%","0%","High","100","0.003377686","0.009326207","vhs_legacy","high"
"convertir video hi8 en numerique","EUR","50","0%","0%","High","100","0.003634574","0.014126882","vhs_legacy","high"
"transférer cassette vhs sur dvd","EUR","500","0%","0%","High","100","0.003837672","0.01436095","vhs_legacy","high"
"numérisation de cassettes vidéo","EUR","50","0%","0%","High","100","0.004397088","0.013178875","vhs_legacy","high"
"transfert k7 sur dvd","EUR","50","0%","0%","High","100","0","0","vhs_legacy","high"
"cassette 8mm numeriser","EUR","50","0%","0%","High","100","0.003386488","0.009848459","vhs_legacy","high"
"montage photo iphone avec musique gratuit","EUR","50","0%","0%","Medium","64","0.001174252","0.008927835","direct_service","high"
"numérisation vhs leclerc","EUR","50","0%","0%","Medium","45","0.00328119","0.010085787","vhs_legacy","high"
"numériser cassette vhs sur pc","EUR","50","0%","0%","High","75","0","0","vhs_legacy","high"
"prix monteur vidéo youtube","EUR","50","0%","0%","Low","19","0","0","direct_service","high"
"convertir film vhs en numerique","EUR","50","0%","0%","High","86","0","0","vhs_legacy","high"
"transfert cassette","EUR","50","0%","0%","High","100","0.005338901","0.010808203","vhs_legacy","high"
"mettre cassette sur cle usb","EUR","50","0%","0%","High","100","0.003943296","0.011721655","vhs_legacy","high"
"transfert cassettes video sur disque dur","EUR","50","0%","0%","High","100","0.00330727","0.011897043","vhs_legacy","high"
"numérisation k7","EUR","50","0%","0%","High","100","0.006481857","0.011433471","vhs_legacy","high"
"transfert cassette video 8 sur dvd","EUR","50","0%","0%","High","67","0.005513963","0.012888735","vhs_legacy","high"
"transformer film vhs en numerique","EUR","50","0%","0%","High","100","0.005247947","0.014042774","vhs_legacy","high"
"numeriser cassette mini dv","EUR","50","0%","0%","High","100","0.004163998","0.011004781","vhs_legacy","high"
"convertir une cassette en dvd","EUR","50","0%","0%","High","95","0.00335128","0.009346093","vhs_legacy","high"
"transfert video hi8 vers pc","EUR","50","0%","0%","High","100","0.003968072","0.011138441","vhs_legacy","high"
"convertir cassette dv en numérique","EUR","50","0%","0%","High","100","0.004373616","0.009172987","vhs_legacy","high"
"numeriser des cassettes video 8","EUR","50","0%","0%","High","96","0.002784692","0.011275687","vhs_legacy","high"
"montage photo et vidéo avec musique","EUR","500","-90%","-90%","Medium","64","0.003047774","0.010201843","direct_service","high"
"convertir cassette vhs en usb","EUR","50","0%","0%","High","100","0.004883479","0.008420579","vhs_legacy","high"
"numériser mini dv sur pc","EUR","50","0%","0%","High","95","0.005581119","0.011706659","vhs_legacy","high"
"numerisation de vhs","EUR","50","0%","0%","High","100","0.003689342","0.010489049","vhs_legacy","high"
"transformer cassettes vhs en numérique","EUR","50","0%","0%","High","100","0.00338225","0.012201527","vhs_legacy","high"
"transfert mini cassette sur dvd","EUR","50","0%","0%","High","100","0.004615181","0.014746934","vhs_legacy","high"
"transfert cassette 8mm sur dvd","EUR","50","0%","0%","High","86","0.00358926","0.010141533","vhs_legacy","high"
"numeriser vhs c","EUR","50","0%","0%","High","100","0.00315568","0.010574787","vhs_legacy","high"
"transfert video 8mm vers pc","EUR","50","0%","0%","High","100","0.00432113","0.010755065","vhs_legacy","high"
"prix transfert vhs sur dvd","EUR","50","0%","0%","Medium","57","0","0","vhs_legacy","high"
"transfert super 8 en dvd","EUR","50","0%","0%","High","90","0.00418584","0.011897043","vhs_legacy","high"
"mettre cassette video sur dvd","EUR","50","0%","0%","High","96","0.003055598","0.008922619","vhs_legacy","high"
"numeriser cassette camescope sur pc","EUR","50","0%","0%","High","100","0","0","vhs_legacy","high"
"numérisation de vhs","EUR","50","0%","0%","High","100","0.004858051","0.013936824","vhs_legacy","high"
"numériser des cassettes mini dv","EUR","50","0%","0%","High","100","0.003645332","0.008970867","vhs_legacy","high"
"transfert vhs cle usb","EUR","50","0%","0%","High","100","0.001610766","0.007980805","vhs_legacy","high"
"numérisation cassette audio fnac","EUR","50","0%","0%","High","84","0.005139389","0.014948402","vhs_legacy","high"
"prix numérisation vhs","EUR","50","0%","0%","High","79","0.003184042","0.008191727","vhs_legacy","high"
"transformer cassette camescope en dvd","EUR","50","0%","0%","High","94","0.003450058","0.015870656","vhs_legacy","high"
"convertir cassette super 8 en dvd","EUR","50","0%","0%","High","100","0.005677289","0.012649125","vhs_legacy","high"
"numérisation vhs c","EUR","50","0%","0%","High","100","0.005239145","0.019490886","vhs_legacy","high"
"transfert cassette camescope sur dvd","EUR","50","0%","0%","High","96","0.003477768","0.007536141","vhs_legacy","high"
"numériser des cassettes vidéo","EUR","500","0%","0%","High","100","0.003990566","0.010834283","vhs_legacy","high"
"transformer cassette video en cd","EUR","50","0%","0%","High","96","0.002682328","0.010933713","vhs_legacy","high"
"transferer des cassettes video sur dvd","EUR","50","0%","0%","High","96","0.00392993","0.009001185","vhs_legacy","high"
"transformer cassette vidéo en dvd","EUR","50","0%","0%","High","98","0.004821865","0.013010659","vhs_legacy","high"
"prix montage vidéo freelance","EUR","50","0%","0%","Low","2","0","0","direct_service","high"
"cassette video sur usb","EUR","50","0%","0%","High","100","0.007423345","0.019622264","vhs_legacy","high"
"transformation vhs en numerique","EUR","50","0%","0%","High","100","0.004593339","0.014847016","vhs_legacy","high"
"cassette video vers usb","EUR","50","0%","0%","High","67","0","0","vhs_legacy","high"
"diaporama photos avec musique","EUR","500","0%","0%","Medium","63","0.00296334","0.012374959","direct_service","high"
"transfert video super 8","EUR","50","0%","0%","High","94","0.004228546","0.007534837","vhs_legacy","high"
"copie de vhs sur dvd","EUR","50","0%","0%","High","100","0","0","vhs_legacy","high"
"transformer cassette en usb","EUR","50","0%","0%","High","100","0","0","vhs_legacy","high"
"montage photo en musique gratuit","EUR","500","0%","0%","Medium","62","0.00199349","0.009312841","direct_service","high"
"montage photo avec musique youtube","EUR","50","0%","0%","Low","27","0.001686398","0.006772975","direct_service","high"
"transfert cassette vhs sur ordinateur","EUR","50","0%","0%","High","100","0","0","vhs_legacy","high"
"montage vidéo et photo avec musique","EUR","500","-90%","-90%","Medium","64","0.003047774","0.010201843","direct_service","high"
"numeriser cassette hi8","EUR","50","0%","0%","High","100","0.003252502","0.008577059","vhs_legacy","high"
"faire une video pour un mariage","EUR","50","0%","0%","Low","25","0","0","life_events","medium"
"diaporama video anniversaire","EUR","50","0%","0%","High","71","0.004063916","0.009861499","direct_service","high"
"numérisation vhs prix","EUR","50","0%","0%","High","79","0.003184042","0.008191727","vhs_legacy","high"
"transfert vhs vers cd","EUR","50","0%","0%","High","100","0.003715748","0.009784889","vhs_legacy","high"
"numériser cassettes vhs sur ordinateur","EUR","50","0%","0%","High","100","0.00094377","0.010854821","vhs_legacy","high"
"copier cassette vhs sur ordinateur","EUR","50","0%","0%","High","100","0","0","vhs_legacy","high"
"transferer cassette video 8mm sur pc","EUR","50","0%","0%","High","100","0.005463433","0.010748219","vhs_legacy","high"
"transformer une vhs en numerique","EUR","50","0%","0%","High","100","0.002890316","0.008870785","vhs_legacy","high"
"transfert mini dv sur dvd","EUR","50","0%","0%","High","100","0.003974266","0.011415541","vhs_legacy","high"
"cassette super 8 sur dvd","EUR","50","0%","0%","Medium","57","0","0","vhs_legacy","high"
"transferer cassette vhs sur usb","EUR","50","0%","-90%","High","100","0.004875981","0.0204653","vhs_legacy","high"
"numériser cassette video hi8","EUR","50","0%","0%","High","100","0.00400817","0.010142837","vhs_legacy","high"
"numériser ses cassettes vhs","EUR","50","0%","0%","High","100","0.004575083","0.008944787","vhs_legacy","high"
"cassette video en dvd","EUR","50","0%","0%","Medium","38","0.003389422","0.011820759","vhs_legacy","high"
"convertir cassette video en usb","EUR","50","0%","0%","High","97","0.004063916","0.009191569","vhs_legacy","high"
"numériser vhs soi même","EUR","50","0%","0%","High","100","0","0","vhs_legacy","high"
"leclerc numérisation vhs","EUR","50","0%","0%","Low","28","0.004077282","0.008784069","vhs_legacy","high"
"anniversaire diaporama","EUR","500","0%","0%","Medium","35","0.004569215","0.012181641","direct_service","high"
"appareil numeriser vhs","EUR","50","0%","0%","High","100","0","0","vhs_legacy","high"
"appareil pour numeriser cassette 8mm","EUR","50","0%","0%","High","100","0","0","vhs_legacy","high"
"appareil pour numeriser cassette video","EUR","50","0%","0%","High","100","0","0","vhs_legacy","high"
"appareil pour numeriser les cassettes vhs","EUR","500","0%","0%","High","99","0.000591364","0.005254467","vhs_legacy","high"
"appareil pour numériser des cassettes vhs","EUR","50","0%","0%","High","100","0.001341816","0.007980805","vhs_legacy","high"
"appareil pour numériser vhs","EUR","50","0%","0%","High","100","0.001185336","0.00335617","vhs_legacy","high"
"carrefour numerisation cassette","EUR","50","0%","0%","Low","19","0.004776877","0.011439665","vhs_legacy","high"
"carrefour numérisation vhs","EUR","50","0%","0%","Unknown","","0","0","vhs_legacy","high"
"cassette 8mm sur disque dur","EUR","50","?","?","High","100","0","0","vhs_legacy","high"
"cassette film super 8","EUR","50","0%","0%","Low","1","0","0","vhs_legacy","high"
"cassette hi8 vers pc","EUR","50","0%","0%","High","100","0.001026248","0.009678939","vhs_legacy","high"
"cassette s vhs c","EUR","50","0%","0%","High","100","0","0","vhs_legacy","high"
"cassette vhs 8mm","EUR","50","0%","0%","Medium","63","0","0","vhs_legacy","high"
"cassette vhs c sur dvd","EUR","50","0%","0%","Unknown","","0","0","vhs_legacy","high"
"cassette vhs hi8","EUR","50","0%","0%","High","100","0","0","vhs_legacy","high"
"cassette vhs mini dv","EUR","50","0%","0%","High","83","0","0","vhs_legacy","high"
"cassette vhs numériser","EUR","500","0%","-90%","High","100","0.003438648","0.010583263","vhs_legacy","high"
"cassette vhs pour mini dv","EUR","50","0%","0%","High","100","0","0","vhs_legacy","high"
"cassette vhs sur disque dur","EUR","50","0%","0%","High","90","0.00377997","0.010750175","vhs_legacy","high"
"cassette vhs transformer en dvd","EUR","50","0%","?","High","100","0.003679236","0.006068815","vhs_legacy","high"
"cassette video en numerique","EUR","50","0%","0%","High","100","0.003189258","0.009435743","vhs_legacy","high"
"cassette video en usb","EUR","50","0%","0%","High","99","0.00367565","0.008911861","vhs_legacy","high"
"cassette video hi8","EUR","50","0%","0%","High","98","0","0","vhs_legacy","high"
"cassette video super 8","EUR","50","0%","0%","Low","18","0","0","vhs_legacy","high"
"cassette video transfert sur dvd","EUR","50","0%","0%","High","96","0.00392993","0.009001185","vhs_legacy","high"
"cassette vidéo 8","EUR","50","0%","0%","High","93","0","0","vhs_legacy","high"
"cassettes vhs c","EUR","500","0%","0%","High","100","0.001098294","0.005686417","vhs_legacy","high"
"cassettes video 8","EUR","500","0%","0%","High","70","0.001278898","0.010825807","vhs_legacy","high"
"cle de numerisation video usb","EUR","50","0%","0%","High","100","0.002540518","0.006839479","vhs_legacy","high"
"combien coute un monteur video","EUR","50","0%","0%","Medium","47","0.002539866","0.011982781","direct_service","high"
"conversion cassette camescope dvd","EUR","50","0%","0%","High","100","0.005260987","0.010788317","vhs_legacy","high"
"conversion cassette vhs","EUR","50","0%","0%","High","100","0.001010926","0.007574283","vhs_legacy","high"
"conversion cassettes vhs en dvd","EUR","50","-90%","-90%","High","100","0.00374248","0.009445523","vhs_legacy","high"
"conversion hi8 numérique","EUR","50","0%","0%","High","97","0.003790402","0.008477303","vhs_legacy","high"
"convertir cassette camescope en dvd","EUR","50","0%","0%","High","100","0.005260987","0.010788317","vhs_legacy","high"
"convertir cassette camescope sur pc","EUR","50","0%","0%","High","100","0.004156826","0.013017505","vhs_legacy","high"
"convertir cassette caméscope en usb","EUR","50","0%","0%","Unknown","","0","0","vhs_legacy","high"
"convertir cassette en cle usb","EUR","50","0%","0%","High","100","0.001684116","0.008976083","vhs_legacy","high"
"convertir cassette en dvd prix","EUR","50","0%","0%","Low","29","0","0","vhs_legacy","high"
"convertir cassette vhs sur dvd","EUR","50","-90%","-90%","High","100","0.00374248","0.009445523","vhs_legacy","high"
"convertir cassette video","EUR","50","-100%","-100%","Unknown","","0","0","vhs_legacy","high"
"convertir cassette video sur clé usb","EUR","50","0%","0%","Medium","43","0","0","vhs_legacy","high"
"convertir cassettes en dvd","EUR","50","0%","0%","Medium","57","0","0","vhs_legacy","high"
"convertir des cassettes en dvd","EUR","50","0%","0%","High","95","0.00335128","0.009346093","vhs_legacy","high"
"convertir des films super 8 en dvd","EUR","50","0%","0%","High","100","0.00413531","0.011827931","vhs_legacy","high"
"convertir film hi8 en numérique","EUR","50","0%","0%","High","100","0.00389081","0.010607713","vhs_legacy","high"
"convertir une cassette de camescope en dvd","EUR","50","-100%","0%","Unknown","","0","0","vhs_legacy","high"
"convertir une cassette video en cd","EUR","50","?","0%","High","100","0","0","vhs_legacy","high"
"convertir une cassette video en dvd","EUR","50","?","0%","High","100","0","0","vhs_legacy","high"
"convertir vhs en numérique fnac","EUR","50","0%","0%","Low","31","0","0","vhs_legacy","high"
"convertir vhs sur cle usb","EUR","50","0%","0%","High","100","0.004464896","0.010435585","vhs_legacy","high"
"copie cassette 8mm sur dvd","EUR","50","0%","0%","High","86","0","0","vhs_legacy","high"
"copie cassette camescope sur dvd","EUR","50","0%","0%","High","100","0.003953076","0.008256275","vhs_legacy","high"
"copie cassette sur dvd","EUR","50","0%","0%","High","84","0.004263102","0.008875349","vhs_legacy","high"
"copie cassette vhs","EUR","50","0%","0%","High","100","0.00428038","0.008964347","vhs_legacy","high"
"copie de cassette camescope sur dvd","EUR","50","?","?","High","100","0","0","vhs_legacy","high"
"copie de cassettes video sur dvd","EUR","50","0%","0%","High","90","0.004270926","0.013454345","vhs_legacy","high"
"copie vhs","EUR","50","0%","0%","High","100","0.004470438","0.008858071","vhs_legacy","high"
"copier cassette 8mm sur dvd","EUR","50","0%","0%","High","86","0","0","vhs_legacy","high"
"copier cassette camescope sur dvd","EUR","50","0%","0%","High","100","0.003953076","0.008256275","vhs_legacy","high"
"copier cassette hi8 sur dvd","EUR","50","0%","0%","High","100","0","0","vhs_legacy","high"
"copier cassette mini dv sur pc","EUR","50","0%","0%","High","85","0.00155665","0.008544785","vhs_legacy","high"
"copier cassette sur cd","EUR","50","-100%","-100%","Unknown","","0","0","vhs_legacy","high"
"copier cassette vhs","EUR","50","0%","0%","High","100","0","0","vhs_legacy","high"
"copier cassette vhs sur cd","EUR","50","0%","0%","High","100","0.002593982","0.006012417","vhs_legacy","high"
"copier cassette vhs sur disque dur","EUR","50","0%","0%","High","100","0","0","vhs_legacy","high"
"copier cassette video 8 sur pc","EUR","50","0%","0%","High","100","0.000997234","0.007603297","vhs_legacy","high"
"copier cassette video sur cd","EUR","50","0%","-100%","Unknown","","0","0","vhs_legacy","high"
"copier hi8 sur pc","EUR","50","0%","0%","Unknown","","0","0","vhs_legacy","high"
"copier k7 vhs sur dvd","EUR","50","-100%","0%","Unknown","","0","0","vhs_legacy","high"
"copier vhs sur disque dur","EUR","50","0%","0%","High","100","0.002478578","0.007287729","vhs_legacy","high"
"creation d une vidéo avec photos musique","EUR","50","0%","0%","High","80","0.003388444","0.011006085","direct_service","high"
"creation video avec photo et musique","EUR","50","-100%","0%","Unknown","","0","0","direct_service","high"
"creation video mariage","EUR","50","0%","0%","High","86","0","0","direct_service","high"
"creer un diaporama anniversaire","EUR","50","0%","0%","Medium","59","0.003725202","0.010159463","direct_service","high"
"création diaporama anniversaire","EUR","50","0%","0%","High","71","0.001827556","0.009312841","direct_service","high"
"diapo anniversaire original","EUR","50","0%","0%","Low","12","0","0","gift_anniversary","medium"
"diapo d anniversaire","EUR","50","0%","0%","Low","27","0.002941172","0.008466219","gift_anniversary","medium"
"diaporama anniversaire de mariage","EUR","50","-100%","-100%","Unknown","","0","0","direct_service","high"
"diaporama anniversaire en ligne","EUR","50","-100%","-100%","Unknown","","0","0","direct_service","high"
"diaporama anniversaire humoristique","EUR","50","0%","0%","Low","4","0","0","direct_service","high"
"diaporama anniversaire mariage","EUR","50","0%","0%","Unknown","","0","0","direct_service","high"
"diaporama gratuit anniversaire","EUR","500","-90%","0%","Medium","38","0.003471248","0.011513993","direct_service","high"
"diaporama gratuit pour anniversaire","EUR","500","-90%","0%","Medium","38","0.003471248","0.011513993","direct_service","high"
"diaporama humour anniversaire","EUR","50","0%","0%","Low","0","0","0","direct_service","high"
"diaporama joyeux anniversaire","EUR","50","0%","0%","Medium","43","0","0","direct_service","high"
"diaporama joyeux anniversaire gratuit","EUR","50","0%","-100%","Unknown","","0","0","direct_service","high"
"diaporama original anniversaire","EUR","50","0%","0%","Low","12","0","0","direct_service","high"
"diaporama photo et video avec musique","EUR","50","0%","?","Medium","57","0","0","direct_service","high"
"diaporama photo et video avec musique gratuit","EUR","50","0%","0%","High","78","0.002429026","0.011090845","direct_service","high"
"diaporama photo pour anniversaire","EUR","500","-90%","0%","Medium","45","0.004825777","0.012819297","direct_service","high"
"diaporama photo video musique gratuit","EUR","50","0%","0%","Medium","59","0.003471248","0.008804933","direct_service","high"
"diaporama photos anniversaire","EUR","500","-90%","0%","Medium","45","0.004825777","0.012819297","direct_service","high"
"diaporama pour un anniversaire","EUR","500","0%","0%","Medium","35","0.004569215","0.012181641","direct_service","high"
"diaporama surprise anniversaire","EUR","50","?","0%","Low","0","0","0","direct_service","high"
"diaporama video photo musique","EUR","50","-100%","0%","Unknown","","0","0","direct_service","high"
"enregistrer cassette hi8 sur pc","EUR","50","0%","0%","High","100","0","0","vhs_legacy","high"
"enregistrer cassette sur cle usb","EUR","50","0%","0%","High","100","0.004179972","0.010858081","vhs_legacy","high"
"enregistrer cassette vhs sur cle usb","EUR","50","0%","0%","High","100","0.004677121","0.012052871","vhs_legacy","high"
"enregistrer cassette video sur cle usb","EUR","50","0%","0%","High","100","0.003676302","0.007679907","vhs_legacy","high"
"faire diaporama anniversaire","EUR","50","0%","0%","Medium","60","0.004994971","0.010159463","direct_service","high"
"faire numériser des cassettes vhs","EUR","50","0%","0%","High","95","0","0","vhs_legacy","high"
"faire un diapo anniversaire","EUR","50","0%","0%","High","70","0.00431787","0.010752131","gift_anniversary","medium"
"faire un diapo photo anniversaire","EUR","50","0%","0%","Low","29","0","0","gift_anniversary","medium"
"faire un diaporama d anniversaire","EUR","50","0%","0%","Medium","61","0","0","direct_service","high"
"faire un diaporama photo pour anniversaire","EUR","50","0%","0%","Medium","64","0","0","direct_service","high"
"faire un diaporama pour anniversaire","EUR","50","0%","0%","Medium","55","0.003301728","0.01379534","direct_service","high"
"faire un diaporama pour un anniversaire","EUR","50","0%","0%","Medium","60","0.003582088","0.011006085","direct_service","high"
"faire une video mariage","EUR","50","-100%","0%","Unknown","","0","0","life_events","medium"
"faire une video surprise pour un mariage","EUR","50","0%","-100%","Unknown","","0","0","life_events","medium"
"faire une vidéo pour les mariés","EUR","50","0%","0%","Low","32","0","0","direct_service","high"
"faire une vidéo pour un mariage","EUR","50","0%","0%","Low","25","0","0","life_events","medium"
"faire video mariage","EUR","50","0%","0%","Low","25","0","0","life_events","medium"
"faire video pour mariage","EUR","50","0%","0%","Low","25","0","0","life_events","medium"
"film avec photos et musique","EUR","50","0%","0%","Medium","33","0","0","direct_service","high"
"fnac convertir cassette vhs en dvd","EUR","50","0%","0%","Low","7","0","0","vhs_legacy","high"
"fnac numerisation vhs","EUR","50","900%","0%","Medium","34","0.004550959","0.015079128","vhs_legacy","high"
"fnac numérisation cassette vidéo","EUR","50","0%","0%","Low","16","0.004473046","0.016301302","vhs_legacy","high"
"fnac transfert vhs","EUR","50","0%","0%","Medium","43","0.002458366","0.009658727","vhs_legacy","high"
"hi8 numeriser","EUR","50","0%","0%","High","100","0.003090806","0.006682673","vhs_legacy","high"
"hi8 sur clé usb","EUR","50","0%","0%","Unknown","","0","0","vhs_legacy","high"
"hi8 vers numerique","EUR","50","0%","-100%","Unknown","","0","0","vhs_legacy","high"
"hi8 vers vhs","EUR","50","0%","0%","Medium","38","0","0","vhs_legacy","high"
"idee de diaporama anniversaire","EUR","50","0%","0%","Low","11","0","0","direct_service","high"
"idee diapo anniversaire","EUR","500","-90%","-90%","Low","11","0.001308238","0.015293962","gift_anniversary","high"
"idee presentation photo pour anniversaire","EUR","50","0%","0%","High","100","0","0","gift_anniversary","high"
"idée diapo photo anniversaire","EUR","50","-100%","-100%","Unknown","","0","0","gift_anniversary","high"
"mariage montage video","EUR","500","-90%","-90%","Medium","50","0.005211761","0.014223378","direct_service","high"
"materiel pour numeriser cassette vhs","EUR","50","0%","-100%","Unknown","","0","0","vhs_legacy","high"
"mettre cassette vhs sur dvd","EUR","50","0%","0%","High","96","0.00368543","0.008969563","vhs_legacy","high"
"mettre des cassettes vhs sur dvd","EUR","50","0%","0%","High","97","0.002292106","0.011862161","vhs_legacy","high"
"mettre vhs en numerique","EUR","50","0%","0%","High","100","0.002791212","0.009048455","vhs_legacy","high"
"mini dv numeriser","EUR","50","0%","0%","High","100","0.003089502","0.010057425","vhs_legacy","high"
"montage de photo avec musique","EUR","50","0%","0%","High","83","0.001778004","0.010582937","direct_service","high"
"montage de photo avec musique gratuit","EUR","50","0%","0%","Unknown","","0","0","direct_service","high"
"montage des photos avec musique","EUR","500","0%","0%","Medium","66","0.001927312","0.010159463","direct_service","high"
"montage diaporama anniversaire","EUR","50","-100%","-100%","Unknown","","0","0","direct_service","high"
"montage diaporama photo musique gratuit","EUR","50","0%","0%","High","79","0","0","direct_service","high"
"montage film mariage","EUR","50","0%","0%","Medium","48","0.009129303","0.018710442","direct_service","high"
"montage mariage video","EUR","500","-90%","-90%","Medium","50","0.005211761","0.014223378","direct_service","high"
"montage musique et photo gratuit","EUR","500","0%","0%","Medium","62","0.00199349","0.009312841","direct_service","high"
"montage musique photo gratuit","EUR","500","0%","0%","Medium","62","0.00199349","0.009312841","direct_service","high"
"montage photo animé avec musique","EUR","50","0%","0%","Medium","57","0","0","direct_service","high"
"montage photo audio","EUR","50","0%","0%","Medium","61","0.003450058","0.010965661","direct_service","high"
"montage photo audio en ligne","EUR","50","0%","0%","Low","0","0","0","direct_service","high"
"montage photo audio gratuit","EUR","50","0%","0%","High","86","0","0","direct_service","high"
"montage photo avec musique iphone","EUR","50","0%","0%","Low","29","0","0","direct_service","high"
"montage photo en diaporama avec musique gratuit","EUR","50","0%","0%","Unknown","","0","0","direct_service","high"
"montage photo en video avec musique gratuit en ligne","EUR","50","0%","0%","Medium","60","0.002539866","0.008466219","direct_service","high"
"montage photo en vidéo avec musique","EUR","500","-90%","-90%","Medium","64","0.003047774","0.010201843","direct_service","high"
"montage photo et audio","EUR","50","0%","0%","High","86","0","0","direct_service","high"
"montage photo gratuit avec musique de fond","EUR","50","0%","0%","Medium","57","0","0","direct_service","high"
"montage photo gratuit musique","EUR","50","0%","0%","High","100","0","0","direct_service","high"
"montage photo plus musique","EUR","50","0%","0%","Medium","57","0.001883628","0.006772975","direct_service","high"
"montage photo sur musique","EUR","500","0%","0%","Medium","52","0.001947198","0.009312841","direct_service","high"
"montage photo video en musique gratuit","EUR","50","0%","0%","Unknown","","0","0","direct_service","high"
"montage photo video mariage","EUR","50","0%","0%","High","100","0","0","direct_service","high"
"montage photo video musique gratuit","EUR","500","0%","0%","Medium","53","0.001778004","0.009361741","direct_service","high"
"montage photo video pour mariage","EUR","50","0%","0%","High","100","0","0","direct_service","high"
"montage video anniversaire de mariage","EUR","50","-100%","-100%","Unknown","","0","0","direct_service","high"
"montage video avec musique et photo","EUR","500","-90%","-90%","Medium","64","0.003047774","0.010201843","direct_service","high"
"montage video avec photo et musique","EUR","500","-90%","-90%","Medium","64","0.003047774","0.010201843","direct_service","high"
"montage video avec photo musique et texte","EUR","50","-100%","-100%","Unknown","","0","0","direct_service","high"
"montage video boulette mariage","EUR","50","0%","0%","Low","0","0","0","direct_service","high"
"montage video de mariage","EUR","50","0%","0%","Medium","43","0","0","direct_service","high"
"montage video de photo avec musique","EUR","50","0%","0%","High","100","0","0","direct_service","high"
"montage video mariage temoin","EUR","50","-100%","0%","Unknown","","0","0","direct_service","high"
"montage video photo avec musique","EUR","50","?","0%","Medium","33","0","0","direct_service","high"
"montage video photo avec musique gratuit","EUR","50","0%","0%","Medium","43","0","0","direct_service","high"
"montage video photo mariage","EUR","50","0%","0%","High","100","0","0","direct_service","high"
"montage video pour un mariage","EUR","500","-90%","-90%","Medium","50","0.005211761","0.014223378","direct_service","high"
"montage video surprise mariage","EUR","50","?","0%","Low","0","0","0","direct_service","high"
"montage video surprise pour mariage","EUR","50","?","?","Low","0","0","0","direct_service","high"
"montage video temoin mariage","EUR","50","0%","0%","High","93","0","0","direct_service","high"
"montage vidéo avec photo et musique apk","EUR","50","0%","0%","Unknown","","0","0","direct_service","high"
"montage vidéo avec photo et musique gratuit","EUR","50","0%","0%","Medium","65","0.001524702","0.009820749","direct_service","high"
"montage vidéo avec photo et musique gratuit en ligne","EUR","50","0%","0%","High","77","0.004825777","0.009651555","direct_service","high"
"montage vidéo mariage original","EUR","50","0%","0%","Low","29","0.005223823","0.010061011","direct_service","high"
"montage vidéo tarif","EUR","50","0%","0%","Low","29","0.005444851","0.013827614","direct_service","high"
"monteur video tarif","EUR","50","0%","0%","Medium","57","0","0","direct_service","high"
"monteur video youtube prix","EUR","50","0%","0%","Medium","36","0","0","direct_service","high"
"monteur vidéo youtube prix","EUR","50","0%","0%","Medium","36","0","0","direct_service","high"
"numerisation cassette fnac","EUR","50","0%","0%","Low","22","0.004126508","0.01788338","vhs_legacy","high"
"numerisation cassette leclerc","EUR","50","0%","0%","Medium","38","0.00444175","0.023462869","vhs_legacy","high"
"numerisation cassette video fnac","EUR","50","0%","0%","Low","16","0.004473046","0.016301302","vhs_legacy","high"
"numerisation de cassette video vhs","EUR","50","0%","0%","High","100","0","0","vhs_legacy","high"
"numerisation dvd","EUR","50","0%","0%","Low","27","0.005480059","0.012257599","vhs_legacy","high"
"numerisation film vhs","EUR","50","0%","0%","High","86","0","0","vhs_legacy","high"
"numerisation mini dv fnac","EUR","50","-100%","-100%","Unknown","","0","0","vhs_legacy","high"
"numerisation vhs dvd","EUR","50","-100%","-100%","Unknown","","0","0","vhs_legacy","high"
"numerisation vhs fnac","EUR","50","900%","0%","Medium","34","0.004550959","0.015079128","vhs_legacy","high"
"numerisation vhs sur dvd","EUR","50","0%","0%","Medium","39","0","0","vhs_legacy","high"
"numerisation video 8mm","EUR","50","0%","0%","High","100","0.005170359","0.012136327","vhs_legacy","high"
"numerisation video analogique","EUR","50","?","0%","High","100","0","0","vhs_legacy","high"
"numerisation video vhs","EUR","50","0%","0%","High","79","0.002890316","0.011828257","vhs_legacy","high"
"numeriser camescope","EUR","50","0%","0%","High","100","0.001793","0.010638683","vhs_legacy","high"
"numeriser cassette 8mm","EUR","50","0%","0%","High","100","0.004831971","0.024344047","vhs_legacy","high"
"numeriser cassette camescope mini dv","EUR","50","0%","0%","High","100","0.003347042","0.010057425","vhs_legacy","high"
"numeriser cassette magnetoscope","EUR","50","0%","0%","High","100","0","0","vhs_legacy","high"
"numeriser cassette vhs en dvd","EUR","50","?","0%","High","100","0","0","vhs_legacy","high"
"numeriser cassette vhs secam","EUR","50","0%","?","High","100","0.000688838","0.005867021","vhs_legacy","high"
"numeriser cassette video 8mm","EUR","50","0%","0%","High","100","0.005480059","0.012424837","vhs_legacy","high"
"numeriser du vhs","EUR","50","0%","0%","High","100","0","0","vhs_legacy","high"
"numeriser film vhs","EUR","50","0%","0%","High","100","0","0","vhs_legacy","high"
"numeriser hi8 mac","EUR","50","0%","0%","Unknown","","0","0","vhs_legacy","high"
"numeriser hi8 sur pc","EUR","50","0%","0%","High","96","0.00126814","0.008922619","vhs_legacy","high"
"numeriser k7","EUR","50","0%","0%","High","100","0.004335474","0.009542345","vhs_legacy","high"
"numeriser k7 camescope","EUR","50","?","?","Low","0","0","0","vhs_legacy","high"
"numeriser k7 vhs","EUR","50","0%","0%","High","100","0","0","vhs_legacy","high"
"numeriser les vhs","EUR","50","0%","0%","High","100","0.001452004","0.008575103","vhs_legacy","high"
"numeriser mini cassette video","EUR","50","0%","0%","High","100","0.003578176","0.011173323","vhs_legacy","high"
"numeriser mini dv mac","EUR","50","0%","0%","High","86","0","0","vhs_legacy","high"
"numeriser une cassette","EUR","50","0%","0%","High","96","0.00359252","0.012188813","vhs_legacy","high"
"numeriser une cassette video","EUR","500","0%","0%","High","100","0.003990566","0.010834283","vhs_legacy","high"
"numeriser vhs fnac","EUR","50","0%","0%","Low","20","0","0","vhs_legacy","high"
"numeriser vhs mac","EUR","50","0%","0%","High","97","0","0","vhs_legacy","high"
"numeriser vhs soi meme","EUR","50","0%","0%","High","100","0","0","vhs_legacy","high"
"numeriser vhs sur mac","EUR","50","0%","0%","High","100","0","0","vhs_legacy","high"
"numeriser video","EUR","50","0%","0%","Medium","55","0.005716735","0.013988006","vhs_legacy","high"
"numeriser video cassette","EUR","50","0%","0%","High","100","0","0","vhs_legacy","high"
"numeriser video hi8","EUR","50","0%","0%","High","100","0.003548184","0.011232003","vhs_legacy","high"
"numeriser video mini dv","EUR","50","0%","0%","High","100","0.004263102","0.008724411","vhs_legacy","high"
"numeriser video vhs","EUR","50","0%","0%","High","100","0.002591048","0.006782429","vhs_legacy","high"
"numérisation camescope","EUR","50","0%","0%","High","100","0","0","vhs_legacy","high"
"numérisation cassette vhs c","EUR","50","0%","0%","High","100","0.004826429","0.016041154","vhs_legacy","high"
"numérisation cassette vhs carrefour","EUR","50","0%","0%","High","90","0","0","vhs_legacy","high"
"numérisation cassette vhs fnac","EUR","50","0%","0%","Medium","50","0.007382595","0.018841168","vhs_legacy","high"
"numérisation de cassettes vidéo sur dvd","EUR","50","0%","0%","High","100","0","0","vhs_legacy","high"
"numérisation dvd","EUR","50","0%","0%","Low","27","0.005480059","0.012257599","vhs_legacy","high"
"numérisation k7 video","EUR","50","0%","0%","High","98","0.003790402","0.014741066","vhs_legacy","high"
"numérisation vhs carrefour","EUR","50","0%","0%","Medium","63","0","0","vhs_legacy","high"
"numérisation vhs fnac","EUR","50","900%","0%","Medium","34","0.004550959","0.015079128","vhs_legacy","high"
"numérisation vhs sur clé usb","EUR","50","?","0%","High","100","0","0","vhs_legacy","high"
"numérisation vhs sur dvd","EUR","50","0%","0%","Medium","39","0","0","vhs_legacy","high"
"numérisation video","EUR","50","0%","0%","High","100","0.010522627","0.014604798","vhs_legacy","high"
"numérisation vidéo","EUR","50","0%","0%","High","100","0.010522627","0.014604798","vhs_legacy","high"
"numériser cassette dv","EUR","50","0%","0%","High","100","0.004273534","0.010842759","vhs_legacy","high"
"numériser cassette vhs c sur clé usb","EUR","50","0%","0%","Unknown","","0","0","vhs_legacy","high"
"numériser cassette vhs fnac","EUR","50","0%","0%","Low","0","0","0","vhs_legacy","high"
"numériser cassette vhs sur dvd","EUR","50","0%","-100%","Unknown","","0","0","vhs_legacy","high"
"numériser cassette vhs sur mac","EUR","50","0%","?","High","100","0","0","vhs_legacy","high"
"numériser des cassettes camescope","EUR","500","0%","0%","High","100","0.003673042","0.012227607","vhs_legacy","high"
"numériser des cassettes hi8","EUR","500","900%","0%","High","100","0.003569048","0.012049937","vhs_legacy","high"
"numériser hi8 sur clé usb","EUR","50","0%","0%","High","93","0","0","vhs_legacy","high"
"numériser hi8 sur dvd","EUR","50","0%","0%","Unknown","","0","0","vhs_legacy","high"
"numériser ses cassettes hi8","EUR","50","-100%","-100%","Unknown","","0","0","vhs_legacy","high"
"numériser une cassette","EUR","500","0%","0%","High","100","0.005155037","0.014806918","vhs_legacy","high"
"numériser une cassette vidéo","EUR","500","0%","0%","High","100","0.003990566","0.010834283","vhs_legacy","high"
"numériser vhs boulanger","EUR","50","0%","0%","High","91","0","0","vhs_legacy","high"
"numériser vhs en numérique","EUR","50","-100%","-100%","Unknown","","0","0","vhs_legacy","high"
"numériser vhs mac","EUR","50","0%","0%","High","100","0","0","vhs_legacy","high"
"numériser vhs prix","EUR","50","0%","0%","High","96","0.003287058","0.009745443","vhs_legacy","high"
"numériser vhs sur clé usb","EUR","50","0%","0%","High","100","0","0","vhs_legacy","high"
"numériser vhs sur dvd","EUR","50","0%","0%","Medium","39","0","0","vhs_legacy","high"
"numériser vhs sur mac","EUR","50","0%","0%","High","100","0","0","vhs_legacy","high"
"numériser video 8","EUR","50","0%","0%","High","95","0.004677773","0.011985389","vhs_legacy","high"
"numériseur cassettes vhs","EUR","50","0%","0%","High","89","0","0","vhs_legacy","high"
"numériseur de cassettes vhs","EUR","50","0%","0%","High","100","0","0","vhs_legacy","high"
"photo et musique montage gratuit","EUR","50","0%","0%","Medium","40","0.001794304","0.009905509","direct_service","high"
"photo montage avec musique gratuit","EUR","500","0%","0%","Medium","52","0.001731386","0.009542019","direct_service","high"
"photo musique montage","EUR","500","0%","0%","Medium","52","0.001947198","0.009312841","direct_service","high"
"presentation photo pour anniversaire","EUR","50","0%","0%","High","100","0","0","gift_anniversary","medium"
"prix montage video freelance","EUR","50","0%","0%","Low","2","0","0","direct_service","high"
"prix montage video mariage","EUR","50","0%","0%","Medium","57","0","0","direct_service","high"
"prix montage video particulier","EUR","50","0%","?","Low","0","0","0","direct_service","high"
"prix montage video youtube","EUR","50","0%","0%","Low","19","0.002862932","0.014114494","direct_service","high"
"prix montage vidéo youtube","EUR","50","0%","0%","Low","19","0.002862932","0.014114494","direct_service","high"
"prix monteur video youtube","EUR","50","0%","0%","Low","19","0","0","direct_service","high"
"restaurer cassette vhs","EUR","50","0%","0%","Medium","45","0.003697492","0.008942179","vhs_legacy","high"
"restaurer une cassette vhs","EUR","50","0%","?","Medium","33","0","0","vhs_legacy","high"
"site diaporama anniversaire","EUR","50","0%","0%","Low","0","0","0","direct_service","high"
"tarif horaire montage video","EUR","50","0%","0%","Low","4","0","0","direct_service","high"
"tarif montage video freelance","EUR","50","0%","0%","Low","30","0.002465864","0.011632657","direct_service","high"
"tarif montage video mariage","EUR","50","-100%","-100%","Unknown","","0","0","direct_service","high"
"tarif montage video youtube","EUR","50","0%","0%","Low","24","0","0","direct_service","high"
"tarif montage vidéo youtube","EUR","50","0%","0%","Low","21","0","0","direct_service","high"
"tarif monteur video freelance","EUR","50","0%","0%","Medium","37","0.001965128","0.009179507","direct_service","high"
"transferer cassette 8mm sur pc","EUR","50","0%","0%","High","100","0.004979323","0.010747893","vhs_legacy","high"
"transferer cassette camescope sur cd","EUR","50","0%","0%","High","90","0","0","vhs_legacy","high"
"transferer cassette hi8 sur pc","EUR","50","?","0%","High","100","0.004572801","0.009557667","vhs_legacy","high"
"transferer cassette vhs sur disque dur","EUR","50","0%","0%","Medium","35","0","0","vhs_legacy","high"
"transferer cassette video sur dvd","EUR","50","0%","0%","High","78","0.004326672","0.010390271","vhs_legacy","high"
"transferer cassette video sur pc","EUR","50","0%","0%","High","97","0.00227059","0.007271103","vhs_legacy","high"
"transferer cassettes vhs sur pc","EUR","50","0%","0%","High","100","0.001892104","0.010808203","vhs_legacy","high"
"transferer film hi8 sur pc","EUR","0","0%","0%","Unknown","","0","0","vhs_legacy","high"
"transferer film vhs sur dvd","EUR","50","0%","?","High","100","0","0","vhs_legacy","high"
"transferer mini cassette video sur pc","EUR","50","0%","0%","High","100","0.002614846","0.009931263","vhs_legacy","high"
"transferer une vhs sur dvd","EUR","500","0%","0%","High","100","0.004274186","0.011944639","vhs_legacy","high"
"transferer vhs sur disque dur","EUR","50","0%","0%","High","99","0.003479072","0.011223527","vhs_legacy","high"
"transferer vhs sur usb","EUR","50","900%","900%","High","100","0.003041906","0.010721813","vhs_legacy","high"
"transferer video 8mm sur ordi","EUR","50","0%","0%","High","100","0.003737264","0.010799401","vhs_legacy","high"
"transferer video cassette sur dvd","EUR","50","0%","0%","High","96","0.00392993","0.009001185","vhs_legacy","high"
"transfert 8mm vers numérique","EUR","50","?","0%","High","100","0.003140684","0.014450274","vhs_legacy","high"
"transfert cassette 8mm","EUR","50","0%","0%","High","100","0.00288836","0.007347387","vhs_legacy","high"
"transfert cassette 8mm sur cle usb","EUR","500","0%","900%","High","99","0.003195126","0.010364843","vhs_legacy","high"
"transfert cassette camescope sur pc","EUR","50","0%","0%","High","100","0.003775732","0.007976241","vhs_legacy","high"
"transfert cassette dvd","EUR","50","0%","0%","Medium","48","0.004689183","0.013721664","vhs_legacy","high"
"transfert cassette en dvd","EUR","50","0%","0%","Medium","48","0.004689183","0.013721664","vhs_legacy","high"
"transfert cassette hi8","EUR","50","0%","0%","Low","29","0","0","vhs_legacy","high"
"transfert cassette minidv","EUR","50","0%","0%","High","100","0.003472552","0.008004277","vhs_legacy","high"
"transfert cassette sur usb","EUR","50","?","0%","High","100","0.002892598","0.007595799","vhs_legacy","high"
"transfert cassette vhs c","EUR","50","0%","0%","High","100","0","0","vhs_legacy","high"
"transfert cassette vhs c sur dvd","EUR","50","0%","0%","Unknown","","0","0","vhs_legacy","high"
"transfert cassette vhs sur cd","EUR","50","0%","0%","High","100","0.004715589","0.011826953","vhs_legacy","high"
"transfert cassette vhs sur pc","EUR","50","0%","0%","High","100","0.001892104","0.010808203","vhs_legacy","high"
"transfert cassette video","EUR","50","0%","0%","High","76","0","0","vhs_legacy","high"
"transfert cassette video 8mm sur dvd","EUR","50","0%","0%","Unknown","","0","0","vhs_legacy","high"
"transfert cassette video camescope sur pc","EUR","50","0%","0%","High","100","0.00337899","0.008945765","vhs_legacy","high"
"transfert cassette video sur cd","EUR","50","0%","0%","High","100","0.003546228","0.011020755","vhs_legacy","high"
"transfert cassette video vhs sur dvd","EUR","50","0%","0%","High","100","0","0","vhs_legacy","high"
"transfert cassette video vhs sur pc","EUR","50","?","?","High","100","0","0","vhs_legacy","high"
"transfert cassettes video","EUR","50","0%","0%","High","76","0","0","vhs_legacy","high"
"transfert de cassette","EUR","50","0%","0%","High","98","0.004271904","0.012415383","vhs_legacy","high"
"transfert de cassette camescope sur cd","EUR","50","?","0%","High","100","0","0","vhs_legacy","high"
"transfert de cassette sur cle usb","EUR","50","0%","?","High","100","0","0","vhs_legacy","high"
"transfert de cassette sur dvd","EUR","50","-100%","-100%","Unknown","","0","0","vhs_legacy","high"
"transfert de cassette video sur dvd","EUR","50","0%","0%","High","96","0","0","vhs_legacy","high"
"transfert de vhs en numerique","EUR","50","?","0%","High","100","0","0","vhs_legacy","high"
"transfert de video cassette sur dvd","EUR","50","0%","0%","High","96","0","0","vhs_legacy","high"
"transfert film 8mm sur dvd fnac","EUR","50","0%","0%","Unknown","","0","0","vhs_legacy","high"
"transfert film cassette sur dvd","EUR","50","0%","0%","High","88","0.003947208","0.014926234","vhs_legacy","high"
"transfert hi8 sur dvd","EUR","50","0%","0%","High","90","0.010138599","0.013518241","vhs_legacy","high"
"transfert hi8 sur pc","EUR","50","0%","0%","High","100","0.006012743","0.011760123","vhs_legacy","high"
"transfert hi8 vers numérique","EUR","50","0%","0%","High","100","0.005066039","0.011401197","vhs_legacy","high"
"transfert k7 vhs","EUR","50","0%","-100%","Unknown","","0","0","vhs_legacy","high"
"transfert k7 video sur cd","EUR","50","0%","0%","High","100","0.005182421","0.043314311","vhs_legacy","high"
"transfert mini dv sur disque dur","EUR","50","0%","0%","High","100","0.005069299","0.024193761","vhs_legacy","high"
"transfert mini dv sur dvd fnac","EUR","50","0%","-100%","Unknown","","0","0","vhs_legacy","high"
"transfert super 8 dvd","EUR","50","0%","0%","High","90","0.00418584","0.011897043","vhs_legacy","high"
"transfert vhs a dvd","EUR","50","0%","0%","Medium","43","0","0","vhs_legacy","high"
"transfert vhs c","EUR","50","0%","0%","High","100","0","0","vhs_legacy","high"
"transfert vhs c sur dvd","EUR","50","0%","-100%","Unknown","","0","0","vhs_legacy","high"
"transfert vhs dvd fnac","EUR","50","0%","0%","High","82","0.002485098","0.010364843","vhs_legacy","high"
"transfert vhs dvd prix","EUR","50","0%","0%","Medium","57","0","0","vhs_legacy","high"
"transfert vhs pc","EUR","500","900%","0%","High","100","0.001596096","0.009366305","vhs_legacy","high"
"transfert vhs sur cd","EUR","50","0%","0%","High","100","0.003715748","0.009784889","vhs_legacy","high"
"transfert vhs usb","EUR","50","900%","900%","High","100","0.003041906","0.010721813","vhs_legacy","high"
"transfert video 8mm sur dvd","EUR","50","0%","0%","Unknown","","0","0","vhs_legacy","high"
"transfert video vhs","EUR","50","0%","0%","High","100","0","0","vhs_legacy","high"
"transfert vidéo sur dvd","EUR","50","0%","0%","Medium","43","0","0","vhs_legacy","high"
"transformation cassette camescope en dvd","EUR","50","0%","0%","Unknown","","0","0","vhs_legacy","high"
"transformation cassette en usb","EUR","50","0%","0%","High","99","0.003896026","0.008973801","vhs_legacy","high"
"transformation cassette video en dvd","EUR","50","0%","?","High","71","0","0","vhs_legacy","high"
"transformation de cassette vhs en dvd","EUR","50","0%","?","High","100","0","0","vhs_legacy","high"
"transformer cassette 8mm en dvd","EUR","50","0%","0%","High","100","0","0","vhs_legacy","high"
"transformer cassette hi8 en dvd","EUR","50","?","?","High","100","0","0","vhs_legacy","high"
"transformer cassette vhs","EUR","50","-100%","-100%","Unknown","","0","0","vhs_legacy","high"
"transformer cassette vhs en cd","EUR","50","0%","0%","High","76","0","0","vhs_legacy","high"
"transformer cassette vhs en usb","EUR","50","0%","0%","High","100","0.003387792","0.009381627","vhs_legacy","high"
"transformer cassette video 8 en dvd","EUR","50","0%","?","High","100","0","0","vhs_legacy","high"
"transformer cassette video en dvd","EUR","50","0%","0%","High","83","0","0","vhs_legacy","high"
"transformer cassette video en numerique","EUR","50","0%","900%","High","100","0.003449732","0.010048949","vhs_legacy","high"
"transformer cassettes en dvd","EUR","50","0%","0%","High","75","0","0","vhs_legacy","high"
"transformer cassettes vhs en dvd","EUR","50","0%","?","High","100","0","0","vhs_legacy","high"
"transformer des cassettes en dvd","EUR","500","0%","-90%","High","92","0.004023492","0.010813419","vhs_legacy","high"
"transformer des cassettes video en dvd","EUR","50","0%","0%","High","98","0.004821865","0.013010659","vhs_legacy","high"
"transformer des super 8 en dvd","EUR","50","0%","0%","High","100","0.004862941","0.011439013","vhs_legacy","high"
"transformer des vhs en dvd","EUR","500","0%","0%","High","100","0.003474508","0.009035741","vhs_legacy","high"
"transformer hi8 en numerique","EUR","50","0%","0%","High","100","0.004540854","0.014807244","vhs_legacy","high"
"transformer k7 video en dvd","EUR","50","0%","0%","High","100","0.003438974","0.014937644","vhs_legacy","high"
"transformer les cassettes de camescope en dvd","EUR","50","0%","?","High","100","0.00309211","0.011826301","vhs_legacy","high"
"transformer les cassettes en dvd","EUR","500","0%","-90%","High","92","0.004023492","0.010813419","vhs_legacy","high"
"transformer mini dv en numerique","EUR","50","0%","0%","Unknown","","0","0","vhs_legacy","high"
"transformer ses cassettes vhs en dvd","EUR","50","0%","0%","High","100","0.002153882","0.006970531","vhs_legacy","high"
"transformer ses vhs en dvd","EUR","50","0%","0%","High","100","0","0","vhs_legacy","high"
"transformer une cassette vhs en cd","EUR","50","0%","0%","High","100","0","0","vhs_legacy","high"
"transformer une cassette video en cd","EUR","50","0%","0%","High","100","0.002584202","0.005680549","vhs_legacy","high"
"transformer une cassette video en dvd","EUR","50","0%","0%","High","98","0.004821865","0.013010659","vhs_legacy","high"
"transformer une cassette video vhs en dvd","EUR","50","0%","0%","High","68","0","0","vhs_legacy","high"
"transformer vhs en clé usb","EUR","50","0%","0%","High","100","0.00295682","0.016208066","vhs_legacy","high"
"transformer video vhs en numerique","EUR","50","0%","0%","High","100","0","0","vhs_legacy","high"
"transférer des cassettes camescope en dvd","EUR","50","0%","0%","Unknown","","0","0","vhs_legacy","high"
"transférer vhs sur clé usb","EUR","500","0%","0%","High","100","0.003588934","0.009866389","vhs_legacy","high"
"télécharger montage vidéo avec photo et musique","EUR","50","0%","0%","Unknown","","0","0","direct_service","high"
"télécharger montage vidéo avec photo et musique gratuit","EUR","50","0%","0%","Unknown","","0","0","direct_service","high"
"télécharger montage vidéo avec photo et musique pour pc","EUR","50","0%","-100%","Unknown","","0","0","direct_service","high"
"vhs numeriser","EUR","50","0%","0%","High","100","0.004187144","0.009164185","vhs_legacy","high"
"vhs sur disque dur","EUR","50","0%","0%","High","96","0.002792842","0.010415699","vhs_legacy","high"
"vhs transfert dvd","EUR","500","0%","0%","High","100","0.004274186","0.011944639","vhs_legacy","high"
"vhs transfert pc","EUR","0","0%","0%","Unknown","","0","0","vhs_legacy","high"
"video avec photo et musique gratuit","EUR","50","0%","0%","Unknown","","0","0","direct_service","high"
"video avec photo pour anniversaire","EUR","50","0%","0%","Medium","43","0.001150454","0.007237199","direct_service","high"
"video avec photos et musique","EUR","50","0%","0%","Medium","52","0.001404408","0.009312841","direct_service","high"
"video de photo avec musique gratuit","EUR","50","0%","0%","Unknown","","0","0","direct_service","high"
"video diaporama anniversaire","EUR","50","0%","0%","Low","29","0","0","direct_service","high"
"video montage mariage","EUR","500","-90%","-90%","Medium","50","0.005211761","0.014223378","direct_service","high"
"video montage mariage original","EUR","50","?","0%","Low","0","0","0","direct_service","high"
"video montage photo anniversaire","EUR","50","0%","0%","Medium","51","0.00423963","0.011937467","direct_service","high"
"video montage photo mariage","EUR","50","0%","0%","Medium","57","0","0","direct_service","high"
"video montage pour mariage","EUR","500","-90%","-90%","Medium","50","0.005211761","0.014223378","direct_service","high"
"video surprise pour mariage","EUR","50","0%","0%","Low","11","0","0","life_events","medium"
"vidéo mariage montage","EUR","50","0%","0%","Medium","36","0","0","life_events","medium"
"vidéo montage mariage","EUR","500","-90%","-90%","Medium","50","0.005211761","0.014223378","direct_service","high"
"vidéo surprise invités mariage","EUR","50","0%","?","Low","0","0","0","life_events","medium"
"vidéo surprise mariage original","EUR","50","-100%","-100%","Unknown","","0","0","life_events","medium"
"youtube diaporama anniversaire","EUR","50","0%","?","Low","0","0","0","direct_service","high"
"film souvenir personnalisé","EUR",""," --"," --","Unknown","","0","0","direct_service","high"
"montage vidéo avec photos et musique","EUR",""," --"," --","Unknown","","0","0","direct_service","high"
"cadeau retraite","EUR","5000","0%","0%","High","100","0.00122413","0.004936943","gift_retirement","high"
"cadeau retraite homme","EUR","5000","0%","0%","High","100","0.001100576","0.004406542","gift_retirement","high"
"cadeau retraite femme","EUR","5000","0%","0%","High","100","0.001239126","0.006248441","gift_retirement","high"
"cadeau depart retraite","EUR","5000","0%","0%","High","100","0.001367896","0.005676637","gift_retirement","high"
"idée cadeau retraite homme","EUR","500","900%","0%","High","100","0.000896826","0.004794155","gift_retirement","high"
"idée cadeau retraite femme","EUR","500","0%","0%","High","100","0.001193812","0.005601657","gift_retirement","high"
"cadeau de retraite","EUR","500","0%","0%","High","100","0.001397236","0.005896687","gift_retirement","high"
"idée cadeau retraite","EUR","5000","900%","0%","High","100","0.00135453","0.005421053","gift_retirement","high"
"idée cadeau retraite original","EUR","500","0%","0%","High","100","0.000926818","0.004377854","gift_retirement","high"
"idee cadeau depart a la retraite","EUR","500","0%","0%","High","100","0.001191204","0.004825777","gift_retirement","high"
"cadeau de départ","EUR","500","0%","0%","High","91","0.001270096","0.003979156","gift_other","medium"
"cadeau pour retraite","EUR","5000","0%","0%","High","100","0.00122413","0.004936943","gift_retirement","high"
"box retraite","EUR","50","900%","0%","High","100","0.003699448","0.020749246","gift_retirement","high"
"cadeau retraite personnalisé","EUR","500","0%","0%","High","100","0.001862438","0.005503205","gift_retirement","high"
"cadeau de retraite original","EUR","50","0%","0%","High","97","0","0","gift_retirement","high"
"idée cadeau retraite collègue","EUR","50","0%","-90%","High","100","0.00109373","0.008869807","gift_retirement","high"
"cadeau de retraite femme","EUR","500","0%","0%","High","100","0.0014833","0.006675827","gift_retirement","high"
"cadeau départ retraite femme","EUR","500","0%","0%","High","100","0.001255752","0.006941517","gift_retirement","high"
"cadeau depart","EUR","500","0%","0%","High","100","0.001226738","0.004723739","gift_other","medium"
"cadeau homme retraite","EUR","5000","0%","0%","High","100","0.001100576","0.004406542","gift_retirement","high"
"cadeau départ en retraite","EUR","500","0%","0%","High","100","0.001336274","0.005164491","gift_retirement","high"
"cadeau départ retraite homme","EUR","500","0%","0%","High","100","0.001293568","0.005109397","gift_retirement","high"
"cadeau pour retraité homme","EUR","5000","0%","0%","High","100","0.001100576","0.004406542","gift_retirement","high"
"coffret cadeau retraite femme","EUR","500","-90%","-90%","High","100","0.001506446","0.010873077","gift_retirement","high"
"cadeau pour retraite femme","EUR","5000","0%","0%","High","100","0.001239126","0.006248441","gift_retirement","high"
"cadeau pour la retraite","EUR","5000","0%","0%","High","100","0.00122413","0.004936943","gift_retirement","high"
"cadeau de départ personnalisé","EUR","50","0%","0%","High","97","0.001871566","0.008064913","gift_personalized","high"
"idee cadeau depart","EUR","500","0%","-90%","High","100","0.00110188","0.004676143","gift_other","medium"
"cadeau de retraite pour homme","EUR","500","0%","0%","High","100","0.0010432","0.004063916","gift_retirement","high"
"cadeau retraite femme original","EUR","500","0%","0%","High","100","0.000926492","0.004662125","gift_retirement","high"
"idée cadeau départ retraite","EUR","500","0%","0%","High","100","0.001403104","0.006857735","gift_retirement","high"
"cadeau départ entreprise","EUR","50","0%","0%","High","100","0.002093246","0.010949361","gift_other","medium"
"carte cadeau retraite","EUR","500","0%","0%","High","100","0.004545418","0.015108468","gift_retirement","high"
"cadeau femme retraite","EUR","5000","0%","0%","High","100","0.001239126","0.006248441","gift_retirement","high"
"cadeau de retraite pour femme","EUR","500","0%","0%","High","100","0.0014833","0.006675827","gift_retirement","high"
"idée cadeau de départ","EUR","500","0%","-90%","High","100","0.001073192","0.004878589","gift_other","medium"
"cadeau retraite maman","EUR","50","0%","0%","High","97","0.001360398","0.006766781","gift_mothers","high"
"coffret cadeau retraite homme","EUR","50","0%","-90%","High","100","0.001678248","0.008743319","gift_retirement","high"
"cadeau pour depart retraite","EUR","5000","0%","0%","High","100","0.001367896","0.005676637","gift_retirement","high"
"cadeau départ à la retraite","EUR","5000","0%","0%","High","100","0.001367896","0.005676637","gift_retirement","high"
"retraite cadeau","EUR","5000","0%","0%","High","100","0.00122413","0.004936943","gift_retirement","high"
"idée cadeau départ retraite femme","EUR","500","0%","0%","High","100","0.001153388","0.005703695","gift_retirement","high"
"smartbox retraite","EUR","50","900%","900%","High","100","0.002191372","0.014856144","gift_retirement","high"
"wonderbox retraite","EUR","500","900%","0%","High","100","0.0021027","0.007492457","gift_retirement","high"
"cadeau de retraite homme","EUR","500","0%","0%","High","100","0.0010432","0.004063916","gift_retirement","high"
"idée cadeau départ retraite collègue femme","EUR","500","0%","0%","High","100","0.001069606","0.008072411","gift_retirement","high"
"cadeau personnalisé retraite homme","EUR","50","0%","0%","High","100","0.002156164","0.006871101","gift_retirement","high"
"idée cadeau départ en retraite","EUR","500","0%","0%","High","100","0.00143929","0.006409811","gift_retirement","high"
"cadeau personnalisé retraite femme","EUR","50","0%","0%","High","100","0.002005552","0.006032303","gift_retirement","high"
"cadeau personnalisé retraite","EUR","500","0%","0%","High","100","0.001862438","0.005503205","gift_retirement","high"
"box cadeau retraite","EUR","50","900%","900%","High","100","0.003756172","0.011838689","gift_retirement","high"
"cadeau pour une retraite","EUR","5000","0%","0%","High","100","0.00122413","0.004936943","gift_retirement","high"
"cadeau retraite homme humour","EUR","50","0%","-90%","High","100","0.00108232","0.00356807","gift_retirement","high"
"idee cadeau depart retraite","EUR","500","0%","0%","High","100","0.00143929","0.006409811","gift_retirement","high"
"cadeau retraite maitresse","EUR","50","0%","0%","High","100","0.00152405","0.003301728","gift_retirement","high"
"cadeau original pour retraite homme","EUR","500","0%","0%","High","99","0.001185336","0.004581929","gift_retirement","high"
"cadeau maîtresse retraite","EUR","50","0%","0%","High","100","0.001496014","0.005497663","gift_retirement","high"
"cadeau depart a la retraite","EUR","500","0%","0%","High","100","0.001537742","0.004868157","gift_retirement","high"
"cadeau pour un retraité","EUR","5000","0%","0%","High","100","0.00122413","0.004936943","gift_retirement","high"
"cadeau pour un retraité homme","EUR","50","0%","-90%","High","100","0.000696336","0.005207523","gift_retirement","high"
"idée cadeau départ retraite homme","EUR","50","900%","0%","High","100","0.001069606","0.005347703","gift_retirement","high"
"idée cadeau homme retraite","EUR","500","900%","0%","High","100","0.000896826","0.004794155","gift_retirement","high"
"cadeau de départ entreprise","EUR","50","0%","0%","High","100","0","0","gift_other","medium"
"cadeau départ en retraite homme","EUR","50","0%","-90%","High","100","0.001366592","0.004141504","gift_retirement","high"
"idée cadeau pour retraite femme","EUR","500","0%","0%","High","100","0.001193812","0.005601657","gift_retirement","high"
"cadeau pour un depart a la retraite","EUR","500","0%","0%","High","100","0.001537742","0.004868157","gift_retirement","high"
"cadeau départ en retraite femme","EUR","500","900%","900%","High","100","0.001578492","0.007256759","gift_retirement","high"
"idée cadeau femme retraite","EUR","50","900%","0%","High","100","0.001183706","0.006300601","gift_retirement","high"
"cadeau pour la retraite homme","EUR","5000","0%","0%","High","100","0.001100576","0.004406542","gift_retirement","high"
"cadeau jeune retraité","EUR","50","900%","0%","High","100","0.001384522","0.005830835","gift_retirement","high"
"box retraite femme","EUR","50","0%","0%","High","100","0.002420224","0.010143163","gift_retirement","high"
"idee cadeau couple retraite","EUR","50","900%","0%","High","100","0.00143929","0.006641271","gift_retirement","high"
"cadeau original retraite","EUR","500","0%","0%","High","100","0.00147841","0.004910537","gift_retirement","high"
"cadeau pour une retraite femme","EUR","5000","0%","0%","High","100","0.001239126","0.006248441","gift_retirement","high"
"coffret cadeau retraite","EUR","50","0%","0%","High","100","0.002461626","0.010938929","gift_retirement","high"
"idée cadeau départ entreprise","EUR","50","0%","0%","High","100","0.001167406","0.010551967","gift_other","medium"
"idée cadeau pour couple retraité","EUR","50","900%","0%","High","100","0.00143929","0.006641271","gift_retirement","high"
"cadeau retraite humour","EUR","500","900%","0%","High","100","0.001413862","0.003894396","gift_retirement","high"
"cadeau pension","EUR","50","-100%","0%","Unknown","","0","0","gift_retirement","high"
"cadeau pour la retraite femme","EUR","5000","0%","0%","High","100","0.001239126","0.006248441","gift_retirement","high"
"cadeau de depart retraite","EUR","500","-90%","-90%","High","100","0.001352248","0.007856599","gift_retirement","high"
"cadeau pour départ en retraite","EUR","5000","0%","0%","High","100","0.001367896","0.005676637","gift_retirement","high"
"cadeau pour jeune retraité","EUR","50","900%","0%","High","100","0.001384522","0.005830835","gift_retirement","high"
"idée cadeau pour retraite homme","EUR","500","900%","0%","High","100","0.000896826","0.004794155","gift_retirement","high"
"cadeau retraite nounou","EUR","50","0%","0%","High","100","0.001972952","0.004487716","gift_retirement","high"
"cadeau pour depart a la retraite","EUR","500","0%","0%","High","100","0.001537742","0.004868157","gift_retirement","high"
"cadeau de départ en retraite","EUR","500","-90%","-90%","High","100","0.001352248","0.007856599","gift_retirement","high"
"cadeau bonne retraite","EUR","50","0%","0%","High","100","0.001849398","0.006211603","gift_retirement","high"
"depart retraite cadeau","EUR","50","0%","0%","High","100","0.00156806","0.006413723","gift_retirement","high"
"cadeau original retraite homme","EUR","500","0%","0%","High","99","0.001185336","0.004581929","gift_retirement","high"
"quoi offrir pour un depart a la retraite","EUR","50","0%","0%","High","100","0","0","gift_retirement","high"
"cadeau rigolo retraite","EUR","50","0%","0%","High","100","0.001146216","0.003963834","gift_retirement","high"
"cadeau couple retraité","EUR","50","900%","0%","High","100","0.00164304","0.006960751","gift_retirement","high"
"cadeau depart a la retraite homme","EUR","50","0%","0%","High","100","0.00119805","0.004385678","gift_retirement","high"
"cadeau original retraite femme","EUR","50","0%","0%","High","100","0.000931382","0.009756853","gift_retirement","high"
"idee cadeau pour retraite","EUR","5000","900%","0%","High","100","0.00135453","0.005421053","gift_retirement","high"
"idée cadeau pour une retraite femme","EUR","50","0%","0%","High","100","0.001608484","0.007788791","gift_retirement","high"
"cadeau atsem retraite","EUR","50","0%","0%","High","100","0.00138224","0.005164491","gift_retirement","high"
"cadeau pour couple retraité","EUR","50","0%","-90%","High","100","0.001274334","0.005304345","gift_retirement","high"
"idee cadeau pour depart en retraite","EUR","500","0%","0%","High","100","0.001403104","0.006857735","gift_retirement","high"
"cadeau départ employé","EUR","50","0%","0%","High","100","0","0","gift_other","medium"
"cadeau original depart retraite","EUR","50","0%","0%","High","100","0","0","gift_retirement","high"
"retraite cadeau original","EUR","500","0%","0%","High","100","0.00147841","0.004910537","gift_retirement","high"
"cadeau retraite couple","EUR","50","0%","0%","High","100","0.002181266","0.008511207","gift_retirement","high"
"cadeau patron départ","EUR","50","-100%","-100%","Unknown","","0","0","gift_other","medium"
"cadeau retraite collegue","EUR","50","0%","0%","High","100","0.001151758","0.003703034","gift_retirement","high"
"depart en retraite cadeau","EUR","50","0%","0%","High","100","0.00139528","0.004153566","gift_retirement","high"
"quoi offrir pour une retraite","EUR","50","0%","0%","High","100","0","0","gift_retirement","high"
"amazon cadeau retraite","EUR","50","0%","0%","High","89","0","0","gift_retirement","high"
"boite cadeau retraite","EUR","50","0%","0%","High","97","0","0","gift_retirement","high"
"bon cadeau retraite","EUR","50","0%","0%","High","100","0","0","gift_retirement","high"
"bonne retraite cadeau","EUR","50","0%","0%","High","95","0.001588272","0.003047774","gift_retirement","high"
"box pour retraité","EUR","50","0%","0%","High","100","0.00302691","0.010322463","gift_retirement","high"
"box retraite homme","EUR","50","0%","0%","High","100","0.002017614","0.008354075","gift_retirement","high"
"cadeau collegue retraite","EUR","50","0%","0%","High","100","0.00094703","0.004813389","gift_retirement","high"
"cadeau de depart a la retraite","EUR","50","0%","0%","High","100","0.000985498","0.0042543","gift_retirement","high"
"cadeau de depart en retraite homme","EUR","50","0%","0%","High","100","0.000867812","0.009116589","gift_retirement","high"
"cadeau de depart homme","EUR","50","0%","0%","High","100","0.001477432","0.003772146","gift_other","medium"
"cadeau de depart original","EUR","50","0%","0%","High","100","0","0","gift_other","medium"
"cadeau de départ en retraite femme","EUR","50","0%","0%","High","100","0","0","gift_retirement","high"
"cadeau de départ en retraite pour femme","EUR","50","?","0%","High","100","0","0","gift_retirement","high"
"cadeau de départ en retraite pour homme","EUR","50","0%","0%","High","100","0.000867812","0.009116589","gift_retirement","high"
"cadeau de départ pour un collègue","EUR","500","0%","0%","High","100","0.001245972","0.003959596","gift_retirement","high"
"cadeau de départ à la retraite","EUR","500","-90%","-90%","High","100","0.001352248","0.007856599","gift_retirement","high"
"cadeau de noel pour retraité","EUR","50","0%","0%","High","100","0.000996256","0.004910537","gift_retirement","high"
"cadeau de retraite maman","EUR","50","0%","0%","High","100","0","0","gift_mothers","high"
"cadeau de retraite papa","EUR","50","0%","0%","High","100","0","0","gift_fathers","high"
"cadeau de retraite pour un homme","EUR","50","0%","0%","High","100","0","0","gift_retirement","high"
"cadeau depart a la retraite femme","EUR","50","0%","0%","High","100","0.001576862","0.003548184","gift_retirement","high"
"cadeau depart en retraite original","EUR","50","0%","-100%","Unknown","","0","0","gift_retirement","high"
"cadeau depart homme","EUR","50","0%","0%","High","100","0","0","gift_other","medium"
"cadeau depart retraite collegue","EUR","50","900%","900%","High","100","0.001198376","0.003814526","gift_retirement","high"
"cadeau depart retraite homme humoristique","EUR","50","?","?","High","100","0.001048742","0.002376866","gift_retirement","high"
"cadeau depart retraite humour","EUR","50","0%","0%","High","100","0","0","gift_retirement","high"
"cadeau depart retraite institutrice","EUR","50","0%","0%","High","100","0","0","gift_retirement","high"
"cadeau depart retraite maitresse","EUR","50","0%","0%","High","100","0.00176366","0.00310189","gift_retirement","high"
"cadeau depart retraite medecin","EUR","50","0%","0%","High","99","0.00029503","0.003577198","gift_retirement","high"
"cadeau depart retraite nounou","EUR","50","0%","0%","High","100","0","0","gift_retirement","high"
"cadeau depart retraite patron","EUR","50","0%","0%","High","100","0","0","gift_retirement","high"
"cadeau drole retraite","EUR","50","0%","0%","High","100","0.001406364","0.003662936","gift_retirement","high"
"cadeau départ en retraite collègue","EUR","50","0%","0%","High","100","0","0","gift_retirement","high"
"cadeau départ en retraite maitresse","EUR","50","0%","0%","High","100","0","0","gift_retirement","high"
"cadeau départ retraite atsem","EUR","50","0%","0%","High","100","0.003132534","0.007667519","gift_retirement","high"
"cadeau départ retraite d une collègue","EUR","50","0%","-100%","Unknown","","0","0","gift_retirement","high"
"cadeau départ retraite enseignant","EUR","50","?","0%","High","100","0","0","gift_retirement","high"
"cadeau départ retraite médecin généraliste","EUR","50","0%","0%","High","100","0.0010269","0.004910537","gift_retirement","high"
"cadeau départ salarié","EUR","50","0%","0%","High","96","0.007656435","0.05120351","gift_other","medium"
"cadeau départ à la retraite femme","EUR","500","0%","0%","High","100","0.001255752","0.006941517","gift_retirement","high"
"cadeau départ à la retraite homme","EUR","500","0%","0%","High","100","0.001293568","0.005109397","gift_retirement","high"
"cadeau ehpad","EUR","50","0%","0%","High","100","0.001687376","0.003586","gift_retirement","high"
"cadeau femme depart retraite","EUR","50","0%","0%","High","100","0.001572298","0.006434261","gift_retirement","high"
"cadeau femme retraitee","EUR","5000","0%","0%","High","100","0.001239126","0.006248441","gift_other","medium"
"cadeau fete des meres ehpad","EUR","50","0%","0%","Unknown","","0","0","gift_mothers","high"
"cadeau futur retraité","EUR","50","900%","0%","High","100","0.001169688","0.004065872","gift_retirement","high"
"cadeau homme a la retraite","EUR","50","0%","0%","High","100","0.00048737","0.001906448","gift_retirement","high"
"cadeau homme depart retraite","EUR","500","0%","0%","High","100","0.001293568","0.005109397","gift_retirement","high"
"cadeau humoristique retraite","EUR","50","0%","0%","High","100","0.001183706","0.00270906","gift_retirement","high"
"cadeau humoristique retraite homme","EUR","50","0%","0%","High","100","0.00143929","0.002682654","gift_retirement","high"
"cadeau humour retraite","EUR","500","900%","0%","High","100","0.001413862","0.003894396","gift_retirement","high"
"cadeau humour retraite homme","EUR","50","0%","0%","High","100","0","0","gift_retirement","high"
"cadeau insolite retraite","EUR","50","0%","0%","High","100","0","0","gift_retirement","high"
"cadeau maison de retraite","EUR","50","0%","0%","High","100","0.000783704","0.00270906","gift_retirement","high"
"cadeau maitresse depart en retraite","EUR","50","-100%","-100%","Unknown","","0","0","gift_retirement","high"
"cadeau maitresse depart retraite","EUR","50","0%","0%","High","100","0","0","gift_retirement","high"
"cadeau médecin généraliste retraite","EUR","50","0%","0%","High","90","0","0","gift_retirement","high"
"cadeau médecin retraite","EUR","50","0%","-90%","High","99","0.001015816","0.00385332","gift_retirement","high"
"cadeau noel ehpad","EUR","50","0%","0%","High","82","0","0","gift_retirement","high"
"cadeau noel maison de retraite","EUR","50","0%","0%","High","100","0","0","gift_retirement","high"
"cadeau noel pour retraité","EUR","50","0%","0%","High","100","0.000688186","0.003303684","gift_retirement","high"
"cadeau noel residents ehpad","EUR","50","0%","0%","High","91","0","0","gift_retirement","high"
"cadeau noel retraite","EUR","50","900%","0%","High","99","0.00086879","0.005092445","gift_retirement","high"
"cadeau nounou retraite","EUR","50","0%","0%","High","100","0.002050214","0.003979156","gift_retirement","high"
"cadeau nouveau retraité","EUR","50","0%","0%","High","100","0.001672054","0.008028075","gift_retirement","high"
"cadeau original depart en retraite","EUR","50","0%","0%","High","100","0","0","gift_retirement","high"
"cadeau original départ en retraite femme","EUR","50","0%","0%","High","100","0","0","gift_retirement","high"
"cadeau original départ retraite femme","EUR","50","0%","0%","High","100","0","0","gift_retirement","high"
"cadeau original départ retraite homme","EUR","50","0%","0%","High","100","0.001187292","0.004179646","gift_retirement","high"
"cadeau original pour depart en retraite","EUR","50","0%","0%","High","100","0","0","gift_retirement","high"
"cadeau original pour depart retraite femme","EUR","50","0%","0%","High","100","0","0","gift_retirement","high"
"cadeau original pour départ retraite femme","EUR","50","0%","0%","High","100","0","0","gift_retirement","high"
"cadeau original pour retraite","EUR","500","0%","0%","High","100","0.00147841","0.004910537","gift_retirement","high"
"cadeau papa retraite","EUR","50","0%","0%","High","100","0.001843204","0.006746569","gift_fathers","high"
"cadeau pension femme","EUR","50","-100%","0%","Unknown","","0","0","gift_retirement","high"
"cadeau pension homme","EUR","50","-100%","-100%","Unknown","","0","0","gift_retirement","high"
"cadeau personnalisé départ retraite","EUR","50","-100%","-100%","Unknown","","0","0","gift_retirement","high"
"cadeau personnel ehpad","EUR","50","0%","0%","High","96","0","0","gift_retirement","high"
"cadeau pot de départ retraite","EUR","50","0%","0%","High","100","0","0","gift_retirement","high"
"cadeau pour depart","EUR","500","0%","0%","High","100","0.001226738","0.004723739","gift_other","medium"
"cadeau pour depart a la retraite femme","EUR","50","0%","0%","High","100","0.001843856","0.007948205","gift_retirement","high"
"cadeau pour depart a la retraite homme","EUR","50","0%","0%","High","100","0","0","gift_retirement","high"
"cadeau pour depart en retraite femme","EUR","500","0%","0%","High","100","0.001255752","0.006941517","gift_retirement","high"
"cadeau pour depart en retraite homme","EUR","500","0%","0%","High","100","0.001293568","0.005109397","gift_retirement","high"
"cadeau pour depart retraite femme","EUR","500","0%","0%","High","100","0.001255752","0.006941517","gift_retirement","high"
"cadeau pour depart retraite homme","EUR","50","0%","0%","High","100","0.002067818","0.004196924","gift_retirement","high"
"cadeau pour départ à la retraite","EUR","5000","0%","0%","High","100","0.001367896","0.005676637","gift_retirement","high"
"cadeau pour départ à la retraite homme","EUR","50","0%","0%","High","100","0","0","gift_retirement","high"
"cadeau pour femme retraitée","EUR","50","0%","0%","High","100","0.00118175","0.004810781","gift_other","medium"
"cadeau pour futur retraité","EUR","50","0%","0%","High","100","0.001084276","0.00400328","gift_retirement","high"
"cadeau pour grand mere en maison de retraite","EUR","50","0%","0%","High","100","0.0010106","0.002828376","gift_mothers","high"
"cadeau pour homme retraite","EUR","5000","0%","0%","High","100","0.001100576","0.004406542","gift_retirement","high"
"cadeau pour mamie en maison de retraite","EUR","50","0%","0%","High","100","0.001159908","0.002975402","gift_grandparents","high"
"cadeau pour medecin a la retraite","EUR","50","0%","0%","High","100","0.001015816","0.008284311","gift_retirement","high"
"cadeau pour nouveau retraité","EUR","50","0%","0%","High","100","0.003935798","0.012098511","gift_retirement","high"
"cadeau pour personne en maison de retraite","EUR","50","0%","0%","High","100","0.00075306","0.002707756","gift_retirement","high"
"cadeau pour personnel maison de retraite","EUR","50","0%","0%","High","69","0","0","gift_retirement","high"
"cadeau pour retraite docteur","EUR","50","-100%","0%","Unknown","","0","0","gift_retirement","high"
"cadeau pour retraite papa","EUR","50","0%","0%","High","95","0","0","gift_fathers","high"
"cadeau pour retraité femme","EUR","5000","0%","0%","High","100","0.001239126","0.006248441","gift_retirement","high"
"cadeau pour un depart","EUR","500","0%","0%","High","100","0.001226738","0.004723739","gift_other","medium"
"cadeau pour un depart en retraite","EUR","5000","0%","0%","High","100","0.001367896","0.005676637","gift_retirement","high"
"cadeau pour un départ en retraite femme","EUR","500","0%","0%","High","100","0.001255752","0.006941517","gift_retirement","high"
"cadeau pour un départ à la retraite","EUR","5000","0%","0%","High","100","0.001367896","0.005676637","gift_retirement","high"
"cadeau pour un jeune retraité","EUR","50","0%","0%","High","100","0.00074654","0.003357474","gift_retirement","high"
"cadeau pour un medecin qui part en retraite","EUR","50","0%","0%","High","100","0.00128607","0.003386488","gift_retirement","high"
"cadeau pour une maitresse qui part en retraite","EUR","50","0%","0%","High","100","0","0","gift_retirement","high"
"cadeau pour une retraite homme","EUR","50","0%","0%","High","100","0","0","gift_retirement","high"
"cadeau préretraite","EUR","50","0%","0%","High","100","0.001101228","0.003849734","gift_other","medium"
"cadeau resident ehpad","EUR","50","0%","0%","Low","13","0","0","gift_retirement","high"
"cadeau retraite atsem","EUR","50","0%","0%","High","100","0.00138224","0.005164491","gift_retirement","high"
"cadeau retraite collègue","EUR","50","0%","0%","High","100","0.001151758","0.003703034","gift_retirement","high"
"cadeau retraite diy","EUR","50","0%","0%","High","100","0","0","gift_retirement","high"
"cadeau retraite femme amazon","EUR","50","0%","0%","High","99","0.000765774","0.003154702","gift_retirement","high"
"cadeau retraite homme amazon","EUR","50","0%","0%","High","100","0.000761862","0.002581594","gift_retirement","high"
"cadeau retraite homme original","EUR","500","0%","0%","High","99","0.001185336","0.004581929","gift_retirement","high"
"cadeau retraite homme sportif","EUR","50","0%","0%","High","100","0.000498128","0.003112974","gift_retirement","high"
"cadeau retraite humoristique","EUR","50","0%","0%","High","100","0","0","gift_retirement","high"
"cadeau retraite institutrice","EUR","50","-100%","0%","Unknown","","0","0","gift_retirement","high"
"cadeau retraite medecin","EUR","50","0%","-90%","High","99","0.001015816","0.00385332","gift_retirement","high"
"cadeau retraite original","EUR","500","0%","0%","High","100","0.00147841","0.004910537","gift_retirement","high"
"cadeau retraite papa","EUR","50","0%","0%","High","100","0.001555672","0.004531074","gift_fathers","high"
"cadeau retraite parents","EUR","50","0%","0%","High","100","0","0","gift_retirement","high"
"cadeau retraite patron","EUR","50","0%","0%","High","100","0","0","gift_retirement","high"
"cadeau retraite rigolo","EUR","50","0%","0%","High","100","0.001146216","0.003963834","gift_retirement","high"
"cadeau retraite voyage","EUR","50","0%","0%","High","100","0","0","gift_retirement","high"
"cadeau retraites","EUR","5000","0%","0%","High","100","0.00122413","0.004936943","gift_other","medium"
"cadeau rigolo pour depart en retraite","EUR","50","0%","0%","High","100","0","0","gift_retirement","high"
"cadeau rigolo pour retraite","EUR","50","0%","0%","High","100","0.001146216","0.003963834","gift_retirement","high"
"cadeau senior ehpad","EUR","50","0%","0%","High","100","0.001100576","0.003703686","gift_retirement","high"
"cadeaux de retraite pour homme","EUR","500","0%","0%","High","100","0.0010432","0.004063916","gift_retirement","high"
"cadeaux personnes agées maison retraite","EUR","50","0%","0%","High","100","0.00111492","0.004487064","gift_retirement","high"
"cadeaux pour une retraite","EUR","5000","0%","0%","High","100","0.00122413","0.004936943","gift_retirement","high"
"cadeaux résidents ehpad","EUR","50","0%","0%","Low","18","0","0","gift_retirement","high"
"cadeaux seniors maison de retraite","EUR","50","0%","0%","High","100","0.001276616","0.011203641","gift_retirement","high"
"cheque cadeau retraite","EUR","50","0%","0%","High","94","0.005785195","0.033087366","gift_retirement","high"
"coffret cadeau depart retraite","EUR","50","0%","0%","High","99","0.00154035","0.010645529","gift_retirement","high"
"coffret cadeau ehpad","EUR","50","0%","0%","High","100","0.001973278","0.014721832","gift_retirement","high"
"coffret cadeau homme retraite","EUR","50","0%","0%","High","100","0","0","gift_retirement","high"
"coffret retraite","EUR","50","0%","0%","High","100","0.001585012","0.006804597","gift_retirement","high"
"depart a la retraite cadeau","EUR","500","0%","0%","High","100","0.001537742","0.004868157","gift_retirement","high"
"depart en retraite idee","EUR","50","-100%","-100%","Unknown","","0","0","gift_retirement","high"
"départ en retraite original","EUR","50","0%","0%","High","100","0","0","gift_retirement","high"
"départ à la retraite cadeau","EUR","5000","0%","0%","High","100","0.001367896","0.005676637","gift_retirement","high"
"idee cadeau de retraite","EUR","50","0%","0%","High","100","0.000993322","0.003403114","gift_retirement","high"
"idee cadeau de résident ehpad","EUR","50","0%","0%","Unknown","","0","0","gift_retirement","high"
"idee cadeau depart a la retraite homme","EUR","50","0%","0%","High","100","0","0","gift_retirement","high"
"idee cadeau depart en retraite","EUR","500","0%","0%","High","100","0.001403104","0.006857735","gift_retirement","high"
"idee cadeau depart en retraite homme","EUR","50","0%","0%","High","100","0","0","gift_retirement","high"
"idee cadeau depart retraite atsem","EUR","50","0%","0%","High","100","0","0","gift_retirement","high"
"idee cadeau depart retraite collegue homme","EUR","50","0%","0%","High","100","0","0","gift_retirement","high"
"idee cadeau depart retraite femme","EUR","50","0%","0%","High","100","0.001122418","0.005971015","gift_retirement","high"
"idee cadeau depart retraite homme","EUR","50","0%","0%","High","100","0.001385826","0.0044988","gift_retirement","high"
"idee cadeau départ","EUR","500","0%","-90%","High","100","0.00110188","0.004676143","gift_other","medium"
"idee cadeau départ à la retraite","EUR","500","0%","0%","High","100","0.001403104","0.006857735","gift_retirement","high"
"idee cadeau femme depart retraite","EUR","500","0%","0%","High","100","0.001153388","0.005703695","gift_retirement","high"
"idee cadeau homme a la retraite","EUR","50","0%","0%","High","100","0.001093404","0.0028525","gift_retirement","high"
"idee cadeau homme depart retraite","EUR","50","900%","0%","High","100","0.001069606","0.005347703","gift_retirement","high"
"idee cadeau jeune retraité","EUR","50","900%","0%","High","100","0.001473194","0.005744445","gift_retirement","high"
"idee cadeau maitresse depart retraite","EUR","50","0%","0%","High","100","0","0","gift_retirement","high"
"idee cadeau maitresse retraite","EUR","50","0%","0%","High","100","0","0","gift_retirement","high"
"idee cadeau noel couple retraite","EUR","50","0%","0%","High","100","0.001929594","0.005249251","gift_retirement","high"
"idee cadeau noel retraité","EUR","50","0%","-90%","High","100","0.001185662","0.004876959","gift_retirement","high"
"idee cadeau papa retraite","EUR","50","0%","0%","High","100","0.001050046","0.006929781","gift_fathers","high"
"idee cadeau parents retraites","EUR","50","0%","0%","High","100","0.001836684","0.007386833","gift_other","medium"
"idee cadeau pour depart a la retraite homme","EUR","50","0%","0%","High","100","0","0","gift_retirement","high"
"idee cadeau pour depart en retraite homme","EUR","50","0%","0%","High","100","0","0","gift_retirement","high"
"idee cadeau pour depart retraite","EUR","500","0%","0%","High","100","0.001403104","0.006857735","gift_retirement","high"
"idee cadeau pour depart retraite homme","EUR","50","900%","0%","High","100","0.001069606","0.005347703","gift_retirement","high"
"idee cadeau pour jeune retraite","EUR","50","0%","0%","High","100","0.001058522","0.003697166","gift_retirement","high"
"idee cadeau pour un depart","EUR","50","0%","0%","High","100","0.001259012","0.00289977","gift_other","medium"
"idee cadeau pour un depart en retraite","EUR","500","0%","0%","High","100","0.001403104","0.006857735","gift_retirement","high"
"idee cadeau resident ehpad","EUR","50","0%","0%","Medium","45","0","0","gift_retirement","high"
"idee cadeau retraite couple","EUR","50","0%","0%","High","100","0.00296334","0.010004939","gift_retirement","high"
"idee cadeau retraite humour","EUR","50","0%","0%","High","100","0.001490146","0.003306944","gift_retirement","high"
"idee cadeau retraite maitresse","EUR","50","0%","0%","High","100","0","0","gift_retirement","high"
"idee cadeau retraite prof","EUR","50","0%","-100%","Unknown","","0","0","gift_retirement","high"
"idee de cadeau de depart","EUR","500","0%","-90%","High","100","0.001073192","0.004878589","gift_other","medium"
"idee de cadeau depart en retraite","EUR","50","0%","0%","High","100","0.001619894","0.007924733","gift_retirement","high"
"idee de cadeau depart retraite","EUR","50","0%","0%","High","100","0.001619894","0.007924733","gift_retirement","high"
"idee de cadeau pour depart en retraite","EUR","50","0%","0%","High","100","0.001619894","0.007924733","gift_retirement","high"
"idee de cadeau pour un depart","EUR","500","0%","-90%","High","100","0.001073192","0.004878589","gift_other","medium"
"idee de cadeau pour un depart en retraite","EUR","50","0%","0%","High","100","0.001619894","0.007924733","gift_retirement","high"
"idee depart en retraite","EUR","50","0%","0%","High","100","0","0","gift_retirement","high"
"idee depart retraite","EUR","50","0%","0%","High","97","0.001291612","0.004571823","gift_retirement","high"
"idee originale depart retraite","EUR","50","0%","0%","High","100","0","0","gift_retirement","high"
"idee retraite","EUR","50","0%","0%","High","100","0","0","gift_retirement","high"
"idee retraite collegue","EUR","50","0%","0%","High","100","0","0","gift_retirement","high"
"idee surprise depart retraite","EUR","50","0%","0%","High","86","0","0","gift_retirement","high"
"idees cadeaux depart en retraite femme","EUR","50","0%","0%","High","100","0","0","gift_retirement","high"
"idees cadeaux pour depart retraite femme","EUR","500","0%","0%","High","100","0.001153388","0.005703695","gift_retirement","high"
"idees depart retraite","EUR","50","0%","0%","High","100","0","0","gift_retirement","high"
"idée cadeau couple retraite","EUR","50","900%","0%","High","100","0.00143929","0.006641271","gift_retirement","high"
"idée cadeau de retraite femme","EUR","50","0%","0%","High","100","0","0","gift_retirement","high"
"idée cadeau de retraite homme","EUR","50","0%","0%","High","100","0","0","gift_retirement","high"
"idée cadeau départ","EUR","50","0%","0%","High","100","0.001259012","0.00289977","gift_other","medium"
"idée cadeau départ en retraite collègue","EUR","50","0%","0%","High","100","0","0","gift_retirement","high"
"idée cadeau départ en retraite femme","EUR","50","0%","0%","High","100","0.001122418","0.005971015","gift_retirement","high"
"idée cadeau départ en retraite homme","EUR","50","0%","0%","High","100","0.001385826","0.0044988","gift_retirement","high"
"idée cadeau départ retraite collègue","EUR","50","0%","0%","High","100","0","0","gift_retirement","high"
"idée cadeau départ retraite institutrice","EUR","50","-100%","-100%","Unknown","","0","0","gift_retirement","high"
"idée cadeau départ retraite maitresse","EUR","50","0%","0%","Unknown","","0","0","gift_retirement","high"
"idée cadeau départ à la retraite","EUR","500","0%","0%","High","100","0.001403104","0.006857735","gift_retirement","high"
"idée cadeau départ à la retraite femme","EUR","50","0%","0%","High","98","0.000666018","0.006480227","gift_retirement","high"
"idée cadeau femme pour la retraite","EUR","50","0%","0%","High","93","0.00057539","0.001999684","gift_retirement","high"
"idée cadeau femme retraitée","EUR","50","900%","0%","High","100","0.001183706","0.006300601","gift_other","medium"
"idée cadeau fête des pères retraite","EUR","50","0%","0%","Unknown","","0","0","gift_fathers","high"
"idée cadeau grand mère maison de retraite","EUR","50","0%","0%","High","100","0","0","gift_mothers","high"
"idée cadeau jeune retraité","EUR","50","900%","0%","High","100","0.001473194","0.005744445","gift_retirement","high"
"idée cadeau maison de retraite","EUR","50","0%","0%","High","100","0","0","gift_retirement","high"
"idée cadeau original départ en retraite","EUR","50","0%","0%","Unknown","","0","0","gift_retirement","high"
"idée cadeau pot de départ retraite","EUR","50","0%","0%","High","100","0","0","gift_retirement","high"
"idée cadeau pour couple de retraité","EUR","50","0%","0%","Unknown","","0","0","gift_retirement","high"
"idée cadeau pour départ en retraite femme","EUR","500","0%","0%","High","100","0.001153388","0.005703695","gift_retirement","high"
"idée cadeau pour départ à la retraite","EUR","50","0%","0%","High","100","0","0","gift_retirement","high"
"idée cadeau pour femme retraitée","EUR","500","0%","0%","High","100","0.001193812","0.005601657","gift_other","medium"
"idée cadeau pour futur retraité","EUR","50","0%","0%","High","100","0","0","gift_retirement","high"
"idée cadeau pour homme retraité","EUR","50","0%","0%","High","100","0","0","gift_retirement","high"
"idée cadeau pour la retraite","EUR","5000","900%","0%","High","100","0.00135453","0.005421053","gift_retirement","high"
"idée cadeau pour personne âgée en maison de retraite","EUR","50","900%","0%","High","100","0.001141326","0.004675817","gift_retirement","high"
"idée cadeau pour résident maison de retraite","EUR","50","0%","0%","High","67","0","0","gift_retirement","high"
"idée cadeau pour un départ","EUR","50","0%","0%","High","100","0.001259012","0.00289977","gift_other","medium"
"idée cadeau pour un départ à la retraite femme","EUR","50","0%","0%","High","100","0","0","gift_retirement","high"
"idée cadeau pour un retraité","EUR","5000","900%","0%","High","100","0.00135453","0.005421053","gift_retirement","high"
"idée cadeau retraite enseignant","EUR","50","0%","0%","High","100","0","0","gift_retirement","high"
"idée cadeau retraite maman","EUR","50","0%","0%","High","100","0","0","gift_mothers","high"
"idée cadeau retraite papa","EUR","50","0%","0%","High","100","0","0","gift_fathers","high"
"idée cadeau retraité homme","EUR","500","900%","0%","High","100","0.000896826","0.004794155","gift_retirement","high"
"idée de cadeau pour départ en retraite homme","EUR","50","0%","0%","High","100","0","0","gift_retirement","high"
"idée de cadeau pour retraite femme","EUR","50","0%","0%","High","100","0","0","gift_retirement","high"
"idée de cadeau pour retraite homme","EUR","50","0%","0%","High","100","0.000282642","0.008410147","gift_retirement","high"
"idée de cadeau retraite","EUR","50","0%","0%","High","100","0.000993322","0.003403114","gift_retirement","high"
"idée de cadeau retraite femme","EUR","50","0%","0%","High","100","0","0","gift_retirement","high"
"idée départ retraite collègue","EUR","50","0%","0%","High","99","0","0","gift_retirement","high"
"idée surprise retraite","EUR","50","0%","0%","High","91","0","0","gift_retirement","high"
"idées cadeau retraite","EUR","50","0%","-90%","High","100","0.001152084","0.004358946","gift_retirement","high"
"pot de depart a la retraite original","EUR","50","0%","?","Low","29","0","0","gift_retirement","high"
"pot de depart en retraite original","EUR","50","0%","0%","Low","18","0","0","gift_retirement","high"
"pot de départ retraite original","EUR","50","0%","0%","Low","5","0","0","gift_retirement","high"
"que offrir pour un départ en retraite","EUR","50","0%","?","High","100","0","0","gift_retirement","high"
"quoi offrir depart en retraite","EUR","50","0%","0%","High","100","0.001377676","0.005401167","gift_retirement","high"
"quoi offrir depart retraite","EUR","50","0%","0%","High","100","0","0","gift_retirement","high"
"quoi offrir pour depart retraite","EUR","50","0%","0%","High","98","0","0","gift_retirement","high"
"quoi offrir pour un depart en retraite","EUR","50","0%","0%","High","100","0.001377676","0.005401167","gift_retirement","high"
"quoi offrir à un retraité","EUR","50","0%","0%","High","100","0.000779466","0.003563506","gift_retirement","high"
"retraite cadeau femme","EUR","50","0%","0%","High","100","0.00135453","0.008828731","gift_retirement","high"
"retraite cadeau humoristique","EUR","50","0%","0%","High","100","0.001183706","0.00270906","gift_retirement","high"
"souvenir départ retraite","EUR","50","-100%","-100%","Unknown","","0","0","gift_retirement","high"
"surprise pour depart retraite","EUR","50","0%","0%","High","100","0","0","gift_retirement","high"
"vidéo hommage décès","EUR",""," --"," --","Unknown","","0","0","direct_service","high"
"film souvenir voyage","EUR",""," --"," --","Unknown","","0","0","direct_service","high"
"réunion famille vidéo","EUR",""," --"," --","Unknown","","0","0","direct_service","high"
"hommage animal décédé","EUR",""," --"," --","Unknown","","0","0","direct_service","high"
"film souvenir famille","EUR",""," --"," --","Unknown","","0","0","direct_service","high"
