Keyword,Currency,Avg. monthly searches,Three month change,YoY change,Competition,Competition (indexed value),Top of page bid (low range),Top of page bid (high range)
organiser ses photos numériques,EUR,50,-100%,0%,Unknown,,0,0
cadeau personnalisé photo,EUR,5000,0%,0%,High,100,0.005332381,0.013389145
cadeau anniversaire mariage,EUR,5000,0%,0%,High,100,0.002073034,0.007570045
cadeau fête des mères original,EUR,5000,0%,-90%,High,78,0.001648908,0.005991879
cadeau grands parents,EUR,5000,900%,0%,High,100,0.00143929,0.005196765
cadeau noël personnalisé,EUR,500,0%,0%,High,100,0.003379642,0.010375275
cadre photo personnalisé,EUR,50000,900%,0%,High,100,0.008625307,0.026488475
cadre personnalisé,EUR,5000,900%,0%,High,100,0.006941191,0.01789153
toile photo personnalisé,EUR,5000,0%,0%,High,100,0.009939413,0.03474312
toile personnalisée,EUR,5000,0%,0%,High,100,0.008385697,0.030920119
cadeau photo,EUR,5000,900%,0%,High,100,0.006689845,0.019300176
photo personnalisé,EUR,5000,0%,0%,High,100,0.007870291,0.02201217
cadeau photo personnalisé,EUR,5000,0%,0%,High,100,0.006162703,0.015468046
tee shirt personnalisé photo,EUR,5000,0%,0%,High,100,0.005711193,0.013267221
cadre personnalisé famille,EUR,5000,0%,-90%,High,100,0.004728629,0.015787852
porte clé photo,EUR,5000,900%,0%,High,100,0.004247454,0.011230373
porte clés personnalisé photo,EUR,5000,0%,0%,High,100,0.004659517,0.011232003
plaque spotify personnalisé,EUR,500,900%,0%,High,100,0.005234581,0.01842454
poster photo personnalisé,EUR,5000,0%,0%,High,100,0.007850731,0.022881611
cadre famille personnalisé,EUR,5000,0%,0%,High,100,0.003651852,0.012189139
idee cadeau mariage,EUR,5000,0%,0%,High,100,0.001672706,0.006743635
objet personnalisé photo,EUR,5000,0%,0%,High,100,0.005351615,0.013401533
photo sur toile personnalisé,EUR,5000,0%,0%,High,100,0.009939413,0.03474312
t shirt personnalisé photo,EUR,5000,0%,0%,High,100,0.006204105,0.014379858
boule de noel personnalisé,EUR,5000,900%,0%,High,100,0.003837672,0.008945765
chaussettes personnalisées photo,EUR,5000,0%,0%,High,100,0.003822676,0.010150987
toile personnalisée famille,EUR,500,900%,0%,High,100,0.005500271,0.016914834
boules de noel personnalisées,EUR,5000,0%,0%,High,100,0.003552422,0.008950655
idée cadeau fête des mères original,EUR,5000,0%,0%,High,100,0.0008965,0.009054323
cadre personnalisé couple,EUR,500,900%,0%,High,100,0.005042241,0.011018473
porte clé personnalisé photo,EUR,5000,0%,0%,High,100,0.004858051,0.011343495
idee cadeau photo,EUR,5000,0%,0%,High,100,0.003416806,0.013264613
cadeau anniversaire de mariage,EUR,5000,-90%,-90%,High,100,0.001986644,0.007493435
toile photo personnalisée,EUR,500,0%,0%,High,100,0.011897043,0.042812923
cube photo personnalisé,EUR,500,900%,0%,High,100,0.004172148,0.014842452
toile personnalisée photo,EUR,5000,0%,0%,High,100,0.009939413,0.03474312
cadeau avec photo,EUR,500,900%,0%,High,100,0.004950961,0.013925414
photo cadre personnalisé,EUR,50000,900%,0%,High,100,0.008625307,0.026488475
portrait famille personnalisé,EUR,500,900%,0%,High,100,0.003024954,0.012678465
photo toile personnalisé,EUR,5000,0%,0%,High,100,0.009939413,0.03474312
idee cadeau grand parent,EUR,5000,900%,0%,High,100,0.001192834,0.004571823
chaussettes personnalisées visage,EUR,50,0%,0%,High,100,0.004025448,0.011805437
cadre photo personnalisé original,EUR,500,900%,0%,High,100,0.005973623,0.017757218
cadeaux photo,EUR,5000,900%,0%,High,100,0.006689845,0.019300176
coque personnalisée photo,EUR,500,0%,-90%,High,100,0.004883805,0.011436405
taie d oreiller personnalisée,EUR,500,0%,0%,High,100,0.004634089,0.010367125
tshirt personnalisé photo,EUR,5000,0%,0%,High,100,0.006204105,0.014379858
cadeau noce de coton,EUR,5000,-90%,0%,High,100,0.00169846,0.004963023
cadre photo personnalisé famille,EUR,500,900%,0%,High,100,0.006265067,0.018286968
porte clé photo personnalisé,EUR,5000,0%,0%,High,100,0.004858051,0.011343495
cadeau original fete des meres,EUR,5000,0%,-90%,High,78,0.001648908,0.005991879
cadre photo cadeau,EUR,500,0%,-90%,High,100,0.009772827,0.029822803
cadre personnalise,EUR,5000,900%,0%,High,100,0.006941191,0.01789153
cadre spotify personnalisé,EUR,50,900%,0%,High,100,0.005940045,0.017985744
cadeau photo original,EUR,500,0%,-90%,High,100,0.003877118,0.012499491
cadeau noel personnalisé,EUR,500,0%,0%,High,100,0.003379642,0.010375275
cadeau 1 an de mariage,EUR,5000,0%,0%,High,100,0.002042716,0.007403133
cadeau photo personnalisé original,EUR,500,900%,0%,High,100,0.004681033,0.013146601
poster personnalisé famille,EUR,500,900%,0%,High,100,0.003892114,0.012775287
photo personnalisé cadeau,EUR,5000,0%,0%,High,100,0.006162703,0.015468046
photo plexiglas personnalisé,EUR,50,900%,0%,High,100,0.007517885,0.028311793
cadre naissance personnalisé,EUR,500,0%,-90%,High,100,0.003006372,0.010290189
cadeau personnalisé avec photo,EUR,500,900%,0%,High,100,0.004990733,0.012911881
paillasson personnalisé photo,EUR,500,0%,0%,High,100,0.00419073,0.011533553
objet photo personnalisé,EUR,5000,0%,0%,High,100,0.005351615,0.013401533
cadeau de noel personnalisé,EUR,500,900%,0%,High,100,0.00331216,0.009693609
grand cadre photo personnalisé,EUR,500,900%,0%,High,100,0.008065565,0.024329051
cadre photo famille,EUR,500,900%,0%,High,100,0.005327491,0.019910122
toile personnalise,EUR,5000,0%,0%,High,100,0.008385697,0.030920119
cadeaux grands parents,EUR,5000,900%,0%,High,100,0.00143929,0.005196765
poster personnalisé photo,EUR,5000,0%,0%,High,100,0.007850731,0.022881611
cadre avec photo personnalisé,EUR,500,0%,0%,High,100,0.008334189,0.028253765
porte clé avec photo,EUR,500,0%,-90%,High,100,0.003951772,0.010766801
t shirt photo personnalisé,EUR,5000,0%,0%,High,100,0.006204105,0.014379858
cadre personnalisé photo,EUR,50000,900%,0%,High,100,0.008625307,0.026488475
photo lego personnalisé,EUR,500,0%,0%,High,100,0.002031958,0.007836061
cadre prenom personnalisé,EUR,500,0%,0%,High,100,0.003902546,0.011852707
idée cadeau photo,EUR,5000,0%,0%,High,100,0.003416806,0.013264613
sweat personnalisé photo,EUR,500,0%,0%,High,100,0.005957323,0.018079958
cadre toile personnalisé,EUR,500,0%,0%,High,100,0.008269315,0.032762996
lego photo personnalisé,EUR,500,0%,0%,High,100,0.002237012,0.009567447
cadeau pour grand parent,EUR,5000,900%,0%,High,100,0.00143929,0.005196765
impression photo sur tee shirt,EUR,500,0%,0%,High,100,0.006134341,0.018181996
cadeau noce de bois,EUR,500,0%,0%,High,100,0.002116718,0.009112025
toile famille personnalisé,EUR,500,0%,-90%,High,100,0.004421538,0.014560788
objets personnalisés photo,EUR,500,0%,0%,High,100,0.006398401,0.016112548
personnaliser coque,EUR,50000,0%,0%,High,100,0.003972962,0.010985547
tee shirt avec photo,EUR,500,0%,0%,High,100,0.005404101,0.014304878
plaque spotify personnalisable,EUR,50,0%,0%,High,100,0.006710383,0.01913685
oreiller personnalisé photo,EUR,500,0%,0%,High,100,0.005711845,0.017292668
cadeau personnalise photo,EUR,5000,0%,0%,High,100,0.005332381,0.013389145
portrait photo personnalisé,EUR,500,0%,0%,High,100,0.007484959,0.0221442
idée cadeau avec photo,EUR,500,900%,0%,High,100,0.004099124,0.012562083
cadre photo lumineux personnalisé,EUR,50,900%,0%,High,100,0.00377508,0.011205923
poster xxl personnalisé,EUR,500,0%,0%,High,100,0.005487883,0.01678476
porte cle personnalise avec photo,EUR,50,900%,0%,High,100,0.005133521,0.011303397
cadeau grand parents,EUR,5000,900%,0%,High,100,0.00143929,0.005196765
t shirt personnalisé avec photo,EUR,500,0%,0%,High,100,0.005949825,0.015323954
cadre photo spotify,EUR,50,900%,0%,High,99,0.007365643,0.019345816
cadre lumineux personnalisé,EUR,500,900%,0%,High,100,0.003591868,0.010993697
cadre en toile personnalisé,EUR,500,0%,0%,High,100,0.008269315,0.032762996
photo sur tee shirt,EUR,500,0%,0%,High,100,0.005512333,0.01758346
cadre photo famille personnalisé,EUR,500,0%,0%,High,100,0.004457724,0.016976774
livre personnalisé noel,EUR,500,0%,0%,High,100,0.006955535,0.032264216
photo porte clé,EUR,5000,900%,0%,High,100,0.004247454,0.011230373
cadre couple personnalisé,EUR,500,0%,0%,High,100,0.004323412,0.011901607
photo personnalisée,EUR,500,0%,0%,High,100,0.007679581,0.020947128
idée cadeau anniversaire de mariage,EUR,5000,0%,0%,High,100,0.00152405,0.006206387
cadeau noel grand parent,EUR,500,900%,0%,High,100,0.001707262,0.005691307
imprimer photo sur tee shirt,EUR,500,0%,0%,High,100,0.005167099,0.016763244
plaque photo personnalisé,EUR,50,900%,0%,High,100,0.006692779,0.019692354
noce de coton cadeau,EUR,5000,-90%,0%,High,100,0.00169846,0.004963023
tee shirt personnalisé photo pas cher,EUR,500,0%,0%,High,100,0.004571823,0.011750343
objet photo personnalisé original,EUR,50,900%,0%,High,100,0.004962697,0.014728678
porte clés personnalisé photo recto verso,EUR,500,900%,0%,High,100,0.004571171,0.010887747
porte cle photo personnalisable,EUR,5000,0%,0%,High,100,0.004858051,0.011343495
lego personnalisé photo,EUR,500,0%,0%,High,100,0.001864394,0.007683493
cadre photo personnalisé gravé,EUR,500,0%,-90%,High,100,0.005675333,0.018152656
cadre photo personnalisé avec texte,EUR,50,0%,0%,High,100,0.005546563,0.018055508
porte clé photo gravé,EUR,500,0%,0%,High,100,0.003766278,0.009442915
livre de noel personnalisé,EUR,50,0%,0%,High,100,0.005502227,0.019455352
plaque personnalisée spotify,EUR,50,0%,0%,High,100,0.005193179,0.01546283
cadeaux photos personnalisés,EUR,5000,0%,0%,High,100,0.006162703,0.015468046
photo personnalisé sur toile,EUR,5000,0%,0%,High,100,0.009939413,0.03474312
cadeau avec photo personnalisé,EUR,500,900%,0%,High,100,0.004990733,0.012911881
photo cadre cadeau,EUR,500,0%,-90%,High,100,0.009772827,0.029822803
livre noel personnalisé,EUR,500,0%,0%,High,100,0.006955535,0.032264216
portrait de famille personnalisé,EUR,500,0%,0%,High,100,0.003395942,0.012651081
idée cadeau grand parents,EUR,5000,900%,0%,High,100,0.001192834,0.004571823
cadre photo personnalisé avec prénom,EUR,500,0%,0%,High,99,0.004331236,0.013661028
cadeau personnalisé noel,EUR,500,0%,-90%,High,100,0.003084938,0.010508935
zippo personnalisé photo,EUR,50,900%,0%,High,99,0.002708408,0.008868177
cadeau original maman,EUR,500,900%,0%,High,100,0.001862438,0.007781293
porte clé photo recto verso,EUR,500,900%,0%,High,100,0.004680381,0.011932251
cadre photo personnalisé lumineux,EUR,500,0%,-90%,High,100,0.004455442,0.012377567
tee shirt personnalisé avec photo,EUR,500,0%,0%,High,100,0.005903207,0.014978068
tee shirt personnalisé photo et texte,EUR,500,0%,0%,High,99,0.005536131,0.013630711
cadeau noce de froment,EUR,5000,0%,0%,High,99,0.001962194,0.005445177
photo poster personnalisé,EUR,5000,0%,0%,High,100,0.007850731,0.022881611
cadeau noce de cuir,EUR,500,0%,0%,High,100,0.002466842,0.006942169
photo personnalisé cadre,EUR,50000,900%,0%,High,100,0.008625307,0.026488475
coque photo personnalisée,EUR,500,0%,-90%,High,100,0.004883805,0.011436405
plaque spotify personnalisée,EUR,50,900%,0%,High,100,0.005091467,0.015727542
boule de noël personnalisé,EUR,5000,900%,0%,High,100,0.003837672,0.008945765
boule de noël personnalisée mon premier noël,EUR,50,900%,0%,High,100,0.002549646,0.007786509
porte clé gravé photo,EUR,500,0%,0%,High,100,0.003766278,0.009442915
cadeau noces de coton,EUR,500,-90%,-90%,High,100,0.001693244,0.004419908
cadeau noce de cire,EUR,500,0%,0%,High,100,0.001814516,0.004925207
cadeau cadre photo personnalisé,EUR,500,900%,0%,High,100,0.007705987,0.021816244
poster geant personnalisé,EUR,50,900%,0%,High,100,0.004837839,0.014886788
cadeau homme personnalisé photo,EUR,50,900%,0%,High,100,0.003379642,0.009228081
tee shirt photo personnalisé,EUR,5000,0%,0%,High,100,0.005711193,0.013267221
impression photo personnalisé,EUR,500,900%,0%,High,100,0.013089877,0.033005214
impression toile personnalisée,EUR,500,0%,0%,High,100,0.008570865,0.032610428
cadeau papy mamie,EUR,500,900%,0%,High,100,0.001904492,0.006105653
portrait personnalisé famille,EUR,50,900%,0%,High,100,0.003809962,0.013773498
cadeau photo fete des peres,EUR,500,0%,0%,High,100,0,0
cadeau noces de bois,EUR,500,-90%,0%,High,100,0.002617128,0.014223378
porte clé personnalisé photo et texte,EUR,50,0%,0%,High,100,0.002796428,0.007752279
cadre photo personnalisé pas cher,EUR,50,900%,0%,High,100,0.006486421,0.02189807
personnalisé photo,EUR,5000,0%,0%,High,100,0.007870291,0.02201217
toile xxl personnalisée,EUR,50,0%,-90%,High,100,0.004760251,0.018213292
impression sur toile personnalisée,EUR,500,0%,0%,High,100,0.008570865,0.032610428
idée cadeau anniversaire mariage,EUR,500,0%,0%,High,100,0.001777678,0.007138747
toile photo personnalisé pas cher,EUR,50,900%,0%,High,100,0.008371679,0.028683107
ecocup personnalisé photo,EUR,50,0%,0%,High,100,0.00350776,0.013599415
idée cadeau original pour grand parents,EUR,500,900%,0%,High,100,0.001379958,0.005366611
cadre photo toile personnalisé,EUR,50,900%,0%,High,100,0.009536151,0.03621501
cadre photo personnalisable,EUR,500,0%,0%,High,100,0.008336145,0.025978611
porte clés gravure photo,EUR,500,0%,0%,High,100,0.003766278,0.009442915
porte clé photo fete des peres,EUR,50,0%,-100%,Unknown,,0,0
impression photo cadeau,EUR,50,900%,0%,High,100,0.009081381,0.026316673
cadeau noces d or,EUR,500,0%,0%,High,100,0.001460806,0.005394973
idee cadeau personnalisé photo,EUR,500,0%,0%,High,100,0.004385026,0.011655151
cadeau photo fete des meres,EUR,500,0%,0%,High,100,0,0
imprimer une photo sur un tee shirt,EUR,500,0%,0%,High,100,0.005167099,0.016763244
livre photo cadeau,EUR,50,900%,0%,High,100,0.01375459,0.054446558
objet personnalisé avec photo,EUR,500,900%,0%,High,100,0.004770683,0.012818971
t shirt avec photo personnalisé,EUR,500,0%,0%,High,100,0.005949825,0.015323954
photo cadeau personnalisé,EUR,5000,0%,0%,High,100,0.006162703,0.015468046
chaussettes avec photo personnalisé,EUR,500,900%,0%,High,100,0.003794966,0.012557845
photo cadeau noel,EUR,500,900%,0%,High,100,0.007469963,0.024762305
toile personnalisée pas cher,EUR,50,0%,-90%,High,100,0.008448941,0.029982217
cadeau pour anniversaire de mariage,EUR,5000,-90%,-90%,High,100,0.001986644,0.007493435
toile imprimée personnalisée,EUR,50,0%,0%,High,100,0.008282355,0.030943917
badge personnalisé photo,EUR,500,0%,0%,High,100,0.004329606,0.010235095
idée cadeau anniversaire de mariage couple,EUR,500,0%,0%,High,100,0.002435546,0.008498167
cadeau cadre photo,EUR,500,0%,-90%,High,100,0.009772827,0.029822803
cadre personnalisé avec plusieurs photos,EUR,50,900%,0%,High,100,0.006964337,0.02185895
taie oreiller personnalisé,EUR,500,0%,0%,High,100,0.004289182,0.010641291
cadre sur toile personnalisé,EUR,500,0%,0%,High,100,0.008269315,0.032762996
bob personnalisé photo,EUR,500,0%,-90%,High,100,0.004273208,0.010385055
objet personnalisable photo,EUR,500,0%,0%,High,100,0.006398401,0.016112548
cadeau fete des meres photo,EUR,500,0%,0%,High,100,0,0
idée cadeau noce de coton,EUR,500,0%,0%,High,100,0.001991208,0.005764331
cadre photo plexiglas personnalisé,EUR,50,0%,0%,High,100,0.006238335,0.029819217
cadeau anniversaire mariage homme,EUR,500,0%,0%,High,100,0.00187287,0.006061969
cadre personnalisé naissance,EUR,500,0%,-90%,High,100,0.003006372,0.010290189
noce de bois cadeau,EUR,500,0%,0%,High,100,0.002116718,0.009112025
photo sur bois personnalisé,EUR,50,0%,0%,High,100,0.006768411,0.018885504
idee cadeau noel grand parent,EUR,500,900%,0%,High,100,0.001373112,0.005079731
cadeau original avec photo,EUR,50,900%,0%,High,100,0.003739872,0.010488071
cadeau d anniversaire de mariage,EUR,500,-90%,-90%,High,99,0.00216627,0.007389767
idée cadeau photo personnalisé,EUR,500,900%,0%,High,100,0.004817301,0.014016694
photo personnalisé famille,EUR,50,900%,0%,High,100,0.005452675,0.016443112
photos aimantées personnalisé,EUR,500,0%,0%,High,100,0.007115927,0.018636766
cadre a personnaliser,EUR,500,0%,0%,High,100,0.005140367,0.013143667
photo famille personnalisé,EUR,500,0%,0%,High,100,0.004142482,0.015086952
photo aimantée personnalisée,EUR,500,0%,0%,High,100,0.007115927,0.018636766
noce de froment cadeau,EUR,5000,0%,0%,High,99,0.001962194,0.005445177
photo avec cadre personnalisé,EUR,50,0%,0%,High,100,0.010967617,0.031558753
t shirt personnalisé photo et texte,EUR,50,900%,900%,High,100,0.005125371,0.013969424
cadeau photo noel,EUR,500,900%,0%,High,100,0.007469963,0.024762305
boule mon premier noël personnalisée,EUR,50,900%,0%,High,99,0.002608326,0.008600857
poster couple personnalisé,EUR,50,900%,0%,High,100,0.004658539,0.010720509
memory photo personnalisé,EUR,50,0%,0%,High,100,0.006369387,0.021825698
idee cadeau noel personnalisé,EUR,500,0%,0%,High,100,0.002963666,0.009947563
toile a personnaliser,EUR,50,0%,-90%,High,100,0.006782755,0.023503293
objets photos personnalisés,EUR,5000,0%,0%,High,100,0.005351615,0.013401533
cadre photo personnalisé couple,EUR,500,0%,0%,High,100,0.005630671,0.01664784
cadeau pour ma maman,EUR,500,0%,0%,High,100,0.002322424,0.008625307
cadre photo personnalisé livraison rapide,EUR,50,0%,0%,High,100,0.005841593,0.021063836
idée cadeau pour sa maman,EUR,500,900%,0%,High,100,0.001876782,0.007745759
cadre photo sur toile personnalisé,EUR,50,0%,0%,High,100,0.006983245,0.033194294
objet a personnaliser avec photo,EUR,50,0%,0%,High,100,0.004714285,0.014253044
coque personnalisée plusieurs photos,EUR,50,0%,-90%,High,100,0.004394154,0.014958182
cadre personnalisé papa,EUR,50,900%,0%,High,100,0.004572149,0.011758493
tee shirt personnalisé photo recto verso,EUR,50,900%,900%,High,100,0.005050717,0.013617671
cadeau personnalisé grand parent,EUR,500,900%,0%,High,100,0.003230334,0.009418465
cadre personnalisé fete des peres,EUR,50,0%,0%,Low,0,0,0
boule personnalisée noel,EUR,500,900%,0%,High,100,0.003348672,0.008945765
cadeaux noel personnalisé,EUR,500,0%,0%,High,100,0.003379642,0.010375275
cadeau anniversaire de mariage homme,EUR,500,0%,0%,High,100,0.00178648,0.005600679
cadeau fete des peres photo,EUR,500,0%,0%,High,100,0,0
cadre photo personnalisée,EUR,500,0%,0%,High,100,0.008682357,0.027356613
fete des meres cadeau original,EUR,5000,0%,-90%,High,78,0.001648908,0.005991879
poster multi photo personnalisé,EUR,50,0%,0%,High,100,0.008374287,0.027787911
cadre photo naissance,EUR,500,0%,0%,High,100,0.00302528,0.013624517
cadeau avec photo personnalisé pas cher,EUR,50,0%,0%,High,100,0.004639957,0.011747735
porte clé personnalisé gravé photo,EUR,50,?,0%,High,100,0.004852835,0.009442915
porte cle personnalise photo,EUR,5000,0%,0%,High,100,0.004659517,0.011232003
cadeau photo personnalisé suisse,EUR,50,0%,0%,Unknown,,0,0
grand poster personnalisé,EUR,50,0%,0%,High,100,0.005489513,0.016634474
livre personnalisé papa avec photo,EUR,50,0%,0%,High,100,0.006447301,0.023402559
photo avec texte personnalisé,EUR,500,0%,0%,High,100,0.005786499,0.012813429
chaussettes personnalisées livraison rapide,EUR,500,900%,0%,High,100,0.00395275,0.011325891
porte monnaie personnalisé photo,EUR,50,0%,-90%,High,100,0.003500914,0.008575429
cadre photo mariage personnalisé,EUR,500,0%,0%,High,100,0.004578995,0.01789153
cahier personnalisé photo,EUR,500,900%,0%,High,100,0.007943315,0.028014155
porte clé personnalisé photo gravé,EUR,50,0%,0%,High,100,0.002971164,0.007810959
coque photo personnalisé,EUR,500,0%,-90%,High,100,0.004883805,0.011436405
tee shirt avec photo personnalisé,EUR,500,0%,0%,High,100,0.005903207,0.014978068
toile murale personnalisée,EUR,50,900%,900%,High,100,0.005795627,0.023587401
impression photo tee shirt,EUR,50,0%,0%,High,100,0.005882343,0.016962756
cadre photo personnalisé bois,EUR,50,0%,-90%,High,100,0.005782913,0.013997786
photo encadrée personnalisée,EUR,50,900%,900%,High,100,0.014490698,0.039742982
cadeau personnalisable photo,EUR,5000,0%,0%,High,100,0.005332381,0.013389145
cadeau cadre personnalisé,EUR,50,900%,0%,High,100,0.006294407,0.01712869
idée de cadeau pour la fête des mères,EUR,5000,-90%,-90%,High,94,0,0
cadeau de noel grand parents,EUR,500,900%,0%,High,100,0.001766268,0.006415353
coque avec photo personnalisé pas cher,EUR,50,0%,0%,High,100,0,0
noce de coton cadeau homme,EUR,500,-90%,-90%,High,100,0.001279876,0.003884616
cadre personnalisé mamie,EUR,500,900%,0%,High,100,0.004863593,0.012776591
noces de bois cadeau,EUR,500,0%,0%,High,100,0.002116718,0.009112025
memory personnalisé photo,EUR,50,0%,0%,High,100,0.006369387,0.021825698
taie d oreiller personnalisée photo,EUR,50,0%,0%,High,100,0.005065713,0.009992551
cadeau personnalise avec photo,EUR,500,900%,0%,High,100,0.004990733,0.012911881
sweat personnalisé brodé photo,EUR,50,0%,0%,High,100,0.005074841,0.017483052
cadeau noces de froment,EUR,500,0%,0%,High,100,0.001728452,0.004232458
poster photo personnalisé avec texte,EUR,50,0%,0%,High,100,0.007215031,0.020306538
idée cadeau anniversaire mariage parents,EUR,500,-90%,-90%,High,100,0.001703676,0.005676311
cadre photo prenom,EUR,50,900%,0%,High,100,0.004371008,0.015616702
cadeau noce d étain,EUR,500,-90%,-90%,High,100,0.001335622,0.004002302
cadeau noce de laine,EUR,500,0%,0%,High,100,0.001714434,0.005841593
noce de cire cadeau,EUR,500,0%,0%,High,100,0.001814516,0.004925207
porte clé personnalisé avec photo,EUR,50,900%,0%,High,100,0.005133521,0.011303397
tee shirt personnalise photo,EUR,500,0%,0%,High,100,0.007064419,0.015322324
cube personnalisé photo,EUR,500,900%,0%,High,100,0.004172148,0.014842452
cadeau personnalisé avec photo et texte,EUR,500,0%,0%,High,100,0.004160086,0.009476819
gobelet personnalisé photo pas cher,EUR,50,0%,0%,High,100,0.003773124,0.012128829
gobelet personnalisé anniversaire de mariage,EUR,50,0%,0%,High,100,0,0
cadeaux de noël personnalisés,EUR,500,0%,0%,High,100,0.002759916,0.012700959
photo personnalisé avec texte,EUR,500,0%,0%,High,100,0.005786499,0.012813429
poster aimanté personnalisé,EUR,50,0%,0%,High,86,0.005745423,0.01674075
plaque spotify personnalisé pas cher,EUR,50,0%,-100%,Unknown,,0,0
coque personnalisée photobox,EUR,50,0%,0%,High,100,0.004344928,0.009145929
grand cadre personnalisé,EUR,50,0%,0%,High,100,0.007877463,0.022356752
idée cadeau 1 an de mariage pour homme,EUR,500,0%,0%,High,100,0.001841248,0.006673219
cadeau fete des meres original,EUR,5000,0%,-90%,High,78,0.001648908,0.005991879
cadeau personnalisé photo et texte,EUR,50,?,0%,High,100,0.003047774,0.010458405
cadre de naissance personnalisé,EUR,500,0%,0%,High,100,0.002190068,0.008677793
idee cadeau 1 an mariage,EUR,500,0%,0%,High,100,0.002285912,0.004910537
cadre photo naissance personnalisé,EUR,500,0%,0%,High,100,0.002995614,0.01659894
t shirt brodé personnalisé photo,EUR,500,900%,0%,High,100,0.005333685,0.013924436
plaque personnalisée photo,EUR,50,900%,900%,High,100,0.005502227,0.012553281
cadeau fete des mere original,EUR,5000,0%,-90%,High,78,0.001648908,0.005991879
cadeau saint valentin photo,EUR,50,0%,0%,High,100,0,0
peignoir personnalisé photo,EUR,50,900%,0%,High,100,0.004108578,0.009988965
objet avec photo personnalisé,EUR,500,900%,0%,High,100,0.004770683,0.012818971
poster cadre personnalisé,EUR,50,0%,0%,High,100,0.005354875,0.016514832
cadeau original fête des mères,EUR,500,0%,0%,High,100,0,0
plaque émaillée personnalisée avec photo,EUR,50,0%,0%,High,100,0.002661138,0.008300937
cadre photo a offrir,EUR,50,900%,0%,High,100,0.007470941,0.024407617
cadeau personnalisé femme photo,EUR,50,900%,0%,High,100,0.004060004,0.010575439
chaussettes photo personnalisée,EUR,50,0%,-90%,High,100,0.006362541,0.013305363
cadre photo personnalisé fete des meres,EUR,50,0%,0%,High,100,0,0
poster toile personnalisé,EUR,50,0%,0%,High,100,0.007801831,0.029807155
personnaliser cadre photo,EUR,50000,900%,0%,High,100,0.008625307,0.026488475
cadeau noces de cuir,EUR,500,0%,0%,High,100,0.00139691,0.007619597
cadeau photo mamie,EUR,50,900%,0%,High,100,0.004831319,0.013796318
idee cadeau papy mamie,EUR,500,900%,0%,High,100,0.001576536,0.004820235
cadeau grand parent noel,EUR,500,900%,0%,High,100,0.0016137,0.005760745
coque portable personnalisée photo,EUR,50,0%,0%,High,100,0.006356999,0.012130133
sweat brodé personnalisé photo,EUR,50,900%,0%,High,100,0.005406383,0.014382466
personnaliser t shirt avec photo,EUR,500,0%,0%,High,100,0.005949825,0.015323954
chaussettes personnalisées texte photo,EUR,50,0%,0%,High,100,0.002116718,0.006810139
cadre photo bois personnalisé,EUR,500,0%,0%,High,100,0.004395132,0.015680272
noce de cuir cadeau,EUR,500,0%,0%,High,100,0.002466842,0.006942169
cadre personnalisé maman,EUR,500,900%,0%,High,100,0.004727325,0.010774951
cadre mariage personnalisé,EUR,500,0%,0%,High,100,0.002986812,0.011445859
cadre personnalisé mariage,EUR,500,0%,0%,High,100,0.002986812,0.011445859
idee cadeau pour grand parent,EUR,500,900%,0%,High,100,0.001103836,0.00453466
offrir un cadre photo personnalisé,EUR,50,0%,0%,High,100,0.009234275,0.022648848
chaussettes visage personnalisées,EUR,50,900%,0%,High,100,0.004382418,0.012445375
cadeau 1 an mariage,EUR,500,-90%,0%,High,100,0.001625762,0.004685923
cadeau pour la fete des grand mere,EUR,5000,0%,-90%,High,100,0.002247444,0.008634109
porte monnaie homme personnalisé photo,EUR,50,0%,0%,High,100,0.004063916,0.010358975
personnaliser une coque,EUR,50,0%,0%,High,100,0.003690646,0.009382931
boite anniversaire personnalisée,EUR,500,-90%,0%,High,100,0.003476464,0.008877957
cahier photo personnalisé,EUR,500,900%,0%,High,100,0.007943315,0.028014155
cadre personnalisé spotify,EUR,50,0%,0%,High,100,0.005968407,0.016285328
cadre avec plusieurs photo personnalisé,EUR,50,0%,-90%,High,100,0.007980479,0.025019193
toile photo personnalisé avec texte,EUR,50,0%,0%,High,100,0.005308257,0.025304769
toile panoramique personnalisée,EUR,50,0%,0%,High,100,0.003780296,0.017814268
idée de cadeau pour sa maman,EUR,500,0%,-90%,High,100,0.002362196,0.007341519
cadre multi photo personnalisé,EUR,50,900%,900%,High,100,0.006989439,0.027755637
idée cadeau 1 an de mariage,EUR,500,-90%,0%,High,100,0.001692592,0.004331236
cadeau nounou avec photo,EUR,50,0%,0%,High,100,0.002351112,0.009356199
porte clé papa personnalisé photo,EUR,50,0%,0%,High,100,0.004419582,0.010080245
photo personnalisée sur toile,EUR,5000,0%,0%,High,100,0.009939413,0.03474312
cadeau avec des photos,EUR,500,900%,0%,High,100,0.004950961,0.013925414
objet personnalisé photo pas cher,EUR,500,0%,0%,High,100,0.004133028,0.011917255
photo spotify personnalisé,EUR,50,0%,0%,High,100,0.006265067,0.012944481
cadeau personnalisé papy mamie,EUR,50,900%,0%,High,100,0.003578176,0.011743171
tee shirt homme personnalisé photo,EUR,50,0%,0%,High,100,0.004504668,0.012536329
cadeau livre photo,EUR,50,900%,0%,High,100,0.01375459,0.054446558
impression photo personnalisée,EUR,500,900%,0%,High,100,0.013089877,0.033005214
cadeau original pour maman,EUR,500,900%,0%,High,100,0.001862438,0.007781293
cadre bois personnalisé,EUR,500,0%,0%,High,100,0.004982909,0.01533732
cadre photo à poser personnalisé,EUR,50,0%,0%,High,100,0.005921789,0.019023402
cadre photo perso,EUR,500,0%,0%,High,100,0.008336145,0.025978611
cadeau pour papy et mamie,EUR,500,900%,0%,High,100,0.001904492,0.006105653
photo couple personnalisé,EUR,50,0%,-90%,High,100,0.004776877,0.012358659
idee de cadeau pour la fete des mere,EUR,5000,0%,-90%,High,81,0,0
cadeau original fete des grands mères,EUR,50,-100%,-100%,Unknown,,0,0
cadeau photo fete des grand mere,EUR,50,-100%,-100%,Unknown,,0,0
cadre photo à personnaliser,EUR,50000,900%,0%,High,100,0.008625307,0.026488475
toile personnalisée famille pas cher,EUR,50,0%,0%,High,100,0.003415502,0.018654696
cadre photo couple personnalisé,EUR,50,900%,900%,High,100,0.005481689,0.013061515
cadeau homme anniversaire de mariage,EUR,500,0%,0%,High,100,0.00178648,0.005600679
coque personnalisée avec photo,EUR,50,0%,0%,High,100,0.004906951,0.009841613
coque avec photo personnalisé,EUR,50,0%,0%,High,100,0.004774269,0.011145287
badge photo personnalisé,EUR,500,0%,0%,High,100,0.004329606,0.010235095
cadeau maman original,EUR,500,900%,0%,High,100,0.001862438,0.007781293
photo personnalisé couple,EUR,50,0%,0%,High,100,0.005600679,0.01685485
idée cadeau noce de bois,EUR,500,-90%,0%,High,100,0.002031958,0.008574777
cadeau pour 1 an de mariage,EUR,5000,0%,0%,High,100,0.002042716,0.007403133
tee shirt personnalisé photobox,EUR,50,0%,0%,High,100,0.003866686,0.013573009
mon premier noël personnalisé,EUR,50,0%,0%,High,100,0.002402294,0.008934029
cadre photo aluminium personnalisé,EUR,50,0%,0%,High,100,0.006635077,0.028260611
cadre photo personnalisé toile,EUR,50,900%,900%,High,100,0.008128809,0.029819217
tee shirt personnalisable photo,EUR,500,0%,0%,High,100,0.007064419,0.015322324
box anniversaire de mariage,EUR,50,0%,0%,High,95,0.004435556,0.014151984
cadeau original photo,EUR,500,0%,-90%,High,100,0.003877118,0.012499491
personnaliser une photo,EUR,500,0%,0%,High,100,0.006595305,0.014807896
t shirt personnalisé photo pas cher,EUR,50,0%,0%,High,100,0.005128957,0.012876021
cadre plexi personnalisé,EUR,50,900%,900%,High,100,0.005452675,0.020718602
cadre photo avec prenom,EUR,50,900%,0%,High,100,0.0036512,0.013967142
vinyle personnalisé photo,EUR,500,900%,0%,High,99,0.000786312,0.004852183
coeur personnalisé avec photo,EUR,50,900%,0%,High,100,0.003578176,0.009148863
noel personnalisé,EUR,50,0%,0%,High,100,0.003526994,0.013267873
faire cadre photo personnalisé,EUR,50,900%,900%,High,100,0.008737451,0.027261421
photobox coque personnalisée,EUR,50,0%,0%,High,100,0.004344928,0.009145929
cadre photo personnalisé mamie,EUR,50,900%,0%,High,100,0.005560581,0.01638215
cadeau impression photo,EUR,50,900%,0%,High,100,0.009081381,0.026316673
déco photo personnalisé,EUR,50,900%,0%,High,100,0.006349827,0.018333586
petit cadre photo personnalisé,EUR,50,0%,0%,High,100,0.008117399,0.018429104
toile multi photo personnalisé,EUR,50,0%,0%,High,100,0.008650083,0.034599354
noce de froment,EUR,5000,0%,0%,Low,19,0.002243858,0.005926353
cadre mural personnalisé,EUR,50,0%,0%,High,100,0.007954725,0.028987917
porte clé photo gravé recto verso,EUR,50,0%,0%,High,100,0.003176218,0.009343485
anniversaire de mariage cadeau,EUR,5000,-90%,-90%,High,100,0.001986644,0.007493435
ma toile personnalisée,EUR,50,0%,0%,High,100,0.006524889,0.023951217
boule de noël personnalisée famille,EUR,50,0%,0%,High,100,0.002565946,0.009273395
idée cadeau pour la fête des mères,EUR,50000,0%,0%,High,99,0.00231623,0.011006737
cadre photo gravé,EUR,50,900%,0%,High,100,0.005913965,0.0151678
cadeau fête des mères personnalisé photo,EUR,50,0%,0%,High,100,0,0
cadeau personnalisé anniversaire de mariage,EUR,500,0%,0%,High,100,0.002759916,0.006318531
cadre photo spotify personnalisé,EUR,50,0%,0%,High,100,0.009418465,0.018500824
cadre personnalisé pas cher,EUR,50,0%,0%,High,100,0.006490659,0.015625504
cadeaux noel grand parents,EUR,500,900%,0%,High,100,0.001707262,0.005691307
1 an de mariage cadeau,EUR,5000,0%,0%,High,100,0.002042716,0.007403133
cadeau photo papa,EUR,50,0%,0%,High,100,0.005040285,0.014627292
cadeau photo saint valentin,EUR,50,0%,0%,High,100,0,0
meilleur cadeau pour maman,EUR,500,0%,0%,High,100,0.002417942,0.008812757
spotify cadre photo,EUR,50,0%,0%,High,100,0.007355863,0.018908324
cadre photo original personnalisé,EUR,50,0%,0%,High,100,0.006392533,0.017816224
porte clé personnalisé 2 photos,EUR,50,0%,0%,High,100,0.003172958,0.008032313
cadeau noces de cire,EUR,500,0%,0%,High,100,0.001670098,0.004177364
plaque spotify personnalisé suisse,EUR,50,0%,0%,Unknown,,0,0
porte clé personnalisable photo,EUR,5000,0%,0%,High,100,0.004659517,0.011232003
idée cadeau anniversaire mariage homme,EUR,500,-90%,-90%,High,100,0.00135453,0.004922925
cadeau papy et mamie,EUR,50,900%,0%,High,100,0.002116718,0.005775415
cadeau noces d or parents,EUR,50,0%,0%,High,100,0.001864068,0.005600353
objet photo personnalisé livraison rapide,EUR,50,0%,0%,High,100,0.007058877,0.017261046
boîte métal personnalisable photo,EUR,50,0%,0%,High,100,0.003500588,0.008936963
chaussettes personnalisées plusieurs visages,EUR,50,0%,0%,High,100,0.004291138,0.011245369
quoi offrir a la fete des meres,EUR,50,0%,0%,High,100,0,0
cadeau noce de chypre,EUR,500,0%,0%,High,100,0.001504164,0.004830993
cadeau photo anniversaire,EUR,50,0%,0%,High,100,0.004745255,0.011481067
cadre photo avec texte personnalisé,EUR,50,0%,-90%,High,100,0.006053819,0.014312702
tshirt personnalisé avec photo,EUR,50,0%,0%,High,100,0.006094243,0.016102442
cadeau homme noce de coton,EUR,500,-90%,0%,High,100,0.002201152,0.006180307
impression photo fete des peres,EUR,50,0%,0%,Unknown,,0,0
cadre plexiglass personnalisé,EUR,50,0%,0%,High,95,0,0
toile avec photo personnalisé,EUR,50,900%,900%,High,100,0.008922619,0.032255414
cadeau pour les grands parents,EUR,5000,900%,0%,High,100,0.00143929,0.005196765
cadeau homme 1 an de mariage,EUR,500,0%,0%,High,100,0.001776048,0.00421355
imprimer un tee shirt avec une photo,EUR,50,0%,0%,High,100,0.005376065,0.012332579
photo bois personnalisé,EUR,50,0%,0%,High,100,0.007247631,0.02038054
t shirt personnalisé avec photo et texte,EUR,50,0%,0%,High,100,0.007647959,0.028035671
cadre plusieurs photo personnalisé,EUR,50,0%,0%,High,100,0.007752931,0.022563762
cadeau 1 an de mariage pour homme,EUR,500,0%,0%,High,100,0.001776048,0.00421355
faire un cadre personnalisé,EUR,50,0%,0%,High,100,0.006952601,0.021572396
tee shirt personnalisé avec photo et texte,EUR,50,0%,0%,High,100,0.004854791,0.012590445
quoi offrir a sa mere pour noel,EUR,50,900%,0%,High,100,0.00204728,0.009425637
portrait toile personnalisé,EUR,50,0%,0%,High,100,0.007972981,0.025094499
porte photo personnalisé,EUR,50,0%,-90%,High,100,0.003393008,0.012594683
cadre personnalisé lumineux,EUR,500,900%,0%,High,100,0.003591868,0.010993697
poster ville personnalisé,EUR,50,0%,0%,High,100,0.006186175,0.021401898
cadre photo personnalisé fete des peres,EUR,50,-100%,-100%,Unknown,,0,0
photo a personnaliser,EUR,50,900%,0%,High,100,0.007671757,0.016373674
cadeau de noel pour grand parent,EUR,500,900%,0%,High,100,0.001766268,0.006415353
gravure photo porte clé,EUR,500,0%,0%,High,100,0.003766278,0.009442915
sweat personnalisé avec photo,EUR,50,0%,0%,High,100,0.005835399,0.016951998
cadre photo bureau personnalisé,EUR,50,0%,0%,High,98,0.005943631,0.019331146
ideecadeauphoto,EUR,50,900%,0%,High,100,0.004861963,0.016657294
cadre photo en bois personnalisé,EUR,500,0%,0%,High,100,0.004395132,0.015680272
cadre photo coeur personnalisé,EUR,50,900%,900%,High,100,0.004829689,0.012961759
cadeau papi mamie,EUR,500,900%,0%,High,100,0.001904492,0.006105653
cadeau anniversaire de mariage parents,EUR,50,0%,0%,High,100,0.002175398,0.004748841
cadre en bois personnalisé,EUR,500,0%,0%,High,100,0.004982909,0.01533732
idee cadeau original fete des meres,EUR,5000,0%,0%,High,100,0.0008965,0.009054323
produit personnalisé photo,EUR,50,0%,0%,High,100,0.006526193,0.014720854
cadre photo mural personnalisé,EUR,50,0%,0%,High,100,0.008434923,0.024537365
coffret cadeau grands parents,EUR,500,900%,0%,High,100,0.002086074,0.009829551
valise personnalisée photo,EUR,50,0%,0%,High,99,0.003712488,0.012813429
coffret cadeau anniversaire de mariage,EUR,50,0%,0%,High,100,0.003991218,0.011613749
site photo personnalisé,EUR,50,0%,0%,High,100,0.009945607,0.021336372
photo sur porte clés,EUR,5000,900%,0%,High,100,0.004247454,0.011230373
idée cadeau baptême grand parent,EUR,50,0%,0%,High,100,0,0
cube photo 3d personnalisé,EUR,50,0%,0%,High,100,0.004584863,0.011824345
cadeau noel papy mamie,EUR,50,900%,0%,High,100,0.002002944,0.006297667
objet photo cadeau,EUR,50,0%,0%,High,100,0.006160421,0.018099192
t shirt a personnaliser avec photo,EUR,50,0%,0%,High,100,0.007786509,0.023406471
objet avec photo perso,EUR,50,0%,0%,High,100,0.003690646,0.012001037
cadeau avec photos personnalisées,EUR,500,900%,0%,High,100,0.004990733,0.012911881
boîte personnalisée photo,EUR,50,900%,0%,High,100,0.006288213,0.012979689
imprimer photo personnalisé,EUR,50,0%,0%,High,100,0.010213579,0.020923004
1 an de mariage noce de coton cadeau,EUR,500,0%,0%,High,100,0,0
porte clé rouleau photo,EUR,50,0%,0%,High,100,0.005451371,0.012565669
peignoir homme personnalisé photo,EUR,50,900%,0%,High,100,0.003837672,0.008836881
cadre photo cadeau original,EUR,50,0%,-90%,High,100,0.003973288,0.01456633
cadeau pour maman personnalisé,EUR,5000,900%,0%,High,100,0.003383554,0.008647475
tee shirt femme personnalisé photo,EUR,50,0%,0%,High,100,0.005423987,0.013667874
produit photo personnalisé,EUR,50,0%,0%,High,100,0.007731089,0.027883755
cadeau personnalisé couple photo,EUR,50,0%,-90%,High,100,0.00347679,0.008267033
impression photo porte clé,EUR,50,0%,0%,High,100,0.005478755,0.014392898
porte clé fête des pères photo,EUR,50,0%,0%,Unknown,,0,0
cadeau pour noce de coton,EUR,5000,-90%,0%,High,100,0.00169846,0.004963023
cadeau noce de cristal,EUR,500,-90%,0%,High,100,0.001694222,0.005484297
cadeau fete des peres personnalisé photo,EUR,50,0%,0%,High,100,0,0
cravate personnalisée photo,EUR,50,900%,0%,High,99,0.003505478,0.009779021
cadre photo de famille,EUR,50,900%,0%,High,100,0.004423168,0.012528831
idée cadeau noël homme personnalisé,EUR,50,0%,0%,High,100,0.002317534,0.005963843
faire une toile personnalisée,EUR,50,0%,0%,High,100,0.009556689,0.032708554
site cadre photo personnalisé,EUR,50,0%,0%,High,100,0.010846019,0.031373911
photo encadré personnalisé,EUR,50,0%,0%,High,98,0.015851422,0.038802146
idée cadeau anniversaire mariage femme,EUR,50,0%,0%,High,100,0.001657384,0.007300117
tee shirt impression photo,EUR,50,0%,0%,High,100,0.004428384,0.01777906
poster xxl mural personnalisé,EUR,50,0%,0%,High,100,0.00447435,0.013515959
débardeur personnalisé photo,EUR,50,0%,0%,High,100,0,0
tshirt personnalise photo,EUR,5000,0%,0%,High,100,0.006204105,0.014379858
cadre photo a personnalisé,EUR,50,900%,0%,High,100,0.004929771,0.017264958
cadeau personnalisé pour grand parents,EUR,50,900%,0%,High,100,0.003047774,0.008427099
cadeau noce de coquelicot,EUR,500,0%,0%,High,100,0.001642714,0.003750956
cadre photo personnalisé naissance,EUR,500,0%,0%,High,100,0.002995614,0.01659894
cadeau 1 an de mariage pour femme,EUR,50,0%,0%,High,100,0.00292748,0.007491479
cadeau couple photo,EUR,50,900%,900%,High,100,0.003792358,0.009713495
idée cadeau cadre photo personnalisé,EUR,50,900%,0%,High,100,0.006688215,0.018267408
tee shirt personnalisé photo femme,EUR,50,0%,0%,High,100,0.005736621,0.0156079
cadeau photo pas cher,EUR,50,0%,-90%,High,100,0.005208501,0.017045886
photo mural personnalisé,EUR,50,0%,0%,High,100,0.007280883,0.024751547
photo autocollante personnalisée,EUR,50,0%,0%,High,100,0.006847629,0.014510258
cadeau anniversaire de mariage personnalisé,EUR,500,0%,0%,High,100,0.002759916,0.006318531
cadre photo prenom famille,EUR,50,0%,0%,High,100,0.004509558,0.016847678
cadeau grand parents personnalisé,EUR,500,900%,0%,High,100,0.002624626,0.008604769
photo sur toile personnalisé pas cher,EUR,50,900%,0%,High,100,0.008371679,0.028683107
oreiller photo personnalisée,EUR,50,0%,0%,High,100,0.007280883,0.01972202
idee cadeau photo original,EUR,50,0%,-90%,High,100,0.00329423,0.011651239
cadeau original pour sa maman,EUR,50,0%,-90%,High,100,0.001987296,0.006107935
fête des mères cadeaux originaux,EUR,5000,0%,-90%,High,78,0.001648908,0.005991879
cadeau anniversaire mariage femme,EUR,50,0%,0%,High,100,0.0025265,0.012878629
cadeau personnalisé femme noël,EUR,50,900%,0%,High,100,0.002501724,0.008959457
cadeau noce de coton pour femme,EUR,50,0%,0%,High,83,0,0
cadeau photo nounou,EUR,50,0%,0%,High,100,0.00238306,0.008422535
porte clés photo personnalise,EUR,5000,0%,0%,High,100,0.004858051,0.011343495
cadre photo amour personnalisé,EUR,50,900%,0%,High,100,0.005943631,0.0146951
photo de famille personnalisé,EUR,50,0%,-90%,High,100,0.004291464,0.012920357
cadre photo multiple personnalisé,EUR,50,0%,0%,High,100,0.005809319,0.022459768
cadeau noce de cuir femme,EUR,50,0%,0%,High,100,0.00311656,0.012867545
faire part anniversaire personnalisé,EUR,50,0%,0%,High,100,0.003944274,0.009830203
poster 40x50 personnalisé,EUR,50,0%,0%,High,100,0.008170537,0.023468411
petit cadeau personnalisé noel,EUR,50,900%,0%,High,100,0.002100092,0.007758147
cadeau photo grand mere,EUR,50,0%,0%,High,100,0.005839637,0.016155254
plaque personnalisée avec photo,EUR,50,0%,0%,High,100,0.004515752,0.010296057
chaussettes personnalisées 2 visages,EUR,50,0%,0%,High,100,0.00366913,0.009555059
idee cadeau noce de cire,EUR,500,-90%,0%,High,100,0.001862438,0.005287067
boîte à thé personnalisée photo,EUR,50,0%,0%,High,100,0.004362206,0.008877631
toile pas cher personnalisé,EUR,50,0%,0%,High,100,0.007957333,0.029536901
noces d or cadeau,EUR,500,0%,-90%,High,98,0.001301066,0.00426082
porte monnaie femme personnalisé photo,EUR,50,0%,0%,High,100,0.003640442,0.009389451
oreiller avec photo personnalisé,EUR,50,0%,0%,High,100,0.007449099,0.01972202
idée cadeau noce de cuir,EUR,500,-90%,0%,High,100,0.002421528,0.009023679
photomaton personnalisé,EUR,50,0%,0%,High,100,0.006402965,0.018423236
cadeau noce de bois homme,EUR,50,0%,0%,High,100,0,0
coque personnalisée avec plusieurs photos,EUR,50,0%,0%,High,100,0.004486086,0.010749849
objet avec photo personnalisée,EUR,500,900%,0%,High,100,0.004770683,0.012818971
idee de cadeaux pour sa mere,EUR,500,900%,0%,High,100,0.002116718,0.008050243
cadeau coton 1 an de mariage,EUR,50,0%,0%,High,100,0.001861134,0.004030664
lego personnalisé avec photo,EUR,500,0%,-90%,High,100,0.001778982,0.005310213
objet avec photo personnelle,EUR,500,900%,0%,High,100,0.004770683,0.012818971
noce de laine cadeau,EUR,500,0%,0%,High,100,0.001714434,0.005841593
poster personnalisé avec cadre,EUR,50,0%,0%,High,100,0.005883973,0.022298724
site cadre personnalisé,EUR,50,0%,0%,High,100,0.009326859,0.029538531
boîte à goûter personnalisée photo,EUR,50,0%,0%,High,100,0.002293736,0.008884803
cadre cadeau personnalisé,EUR,50,0%,0%,High,100,0.005588943,0.01454677
toile photo personnalisé avec prenom,EUR,50,0%,0%,High,100,0.004184536,0.010968921
cadeau personnalisé nounou photo,EUR,50,0%,0%,High,100,0.003271084,0.008751143
cadre photo 3d personnalisé,EUR,50,0%,-90%,High,99,0.004130094,0.015498038
zippo personnalisé photo couleur,EUR,50,?,0%,High,100,0,0
cadeau noces de laine,EUR,500,0%,0%,High,100,0.002566272,0.007138095
photo murale personnalisée,EUR,50,0%,0%,High,100,0.007280883,0.024751547
idee cadeau papy mamie noel,EUR,50,900%,0%,High,100,0.00155665,0.004679403
livre photo personnalisé fete des peres,EUR,50,0%,0%,Unknown,,0,0
cadre photo personnalisé sur toile,EUR,50,900%,0%,High,100,0.009536151,0.03621501
bonnet personnalisé photo,EUR,50,900%,0%,High,100,0.004362206,0.009482035
cadeau papy mamie noel,EUR,50,900%,0%,High,100,0.002197892,0.005604917
cadre photo personnalisé plusieurs photos,EUR,50,0%,0%,High,100,0.005480059,0.021772886
cadre photo personnalisé spotify,EUR,50,0%,0%,High,100,0.008471109,0.029526469
memo photo personnalisé,EUR,50,0%,0%,High,100,0.008326365,0.028025565
poster personnalisé plusieurs photos,EUR,50,0%,0%,High,100,0.006319509,0.020628952
cadre personnalisé avec photo,EUR,50,0%,0%,High,100,0.007704357,0.023202395
toile geante personnalisé,EUR,50,0%,0%,High,100,0.004084454,0.011572673
cadeau original pour la fête des mères,EUR,5000,0%,-90%,High,78,0.001648908,0.005991879
fete des mere cadeau original,EUR,5000,0%,-90%,High,78,0.001648908,0.005991879
objets avec photos personnalisées,EUR,500,900%,0%,High,100,0.004770683,0.012818971
gravure porte clé photo,EUR,50,0%,0%,High,100,0.002890968,0.011492151
boule mon premier noël personnalisée en verre,EUR,500,0%,0%,High,100,0.002043368,0.008344295
cadeau anniversaire mariage parents,EUR,50,0%,0%,High,100,0,0
personnaliser un cadre photo,EUR,500,0%,0%,High,100,0.008682357,0.027356613
cadeau personnalisé cadre,EUR,50,900%,0%,High,100,0.004825777,0.012004623
photo mosaïque personnalisée,EUR,50,0%,-90%,High,100,0.005231973,0.018281426
gravure sur bois personnalisé photo,EUR,50,900%,0%,High,99,0.003600018,0.007068005
cadre famille personnalise,EUR,50,0%,-90%,High,100,0.004080868,0.013499333
cadeau photo cadre,EUR,500,0%,-90%,High,100,0.009772827,0.029822803
gravure photo sur porte clé,EUR,500,0%,0%,High,100,0.003766278,0.009442915
paillasson personnalisé avec photo,EUR,50,900%,900%,High,100,0.003911348,0.009828573
idée cadeau noces de coton,EUR,50,0%,0%,High,93,0.00138876,0.003596106
cadeaux noces d or,EUR,50,0%,0%,High,100,0,0
cadeau noce coton,EUR,50,0%,0%,High,100,0.0026569,0.004687227
cadre photo personnalisé saint valentin,EUR,50,0%,0%,High,100,0,0
cadeau noce de bois pour homme,EUR,500,0%,0%,High,98,0.00140832,0.009912029
idée cadeau noces d or,EUR,500,-90%,0%,High,100,0.001516226,0.004728303
bic personnalisé photo,EUR,50,0%,0%,High,97,0.002201152,0.006630187
cadre photo personnalisé meilleure amie,EUR,50,0%,0%,High,100,0.004757969,0.012215219
noce d étain cadeau,EUR,500,-90%,0%,High,100,0.001298458,0.003614688
cadeau fete des peres avec photo,EUR,50,-100%,-100%,Unknown,,0,0
cadeau noce de diamant,EUR,500,0%,0%,High,100,0.00157295,0.005114613
cadeau noces de coquelicot,EUR,50,0%,0%,High,100,0,0
plaque spotify personnalisé livraison rapide,EUR,50,0%,0%,High,100,0.006659201,0.01661035
fetes des meres cadeau original,EUR,5000,0%,-90%,High,78,0.001648908,0.005991879
porte clef personnalisé famille,EUR,50,?,0%,High,100,0.004968239,0.013264287
cadre gravé personnalisé,EUR,50,0%,0%,High,100,0.002811424,0.009897359
cadre prénom personnalisé,EUR,500,0%,0%,High,100,0.00411901,0.011958983
cadeau anniversaire de mariage femme,EUR,50,0%,0%,High,100,0.002678416,0.010572505
cadeau noel pour grand parent,EUR,500,900%,0%,High,100,0.0016137,0.005760745
cadeau original grand parent,EUR,50,900%,0%,High,100,0.00152405,0.006113803
idée de cadeau grand parent,EUR,500,0%,-90%,High,100,0.00125673,0.004571823
coussin personnalisé noel,EUR,50,0%,0%,High,100,0.005331077,0.01533243
cadeau noce de bois pour femme,EUR,50,0%,0%,High,100,0.002373606,0.008677467
cadre baptême personnalisé,EUR,50,0%,0%,High,100,0,0
accessoire photo personnalisé,EUR,50,0%,0%,High,100,0.00437166,0.010980005
cadre toile photo personnalisé,EUR,50,900%,0%,High,100,0.009536151,0.03621501
cadeau photo grand parent,EUR,50,0%,-90%,High,100,0.004010126,0.012789305
idée cadeau pour fete des meres,EUR,50000,0%,0%,High,99,0.00231623,0.011006737
tee shirt a personnaliser photo,EUR,50,0%,0%,High,100,0,0
coeur photo personnalisé,EUR,50,0%,0%,High,100,0.004700593,0.009855631
personnaliser t shirt photo,EUR,5000,0%,0%,High,100,0.006204105,0.014379858
taie d oreiller photo personnalisé,EUR,50,0%,0%,High,100,0.005503205,0.011077479
cadre photo géant personnalisé,EUR,50,0%,0%,High,100,0.004761881,0.015210506
cadeau noce de corail,EUR,500,-90%,0%,High,100,0.001947198,0.004454138
cadeau arriere grand pere,EUR,50,900%,0%,High,100,0.001692918,0.005339879
accessoire personnalisé photo,EUR,50,0%,0%,High,100,0.005132543,0.010623687
boule de noël mon premier noël personnalisée,EUR,50,-90%,0%,High,100,0.002053148,0.008842423
cadeau pour noces d or,EUR,500,-90%,0%,High,100,0.001974582,0.005125045
box anniversaire mariage,EUR,50,0%,0%,High,100,0,0
cadeau fete des peres porte clé photo,EUR,50,-100%,0%,Unknown,,0,0
cadeau noel personnalisé grand parent,EUR,50,900%,0%,High,100,0.00325185,0.010327679
zippo personnalisé avec photo,EUR,50,0%,0%,High,100,0,0
cadre à personnaliser,EUR,500,0%,0%,High,100,0.006626927,0.015577908
cadeau de noel personnalisé pas cher,EUR,50,0%,-90%,High,100,0.003132534,0.012048633
cadeau pour ses grands parents,EUR,50,900%,0%,High,100,0.001476128,0.006095547
cadre photo personnalisé cadeau,EUR,50,0%,0%,High,100,0.007686427,0.028936735
noce de coton cadeau femme,EUR,50,0%,0%,High,98,0.00152405,0.006367105
cadeau souvenir photo,EUR,50,0%,0%,High,100,0.004804913,0.011644393
toile imprimé personnalisé,EUR,50,0%,0%,High,100,0.009191569,0.039791882
cadeau anniversaire mariage 1 an,EUR,50,0%,0%,High,100,0,0
cadeau fête des pères photo,EUR,500,0%,0%,High,100,0,0
chaussettes personnalisées avec plusieurs visages,EUR,50,0%,0%,High,100,0.004868483,0.010839825
poster prenom,EUR,50,0%,0%,High,100,0.00353547,0.013620279
faire un poster personnalisé,EUR,50,0%,0%,High,100,0.006794491,0.02009203
cadeau en coton 1 an de mariage,EUR,50,0%,0%,High,100,0.001754206,0.007196449
noce de cuir,EUR,5000,0%,0%,Low,8,0.000103016,0.007089521
cadeau avec une photo,EUR,500,900%,0%,High,100,0.004950961,0.013925414
cadeau photo livraison rapide,EUR,50,0%,0%,High,96,0.007791725,0.01855494
portrait sans visage personnalisé,EUR,50,0%,0%,High,100,0,0
mon cadre photo personnalisé,EUR,50,0%,0%,High,98,0.014218814,0.029552223
cadeau noce de froment homme,EUR,50,0%,0%,High,90,0.002468798,0.005670769
smartphoto porte clé,EUR,50,0%,0%,High,95,0.003191214,0.004995297
cadeau de noel photo,EUR,50,900%,0%,High,100,0.006304513,0.01774483
personnaliser avec photo,EUR,50,900%,0%,High,100,0.006001333,0.014480592
toile personnalisée avec plusieurs photos,EUR,50,0%,0%,High,100,0.008935985,0.027843657
cadeau nounou photo,EUR,50,0%,0%,High,100,0.003264564,0.010150987
boule de noel famille personnalisée,EUR,50,900%,0%,High,100,0.0030318,0.008189119
cadeau noces de diamant,EUR,50,0%,0%,High,100,0,0
porte clé personnalisé photobox,EUR,50,0%,0%,High,100,0.003950142,0.009835419
cadeau noce de faience,EUR,500,0%,0%,High,100,0.001693244,0.003862774
grand poster mural personnalisé,EUR,50,0%,0%,High,100,0.005519505,0.01491189
photo objet personnalisé,EUR,5000,0%,0%,High,100,0.005351615,0.013401533
cadeau noce de coton homme,EUR,500,-90%,0%,High,100,0.002201152,0.006180307
personnaliser cadre,EUR,500,0%,0%,High,100,0.006626927,0.015577908
boule mon premier noël avec photo,EUR,50,0%,0%,High,100,0.002136604,0.007919843
cadeau fete des meres avec photos,EUR,50,0%,-100%,Unknown,,0,0
personnaliser photo en ligne,EUR,50,0%,0%,High,100,0.006449257,0.016884842
photo personnalisé lego,EUR,50,900%,900%,High,100,0.002284282,0.009677635
flocage tee shirt avec photo,EUR,50,0%,0%,High,100,0.003777036,0.014763234
porte clé personnalisé photo recto verso,EUR,50,0%,0%,High,100,0.005330425,0.009442915
cadre de famille personnalisé,EUR,50,900%,900%,High,100,0.00424289,0.010822873
cadeau photo homme,EUR,50,900%,0%,High,100,0.00303017,0.009171357
cadre personnalisé anniversaire,EUR,50,0%,0%,High,100,0.004041748,0.014768776
articles personnalisés avec photo,EUR,50,0%,0%,High,100,0.004774595,0.027819859
photo personnalisé toile,EUR,5000,0%,0%,High,100,0.009939413,0.03474312
cadeau personnalisé pour noel,EUR,500,0%,0%,High,100,0.002632776,0.008883173
cadeau pour la premiere fete des meres,EUR,50,0%,0%,Unknown,,0,0
idée cadeau avec photo personnalisée,EUR,500,0%,0%,High,100,0.004519338,0.013236251
personnaliser chaussettes avec photo,EUR,50,0%,0%,High,100,0.004393828,0.012437551
photo 3d personnalisé,EUR,50,900%,0%,High,100,0.003217294,0.017868384
cadeau original pour une maman,EUR,500,900%,0%,High,100,0.001862438,0.007781293
cadeau anniversaire photo,EUR,500,0%,0%,High,100,0.006623015,0.019058936
cadre photo avec photo personnalisé,EUR,50,0%,0%,High,100,0.009394993,0.029819217
porte clé photo coeur,EUR,50,900%,0%,High,100,0.003477116,0.008941201
t shirt anniversaire avec photo,EUR,50,0%,0%,High,100,0,0
plaque de rue personnalisée avec photo,EUR,50,0%,0%,High,100,0,0
photo personnalisé sur bois,EUR,50,0%,0%,High,100,0.006976399,0.018453554
cadeau de fete des meres original,EUR,50,-100%,0%,Unknown,,0,0
photo sur toile originale,EUR,50,0%,0%,High,100,0.010337459,0.029583193
cadeau photo maman,EUR,50,0%,0%,High,100,0.006085767,0.015386546
tirelire personnalisée avec photo,EUR,50,0%,0%,High,100,0.002899444,0.008884151
cadeau photo personnalisé homme,EUR,50,0%,0%,High,100,0.004210616,0.011608207
faire imprimer une photo sur un tee shirt,EUR,50,0%,0%,High,100,0.008793523,0.030588903
toile mural personnalisé,EUR,50,900%,900%,High,100,0.005795627,0.023587401
idee original fete des meres,EUR,500,?,0%,High,100,0,0
boule personnalisée mon premier noel,EUR,50,900%,0%,High,100,0.002786974,0.008863613
personnaliser ma coque,EUR,500,900%,0%,High,100,0.002683632,0.008790589
verres personnalisés photo,EUR,500,0%,0%,High,100,0.005116895,0.013315143
boule de noel personnalisée couple,EUR,50,0%,-90%,High,100,0.002690478,0.008948373
personnaliser tee shirt avec photo,EUR,500,0%,0%,High,100,0.005903207,0.014978068
toile photo personnalisée pas cher,EUR,50,?,0%,High,100,0.009742509,0.047613273
biberon personnalisé photo,EUR,50,0%,0%,High,99,0.001518834,0.007476483
noce de chypre cadeau,EUR,500,0%,0%,High,100,0.001504164,0.004830993
cadre personnalisé prénom,EUR,500,0%,0%,High,100,0.003902546,0.011852707
objets photo personnalisée,EUR,5000,0%,0%,High,100,0.005351615,0.013401533
cadeau noce de soie,EUR,500,0%,0%,High,100,0.002271568,0.007316743
box grand parents,EUR,50,900%,0%,High,100,0.004041096,0.014676192
cadeau personnalisé photo porte clé,EUR,50,0%,0%,High,100,0.005052347,0.010850909
idée cadeau anniversaire de mariage homme,EUR,50,0%,0%,High,100,0.001180772,0.003875814
toile de peinture famille personnalisé,EUR,0,0%,0%,Unknown,,0,0
creer un tee shirt avec photo,EUR,50,0%,0%,High,100,0.00420703,0.015106838
impression tee shirt photo,EUR,50,0%,0%,High,100,0.006882511,0.018789986
cadeau noces corail homme,EUR,50,0%,0%,High,100,0,0
cadre photo personnalisé mariage,EUR,500,0%,0%,High,100,0.004578995,0.01789153
noce de coquelicot cadeau,EUR,500,-90%,0%,High,100,0.002111176,0.008628241
cadre personnalisé amour,EUR,50,0%,0%,High,100,0.004473698,0.011811305
sweat shirt personnalisé photo,EUR,50,0%,0%,High,99,0.006568573,0.020945498
cadeau personnalisable avec photo,EUR,50,0%,0%,High,100,0.004365792,0.012830707
cravate personnalisée avec photo,EUR,50,0%,0%,High,83,0,0
cadeau fete des meres photos,EUR,500,0%,0%,High,100,0,0
taie oreiller personnalisé photo,EUR,50,0%,0%,High,100,0.003624468,0.008878609
faire plaisir à ses grands parents,EUR,50,0%,-100%,Unknown,,0,0
porte clé photo rouleau,EUR,50,0%,0%,High,100,0,0
cadeau pour des grands parents,EUR,5000,900%,0%,High,100,0.00143929,0.005196765
cadeaux de noël pour grand parent,EUR,500,900%,0%,High,100,0.001766268,0.006415353
impression photo objet cadeau,EUR,50,?,?,High,71,0,0
sweat capuche personnalisé photo,EUR,50,0%,0%,High,100,0.005887233,0.01373992
bière personnalisée photo,EUR,50,0%,0%,High,100,0.002455106,0.007988955
spotify cadre personnalisé,EUR,50,0%,-100%,Unknown,,0,0
idée cadeau noce de froment,EUR,500,-90%,0%,High,100,0.001617612,0.004051202
cadeau de noël personnalisé,EUR,500,900%,0%,High,100,0.00331216,0.009693609
cadeau papy et mamie noel,EUR,50,0%,-90%,High,100,0.002096832,0.005254141
cadeau personnalisé homme photo,EUR,50,900%,0%,High,100,0.004201488,0.010626947
idee cadeau grand parents noel,EUR,500,900%,0%,High,100,0.00139365,0.005268159
cadre anniversaire personnalisé,EUR,50,0%,0%,High,100,0,0
chaussettes personnalisées 3 visages,EUR,50,0%,0%,High,100,0.00296334,0.006109239
porte clé en bois personnalisé photo,EUR,50,0%,0%,High,100,0.00400491,0.006526845
flasque personnalisée photo,EUR,50,0%,0%,High,100,0.003677606,0.008720825
cadeau personnalisé photo famille,EUR,50,0%,0%,High,100,0.00404729,0.010607387
cadre portrait personnalisé,EUR,50,0%,0%,High,100,0,0
cadeau 1er anniversaire de mariage,EUR,50,0%,0%,High,100,0,0
boule de noël transparente personnalisée,EUR,50,900%,0%,High,100,0.00275144,0.008000039
cadre photo personnalisé en bois,EUR,50,0%,0%,High,100,0.004075326,0.020145494
chandail personnalisé avec photo,EUR,50,0%,0%,Unknown,,0,0
t shirt personnalisé pas cher photo,EUR,50,0%,0%,High,100,0.005322601,0.013475861
idée cadeau noce de froment femme,EUR,50,0%,0%,High,100,0,0
toile photos personnalisée,EUR,5000,0%,0%,High,100,0.009939413,0.03474312
cadeau noce de bois femme,EUR,50,0%,0%,High,100,0.00287858,0.011139745
idée cadeau pour maman pas cher,EUR,500,900%,0%,High,100,0.00143929,0.005506791
personnaliser objet avec photo,EUR,500,900%,0%,High,100,0.004770683,0.012818971
cadeau noce de coton femme,EUR,50,0%,0%,High,100,0.00225266,0.008431011
impression photo cadeau personnalisé,EUR,50,0%,0%,High,92,0.008991405,0.029569501
porte clé double photo,EUR,50,0%,0%,High,100,0.004389916,0.008963043
cadre poster personnalisé,EUR,50,0%,0%,High,100,0.005481037,0.011897043
idée de cadeau pour fête des mères,EUR,50,0%,0%,High,100,0,0
cadre photo a poser personnalisé,EUR,50,0%,0%,High,100,0.005461477,0.01979374
cadeau photo porte clé,EUR,50,0%,0%,High,100,0.004736127,0.012792565
cadre photo lumineux personnalisé pas cher,EUR,50,0%,-90%,High,100,0.002763828,0.009483339
creer cadre photo personnalisé,EUR,50,0%,0%,High,100,0.009512027,0.03246275
cadeau premier anniversaire de mariage,EUR,50,0%,0%,High,98,0.002243532,0.005355853
idee cadeau pour la fete des mere,EUR,50000,0%,0%,High,99,0.00231623,0.011006737
idée originale fete des meres,EUR,500,?,0%,High,100,0,0
cahier personnalisé avec photo,EUR,50,0%,0%,High,100,0.008477303,0.029058007
cadre personnalise couple,EUR,500,900%,0%,High,100,0.005042241,0.011018473
article photo personnalisé,EUR,50,0%,0%,High,100,0.008133373,0.018443774
cadeau personnalisé cadre photo,EUR,500,900%,0%,High,100,0.007705987,0.021816244
cadre photo numérique personnalisé,EUR,50,0%,-90%,High,100,0.004336452,0.012848311
produits personnalisés avec photo,EUR,50,0%,0%,High,100,0.006462623,0.01498198
cadre de photo personnalisé,EUR,50,0%,0%,High,98,0.006905983,0.023691721
objet personnalisé noel,EUR,50,0%,0%,High,100,0.002747854,0.011088563
cadeau anniversaire de mariage 1 an,EUR,50,0%,0%,High,100,0.002657552,0.007081045
oreiller personnalisé avec photo,EUR,50,0%,0%,High,100,0.004771009,0.017332766
cadeau poster photo personnalisé,EUR,50,0%,0%,High,100,0,0
bonbonnière personnalisée photo,EUR,50,0%,0%,High,100,0.00405218,0.010535667
cadre 3 photos personnalisé,EUR,50,0%,0%,High,100,0.006858387,0.022195382
idées cadeaux grand parents,EUR,50,900%,0%,High,100,0.00121109,0.004586819
idee cadeau noce coton,EUR,500,0%,0%,High,100,0.002298626,0.005067343
porte cle photo personnalise,EUR,5000,0%,0%,High,100,0.004858051,0.011343495
photo personnalisé fête des pères,EUR,50,0%,0%,Unknown,,0,0
cadeau noce de perle,EUR,500,-90%,0%,High,100,0.00213856,0.007349017
cadre personnalisé marraine,EUR,50,0%,-90%,High,100,0.00316872,0.008922619
idées cadeaux pour les grands parents,EUR,50,900%,0%,High,100,0.001179142,0.004575409
cadeau personnalisé photo livraison rapide,EUR,50,0%,0%,High,100,0.003451688,0.011513993
photo lumineux personnalisé,EUR,50,0%,0%,High,100,0.004266688,0.009361089
cadeau noël maman personnalisé,EUR,50,900%,0%,High,100,0.00367891,0.008978365
cadeau noce coquelicot,EUR,50,0%,0%,High,100,0.001947198,0.004630177
photo personnalisé avec cadre,EUR,50,0%,0%,High,100,0.007310875,0.022306874
objet personnalisable avec photo,EUR,50,0%,0%,High,100,0.005248925,0.014177412
cadeau noce froment,EUR,50,0%,0%,High,98,0.001862438,0.003617948
noces de froment,EUR,5000,0%,0%,Low,19,0.002243858,0.005926353
cadeau fete des mere photo,EUR,500,0%,0%,High,100,0,0
idée cadeau noël femme personnalisé,EUR,50,0%,-90%,High,100,0.003443538,0.008651713
sweat photo personnalisé,EUR,50,900%,0%,High,100,0.007014867,0.016829748
cadeau pour la fête des grands mères,EUR,5000,-90%,-90%,High,100,0.001858852,0.007152765
boîte photo surprise personnalisé,EUR,50,0%,0%,High,100,0.005296521,0.012815711
cadeau noce de cristal femme,EUR,50,0%,0%,High,100,0.002656248,0.008299633
idee de cadeau pour la fete des meres,EUR,5000,-90%,-90%,High,94,0,0
cadeau noël homme personnalisé,EUR,50,900%,0%,High,100,0.002778824,0.008004603
idee cadeau photo grand parent,EUR,50,0%,0%,High,100,0,0
cadeau 1 an de mariage ami,EUR,50,0%,0%,High,100,0,0
faire imprimer un tee shirt avec une photo,EUR,50,0%,0%,High,100,0.003968724,0.017382644
cadre xxl personnalisé,EUR,50,0%,0%,High,100,0.007810959,0.0188516
personnaliser un tee shirt avec photo,EUR,50,0%,0%,High,100,0.005759441,0.015781332
chaussettes personnalisées avec photos,EUR,50,900%,0%,High,100,0.004340364,0.013021091
cadeau original fete des mere,EUR,50,0%,-100%,Unknown,,0,0
cadre bois photo personnalisé,EUR,50,0%,0%,High,100,0.004930749,0.019433184
cadeau pour papi et mamie,EUR,50,900%,0%,High,100,0.001713456,0.005757159
accessoire avec photo personnalisé,EUR,50,0%,0%,High,100,0.006292777,0.012524267
cadeau grand mere photo,EUR,50,0%,0%,High,100,0.005839637,0.016155254
cadeau noces de froment homme,EUR,500,-90%,0%,High,100,0.00135453,0.003747044
1 an de mariage idée cadeau,EUR,500,-90%,0%,High,100,0.001692592,0.004331236
poster personnalisé avec plusieurs photos,EUR,50,0%,0%,High,100,0.005860827,0.029569501
boule de noel neige personnalisée,EUR,50,900%,900%,High,100,0.0040913,0.012773331
cadeau noces de chypre,EUR,50,0%,0%,High,100,0,0
idée cadeau noces de bois,EUR,50,0%,0%,High,100,0.00235372,0.008442421
personnaliser taie d oreiller,EUR,50,0%,0%,High,100,0.003440604,0.009883015
noce de perle cadeau,EUR,500,-90%,0%,High,100,0.00213856,0.007349017
article personnalisé photo,EUR,50,0%,0%,High,100,0.008133373,0.018443774
idee de cadeau avec photo,EUR,50,0%,-90%,High,100,0.004407194,0.012897211
cadeau pour maman original,EUR,500,900%,0%,High,100,0.001862438,0.007781293
plaque militaire personnalisé avec photo,EUR,50,0%,0%,High,100,0,0
idee de cadeau pour grand parents,EUR,500,0%,-90%,High,100,0.00125673,0.004571823
personnaliser un cadre,EUR,50,0%,0%,High,100,0.005188941,0.01826969
cadeau original anniversaire de mariage,EUR,500,-90%,-90%,High,100,0.001897646,0.006749503
cadre personnalisé grand parent,EUR,50,900%,0%,High,100,0.00426571,0.012964367
imprimer photo tee shirt,EUR,500,0%,0%,High,100,0.005167099,0.016763244
cadre photo lego personnalisé,EUR,500,900%,0%,High,100,0.00189732,0.005894731
idée cadeau noce de coton pour homme,EUR,50,0%,?,High,100,0,0
cube avec photo personnalisé,EUR,50,0%,0%,High,100,0.002024134,0.008398737
taie d oreiller personnalisé avec photo,EUR,50,0%,0%,High,100,0.003555356,0.010474379
cadeau noce de coton pour homme,EUR,500,-90%,0%,High,100,0.002201152,0.006180307
cadre photo personnalisé prenom,EUR,50,0%,-90%,High,100,0.003634574,0.010459709
photo toile personnalisé pas cher,EUR,50,900%,0%,High,100,0.008371679,0.028683107
cadeau de noel avec photo,EUR,50,0%,0%,High,97,0.005938415,0.017678
personnalisation objet photo,EUR,5000,0%,0%,High,100,0.005351615,0.013401533
cadre aimanté personnalisé,EUR,50,0%,0%,High,100,0.006069467,0.012622393
cadeau marraine photo,EUR,50,0%,0%,High,100,0.003471248,0.012984579
cadeau anniversaire mariage amis,EUR,50,0%,0%,High,100,0,0
objet à personnaliser avec photo,EUR,500,900%,0%,High,100,0.004770683,0.012818971
livre photo personnalisé fete des meres,EUR,50,0%,-100%,Unknown,,0,0
cadre photo personnalisé coeur,EUR,50,0%,0%,High,100,0.004855769,0.013746114
coque xr personnalisé,EUR,50,0%,0%,High,100,0.003555682,0.009354243
idee cadeau noce de laine,EUR,500,0%,0%,High,100,0.001959586,0.007429213
cadeau personnalisé photo pas cher,EUR,50,0%,0%,High,100,0.004809477,0.012815711
cadeau a partir de photo,EUR,50,0%,0%,High,100,0.006761891,0.034880692
livre de noel personnalisé avec photo,EUR,50,0%,-90%,High,100,0.006054797,0.025618381
cadeau noel famille personnalisé,EUR,50,900%,0%,High,100,0.003043536,0.010349521
tableau personnalisé anniversaire,EUR,50,0%,0%,High,100,0.003809962,0.010106651
créer tee shirt personnalisé avec photo,EUR,50,0%,0%,High,100,0.005841593,0.023353985
idée cadeau 1 an de mariage homme,EUR,50,0%,0%,High,100,0,0
cadeau anniversaire avec photo,EUR,50,0%,0%,High,100,0,0
cadeau noces de cristal,EUR,50,0%,0%,High,100,0,0
idée cadre photo personnalisé,EUR,50,0%,-90%,High,100,0.006515109,0.024713079
cadeau pour mamie et papy,EUR,50,900%,0%,High,100,0.00192177,0.005757159
boîte à tartine personnalisée avec photo,EUR,50,0%,0%,Unknown,,0,0
photo en porte clé,EUR,5000,900%,0%,High,100,0.004247454,0.011230373
boule de noel personnalisée photobox,EUR,50,0%,0%,High,100,0.00270906,0.007139399
boule a neige de noel personnalisée,EUR,50,0%,0%,High,100,0.00450043,0.010834609
cadeau anniversaire de mariage pour son mari,EUR,50,0%,0%,High,100,0,0
idee cadeau arriere grand parent,EUR,50,900%,0%,High,100,0.00135453,0.00393156
cadeau photo bapteme,EUR,50,0%,0%,High,100,0,0
smartbox anniversaire de mariage,EUR,50,-100%,-100%,Unknown,,0,0
plaques spotify personnalisée,EUR,500,900%,0%,High,100,0.005234581,0.01842454
cadeaux noces de bois,EUR,50,0%,0%,High,100,0.00288673,0.012725735
cadre photo gravure personnalisé,EUR,500,0%,-90%,High,100,0.005675333,0.018152656
cadeau original fete des mamies,EUR,50,?,0%,High,100,0,0
portrait personnalisé photo,EUR,50,0%,0%,High,100,0.006384709,0.016798126
cadeau noël personnalisé pas cher,EUR,50,0%,-90%,High,100,0.002540192,0.008550979
cadre geant personnalisé,EUR,50,0%,0%,High,100,0.007796289,0.015886956
poster photo personnalisé pas cher,EUR,50,0%,0%,High,100,0.004643217,0.022996037
quoi offrir a ses grands parents,EUR,50,900%,0%,High,100,0.00109862,0.006346241
cadre photo anniversaire personnalisé,EUR,50,-90%,0%,High,100,0.003966442,0.012778547
cadre andy warhol personnalisé,EUR,50,0%,0%,High,100,0,0
cadeau cube photo,EUR,50,0%,0%,High,100,0.004834579,0.012119049
cadeau bapteme grand parents,EUR,500,0%,0%,High,82,0.001739862,0.007856925
idée cadeau cadre personnalisé,EUR,50,0%,0%,High,100,0.00414835,0.011985063
cadeau pour un anniversaire de mariage,EUR,5000,-90%,-90%,High,100,0.001986644,0.007493435
chandelle personnalisé photo,EUR,50,?,?,High,100,0,0
cadeau d anniversaire mariage,EUR,50,0%,0%,High,100,0.002601806,0.010267369
cadeau fete des grand mere photo,EUR,50,-100%,-100%,Unknown,,0,0
porte clé pour photo,EUR,500,0%,0%,High,100,0.001270096,0.007086913
cadeau noces de coton homme,EUR,500,-90%,0%,High,100,0.002201152,0.006180307
cadre personnalisé fete des meres,EUR,500,-100%,0%,Unknown,,0,0
cadeau photo personnalisé pas cher,EUR,50,0%,0%,High,100,0.004809477,0.012815711
cadeau pour premiere fete des meres,EUR,500,0%,0%,Low,0,0,0
porte clé personnalisé rouleau,EUR,50,-100%,-100%,Unknown,,0,0
quoi offrir pour un anniversaire de mariage,EUR,500,0%,0%,High,100,0.001177838,0.012747251
pull noël famille personnalisé,EUR,50,0%,-90%,High,100,0.003252502,0.011049443
cadeau fete des grand mere avec photo,EUR,50,0%,0%,High,100,0,0
porte clé photo spotify,EUR,50,?,0%,High,100,0,0
cadeau pour la meilleure des mamans,EUR,50,0%,0%,High,100,0.004541506,0.010247157
idée cadeau de noel personnalisé,EUR,50,900%,0%,High,100,0.002770348,0.009917571
objets personnalisés avec photos,EUR,50,0%,0%,High,100,0.003690646,0.012001037
boule de noel mon premier noel personnalisée,EUR,50,0%,0%,High,100,0.002532368,0.009990921
cadeau d anniversaire de mariage pour homme,EUR,50,0%,0%,High,100,0.001967736,0.004919013
idée cadeau pour ma maman,EUR,50,900%,0%,High,100,0.001693244,0.007066701
tirelire personnalisée photo,EUR,50,0%,0%,High,100,0.00314427,0.008870459
cadeau photo amoureux,EUR,50,0%,0%,High,100,0.003294556,0.009022701
cadeau noce de muguet,EUR,500,0%,0%,High,100,0.001220544,0.003988936
noce coton cadeau,EUR,50,0%,0%,High,100,0.001937092,0.004415018
photo personnalisé pas cher,EUR,50,0%,0%,High,100,0.004375572,0.016003664
porte clés homme personnalisé photo,EUR,50,0%,0%,High,100,0.003881682,0.006682999
cadeau noel personnalisé pas cher,EUR,50,0%,-90%,High,100,0.002540192,0.008550979
cadeau noce de plomb,EUR,500,0%,0%,High,100,0.001582078,0.004530096
personnaliser une photo en ligne,EUR,50,0%,0%,High,100,0.006449257,0.016884842
gravure photo sur bois personnalisé,EUR,50,0%,0%,High,100,0.003889832,0.009034111
cadeau pour papy et mamie noel,EUR,50,900%,0%,High,99,0.00186146,0.005273701
photo portrait personnalisé,EUR,50,0%,0%,High,100,0.005890493,0.016082882
cadeau femme photo,EUR,50,0%,0%,High,100,0.004785679,0.012251731
idée cadeau noce de coton homme,EUR,50,0%,0%,High,100,0,0
idée de cadeau anniversaire de mariage,EUR,5000,0%,0%,High,100,0.00152405,0.006206387
cadeau photo sur toile,EUR,50,0%,0%,High,100,0.014924604,0.033895846
cadeau bois anniversaire mariage,EUR,50,0%,0%,High,100,0,0
cadeau naissance grand parents,EUR,50,0%,0%,High,100,0.001939374,0.009314145
idée cadeau avec des photos,EUR,500,900%,0%,High,100,0.004099124,0.012562083
cadre photo personnalisé anniversaire,EUR,50,0%,0%,High,100,0.004417952,0.01569592
porte clé porte photo,EUR,50,900%,0%,High,99,0.00153546,0.009208521
cadeau homme anniversaire mariage,EUR,500,0%,0%,High,100,0.00187287,0.006061969
cadre photo gravé baptême,EUR,50,-100%,-100%,Unknown,,0,0
livre personnalisé de noel,EUR,50,0%,0%,High,100,0.005502227,0.019455352
cadeau noel papa personnalisé,EUR,50,900%,0%,High,100,0.003012566,0.009627757
idée cadeau pour sa mère,EUR,500,900%,0%,High,100,0.001916554,0.008296373
cadeau fête des mères photo,EUR,500,0%,0%,High,100,0,0
quoi offrir noce de coton,EUR,50,0%,0%,High,100,0,0
noce de froment cadeau homme,EUR,50,0%,0%,High,100,0,0
boutique cadeau anniversaire de mariage,EUR,50,0%,0%,High,100,0,0
boule de noel personnalisée premier noel,EUR,50,0%,-90%,High,100,0.00285902,0.009899641
cadeau toile photo,EUR,50,0%,0%,High,100,0.014924604,0.033895846
cadeau noces de cuir pour femme,EUR,50,0%,0%,High,100,0.002926828,0.006444693
cadre photo avec message personnalisé,EUR,50,0%,0%,High,100,0.005097009,0.012528505
noce de cristal cadeau,EUR,500,-90%,0%,High,100,0.001694222,0.005484297
cadeau personnalisé photo lumiere,EUR,0,0%,-100%,Unknown,,0,0
noce de corail cadeau,EUR,500,-90%,0%,High,100,0.001947198,0.004454138
article personnalisé avec photo,EUR,50,0%,0%,High,100,0.004551285,0.013327857
cadeau photo meilleure amie,EUR,50,0%,0%,High,100,0.004966283,0.008647475
poster photo anniversaire,EUR,50,0%,0%,High,100,0.00447598,0.019753316
mémo personnalisé photo,EUR,50,0%,0%,High,100,0.008326365,0.028025565
petit cadeau pour maman,EUR,50,900%,0%,High,100,0.001676618,0.005736621
cadeaux papy et mamie,EUR,50,900%,0%,High,100,0.002116718,0.005775415
cadeau photo personnalisable,EUR,5000,0%,0%,High,100,0.006162703,0.015468046
cadeau papi et mamie,EUR,50,900%,0%,High,100,0.002031958,0.005926353
poster panoramique personnalisé,EUR,50,0%,0%,High,100,0.005808015,0.026285377
idée cadeau pour anniversaire de mariage,EUR,5000,0%,0%,High,100,0.00152405,0.006206387
porte photo bois personnalisé,EUR,50,0%,0%,High,96,0.00353058,0.012636085
coffret cadeau femme mariage,EUR,50,0%,0%,High,100,0.00428527,0.011957353
coffret cadeau noces d or,EUR,50,0%,?,High,100,0,0
porte clé coeur photo,EUR,50,900%,0%,High,100,0.003477116,0.008941201
cadeau pour offrir a sa maman,EUR,50,0%,0%,High,100,0.002715906,0.009856935
idée cadeau anniversaire de mariage parents,EUR,50,0%,0%,High,100,0,0
cadre acrylique personnalisé,EUR,50,0%,0%,High,100,0.004875003,0.014044404
produits photos personnalisés,EUR,50,0%,0%,High,79,0.008552609,0.0209869
cadeau personnalisé photobox,EUR,50,0%,0%,High,100,0.007412261,0.037848922
porte cle photo fete des peres,EUR,50,0%,0%,Unknown,,0,0
site de cadre personnalisé,EUR,50,0%,0%,High,100,0.008338753,0.024225383
idee cadeau de noel grand parents,EUR,500,0%,0%,High,100,0.001403756,0.004892933
idee original cadeau fete des meres,EUR,5000,0%,0%,High,100,0.0008965,0.009054323
bon cadeau pour maman,EUR,50,0%,0%,High,100,0.004615833,0.012540241
sweat personnalisé photo brodé,EUR,50,0%,0%,High,100,0.005968081,0.014796812
photo personnalisé original,EUR,50,900%,900%,High,100,0.005472887,0.014262824
porte clé gravure photo recto verso,EUR,50,?,0%,High,100,0,0
idée cadeau d anniversaire de mariage,EUR,50,0%,0%,High,79,0,0
photo andy warhol personnalisé,EUR,50,0%,0%,High,100,0.003000504,0.01643757
noces de perles cadeau,EUR,500,-90%,0%,High,100,0.00213856,0.007349017
cadeau cuir anniversaire de mariage,EUR,50,0%,?,High,100,0,0
noce de chypre cadeau homme,EUR,50,0%,0%,High,100,0.0014344,0.007700771
idee cadeau noce d étain,EUR,500,0%,0%,High,100,0.001247602,0.003132534
cadre avec photo personnalisée,EUR,500,0%,0%,High,100,0.008334189,0.028253765
cadeau fête des grand mère original,EUR,50,-100%,-100%,Unknown,,0,0
boîte bois personnalisée photo,EUR,50,0%,0%,High,100,0.002894228,0.008945765
cadeau arriere grand parent,EUR,50,900%,0%,High,100,0.00170987,0.005248925
photo pour porte clés,EUR,5000,900%,0%,High,100,0.004247454,0.011230373
shooter personnalisé photo,EUR,50,0%,0%,High,100,0.0032437,0.008759945
cadeau pour noce de bois,EUR,500,0%,0%,High,100,0.002116718,0.009112025
idée cadeau personnalisé avec photo,EUR,500,0%,0%,High,100,0.004519338,0.013236251
noce de coton idée cadeau,EUR,500,0%,0%,High,100,0.001991208,0.005764331
portrait personnalisé super héros,EUR,50,0%,-100%,Unknown,,0,0
porte monnaie personnalisé avec photo,EUR,50,0%,0%,High,100,0,0
petit cadeau photo,EUR,50,0%,0%,High,100,0.00446946,0.016006272
cadeau noce bois,EUR,50,0%,0%,High,100,0,0
cadeau à partir d une photo,EUR,50,0%,0%,High,100,0.004094886,0.011194513
zippo gravure photo,EUR,50,0%,0%,High,100,0,0
joyeux noel personnalisé,EUR,50,900%,0%,High,99,0.00252813,0.009898337
idee cadeau pour premiere fete des meres,EUR,50,0%,0%,Unknown,,0,0
cadeau original 1 an de mariage,EUR,50,0%,0%,High,100,0.001490146,0.004311024
cadeau mamie photo,EUR,50,0%,0%,High,100,0.005595789,0.016423878
toile naissance personnalisé,EUR,50,0%,0%,High,100,0.003673368,0.010621079
cadeau pour anniversaire mariage,EUR,5000,0%,0%,High,100,0.002073034,0.007570045
cadeau mariage personnalisé photo,EUR,50,0%,0%,High,100,0,0
cadeau a partir d une photo,EUR,50,0%,0%,High,100,0.004955851,0.010811137
cadeau personnalisé photo homme,EUR,50,900%,0%,High,100,0.003379642,0.009228081
cadeau homme noce de cuir,EUR,50,0%,0%,High,100,0,0
vaisselle personnalisée photo,EUR,50,0%,0%,High,98,0.005264573,0.012355073
porte clé photo fête des pères,EUR,50,0%,-100%,Unknown,,0,0
peignoir personnalisé avec photo,EUR,50,0%,0%,High,100,0.003768886,0.010698341
idée cadeau noce de saphir homme,EUR,50,0%,0%,High,89,0,0
cadeau photo bois,EUR,50,0%,0%,High,99,0.005115591,0.011637873
veste personnalisé photo,EUR,50,0%,0%,High,100,0.004832297,0.013021091
livre personnalisé pour noel,EUR,500,0%,0%,High,100,0.006955535,0.032264216
boussole personnalisée photo,EUR,50,0%,0%,High,100,0.003055598,0.008615527
cadre photo personnalisé fete des grand mere,EUR,50,-100%,-100%,Unknown,,0,0
créer un cadre personnalisé,EUR,50,0%,0%,High,100,0.010750175,0.024552361
cadeau original photo personnalisée,EUR,500,900%,0%,High,100,0.004681033,0.013146601
wonderbox anniversaire de mariage,EUR,50,0%,0%,High,100,0,0
cadeau noces de soie,EUR,50,0%,0%,High,95,0.001594466,0.003809962
tee shirt avec photos,EUR,500,0%,0%,High,100,0.005404101,0.014304878
taie d oreiller avec photo,EUR,50,0%,0%,High,100,0.004676469,0.015508796
cadeau photo souvenir,EUR,50,0%,0%,High,100,0.005068973,0.014434626
box grands parents,EUR,50,0%,0%,High,100,0.004568237,0.01635607
objet noel personnalisable,EUR,50,0%,0%,High,100,0.002759916,0.010247483
miroir de poche personnalisé photo,EUR,50,0%,0%,High,100,0.003979156,0.008922619
idée cadeau pour fête des mères,EUR,50000,0%,0%,High,99,0.00231623,0.011006737
cadeau personnalisé de noel,EUR,500,900%,0%,High,100,0.00331216,0.009693609
idee de cadeau photo,EUR,50,0%,0%,High,100,0.004316566,0.010379839
photo retro personnalisé,EUR,50,0%,0%,High,100,0.007672409,0.019908818
cadeau original premiere fete des meres,EUR,50,0%,0%,Unknown,,0,0
personnalise sa coque,EUR,500,900%,0%,High,90,0.002972142,0.007963201
cadre photo personnalisé bapteme,EUR,50,0%,0%,High,100,0,0
boule de noël personnalisée couple,EUR,50,0%,-90%,High,100,0.002690478,0.008948373
cadre deco personnalisé,EUR,50,0%,0%,High,100,0.005312821,0.018755104
idée de cadeau d anniversaire de mariage,EUR,50,0%,0%,High,100,0,0
cadeau noce de rose,EUR,50,0%,0%,High,100,0,0
idée cadeau original maman,EUR,500,900%,0%,High,100,0.001888518,0.006665721
porte chéquier personnalisé avec photo,EUR,50,0%,0%,High,100,0.00238632,0.007336955
idée cadeau nouveau grand parent,EUR,50,0%,0%,High,100,0.000788268,0.006341351
poster de porte personnalisé,EUR,50,0%,0%,High,100,0.003638486,0.010312031
cadre famille a personnaliser,EUR,50,0%,0%,High,100,0.003298142,0.013994526
photobox cadeau personnalisé,EUR,50,0%,0%,High,98,0.004498148,0.038168728
idée cadeau homme anniversaire mariage,EUR,500,-90%,-90%,High,100,0.00135453,0.004922925
cadeau noce coton homme,EUR,50,0%,0%,High,100,0,0
pinte personnalisé photo,EUR,50,0%,0%,High,100,0.004086084,0.010224663
cadeau papa photo,EUR,50,0%,0%,High,100,0.003704338,0.012456133
coque personnalisée cheerz,EUR,50,0%,0%,High,100,0.00425756,0.014312702
cadeau objet photo,EUR,50,0%,0%,High,100,0.006160421,0.018099192
briquets personnalisés photo,EUR,50,0%,0%,High,100,0.004295376,0.010861667
cadeau noce de cristal homme,EUR,50,0%,0%,High,100,0,0
anniversaire de mariage cadeau traditionnel,EUR,50,0%,0%,High,100,0,0
cadeau noce de porcelaine,EUR,500,-90%,0%,High,100,0.001966106,0.005913965
noce de froment cadeau femme,EUR,50,0%,?,High,100,0,0
cadeau pour fete des mamie,EUR,5000,0%,-90%,High,100,0.002683632,0.005520809
poster super héros personnalisé,EUR,50,0%,0%,High,100,0.002934,0.005737925
noce d étain cadeau homme,EUR,50,0%,0%,High,98,0,0
cadeau porte clé photo,EUR,50,0%,0%,High,100,0.004070436,0.016935372
imprimer une photo sur tee shirt,EUR,500,0%,0%,High,100,0.005167099,0.016763244
cadre 3d personnalisé,EUR,50,0%,-90%,High,100,0.002106938,0.010594347
cadeau noces de corail,EUR,50,0%,0%,High,100,0.001555998,0.004218114
cadeau original noce de coton,EUR,50,0%,0%,High,100,0.00129585,0.003787468
meilleur cadeau pour la fete des meres,EUR,50,-100%,0%,Unknown,,0,0
cadeau d anniversaire de mariage pour femme,EUR,50,0%,0%,High,100,0,0
idée cadeau noce de coquelicot,EUR,50,0%,0%,High,100,0.001583056,0.00434232
cadeau avec photo original,EUR,50,900%,0%,High,100,0.003739872,0.010488071
cadeau de noel avec photo personnalisé,EUR,50,0%,0%,High,100,0.006599869,0.015643434
idee cadeau papi et mamie,EUR,50,900%,0%,High,100,0.001495362,0.004776877
photo sur socle personnalisé,EUR,50,0%,0%,High,100,0.004956829,0.01518899
coffret cadeau anniversaire mariage,EUR,50,-100%,0%,Unknown,,0,0
double cadre photo personnalisé,EUR,50,0%,0%,High,98,0.006128147,0.017776778
meilleur cadeau pour une maman,EUR,50,0%,-90%,High,95,0.003044514,0.011004781
cadeau noel personnalisé photo,EUR,50,900%,0%,High,100,0.004572149,0.013996156
cadeau de noel pour papy et mamie,EUR,50,0%,-90%,High,98,0.001439616,0.005122763
porte clé couple photo,EUR,50,0%,0%,High,100,0,0
zippo personnalisable photo,EUR,50,?,0%,High,100,0,0
cadeau photo spotify,EUR,50,0%,0%,High,100,0.007550159,0.015362748
cadeaux personnalises photo,EUR,50,0%,0%,High,100,0.005928635,0.016402362
cadeau pour les 1 an de mariage,EUR,5000,0%,0%,High,100,0.002042716,0.007403133
cadre de mariage personnalisé,EUR,50,0%,0%,High,100,0,0
quoi offrir pour des noces de coton,EUR,50,0%,0%,High,100,0,0
tee shirt noel personnalisé,EUR,50,0%,-90%,High,100,0.003671412,0.011479111
idée cadeau maman original,EUR,500,900%,0%,High,100,0.001888518,0.006665721
faire un cadre photo personnalisé,EUR,50,900%,900%,High,100,0.008737451,0.027261421
idée de cadeau 1 an de mariage,EUR,500,-90%,0%,High,100,0.001692592,0.004331236
cadeau anniversaire de mariage pour homme,EUR,50,0%,0%,High,100,0,0
impression photo sur taie d oreiller,EUR,50,0%,0%,High,100,0.006162703,0.01788012
cadeau portrait de famille,EUR,50,0%,0%,High,100,0.003235224,0.013833808
boîte cadeau personnalisable photo,EUR,50,0%,0%,High,100,0,0
transat personnalisé photo,EUR,50,0%,0%,High,100,0,0
cadeau original fete des mères,EUR,5000,0%,-90%,High,78,0.001648908,0.005991879
cadeau noël femme personnalisé,EUR,50,900%,0%,High,100,0.002977358,0.008647475
idée de cadeau pour anniversaire de mariage,EUR,5000,0%,0%,High,100,0.00152405,0.006206387
cadeau personnalisé anniversaire mariage,EUR,50,0%,0%,High,100,0,0
idée cadeau papy mamie noël,EUR,50,900%,0%,High,100,0.00155665,0.004679403
idée cadeau grand parent fait main,EUR,50,0%,0%,High,98,0.000677428,0.003155354
cadeau noce de cire femme,EUR,50,0%,0%,High,100,0.00302039,0.011444881
toile personnalisée avec photo,EUR,50,0%,0%,High,100,0.007055617,0.039183892
oreiller avec photo personnalisée,EUR,50,0%,0%,High,100,0.007449099,0.01972202
boule de noël en cristal personnalisé,EUR,50,0%,0%,High,100,0.002517698,0.007442579
cadeau personnalise pour noel,EUR,500,0%,0%,High,100,0.002632776,0.008883173
boule noel personnalisée mon premier noel,EUR,50,0%,0%,High,100,0.00241403,0.007432473
miroir de poche personnalisé avec photo,EUR,50,0%,0%,High,100,0.00373596,0.008945765
cahier personnalisé photobox,EUR,50,0%,0%,High,100,0,0
cadeau pour les noces de coton,EUR,5000,-90%,0%,High,100,0.00169846,0.004963023
quoi offrir a des grands parents,EUR,50,900%,0%,High,100,0.001006688,0.004896519
carrelage personnalisé photo,EUR,50,0%,0%,High,100,0.001782568,0.006957165
cadeau noel pour grand parents,EUR,500,900%,0%,High,100,0.0016137,0.005760745
cadeau noces coton,EUR,50,0%,0%,High,100,0,0
cadeau noel personnalisable,EUR,500,0%,0%,High,100,0.003379642,0.010375275
idée cadeau noces de froment,EUR,50,0%,0%,High,100,0.001172296,0.005061475
miroir personnalisé photo,EUR,50,0%,0%,High,97,0.001516552,0.008870785
photo personnalisé saint valentin,EUR,50,?,?,High,100,0,0
idée cadeau noces de cuir,EUR,50,0%,0%,High,100,0.002859346,0.004111838
porte clef personnalisable photo,EUR,50,0%,0%,High,100,0.005621543,0.010032649
livre noel personnalise,EUR,500,0%,0%,High,100,0.006955535,0.032264216
cadeau de noel pour maman personnalisé,EUR,50,0%,-90%,High,100,0.002790886,0.013284173
tee shirt personnalisable avec photo,EUR,50,0%,0%,High,100,0.006569877,0.013719708
boîte photo personnalisée,EUR,500,0%,0%,High,100,0.006263763,0.012813429
noce de soie cadeau,EUR,500,0%,0%,High,100,0.002271568,0.007316743
t shirt personnalisé photobox,EUR,50,0%,0%,High,92,0.003745088,0.011202989
cadeaux noel personnalisé pas cher,EUR,50,0%,-90%,High,100,0.002540192,0.008550979
porte clé personnalisé avec photo et texte,EUR,50,0%,0%,High,100,0.003354214,0.009442915
cadeau de noel personnalisé avec photo,EUR,50,0%,0%,High,100,0.004790569,0.011933229
noce d étain idée cadeau,EUR,50,0%,0%,High,82,0.0009943,0.00202935
idee cadeau de noel pour grands parents,EUR,50,0%,-90%,High,100,0.001661296,0.006049581
idée cadeau pour la fête des grands mères,EUR,500,0%,0%,High,100,0,0
cadeau pour nouveau marié,EUR,50,0%,0%,High,100,0.001474498,0.004489672
personnaliser porte clé photo,EUR,50,0%,-100%,Unknown,,0,0
cadeau de noël personnalisé avec photo,EUR,50,0%,0%,High,100,0.004790569,0.011933229
cadeau noce cuir,EUR,50,0%,0%,High,100,0,0
cadeau personnalisée photo,EUR,5000,0%,0%,High,100,0.006162703,0.015468046
boite cadeau personnalisé noel,EUR,50,0%,0%,High,100,0.002236034,0.009397601
cadre coeur personnalisé,EUR,50,0%,0%,High,100,0.003121776,0.010840477
etsy photo personnalisé,EUR,50,0%,0%,High,100,0.000169194,0.012614569
idées cadeaux photos originales,EUR,50,0%,-90%,High,100,0.00329423,0.011651239
quoi offrir pour les noces de coton,EUR,50,0%,0%,High,100,0,0
meilleur cadeau pour la fête des mères,EUR,50,0%,0%,High,100,0,0
cadeau personnalisé noel femme,EUR,50,0%,0%,High,100,0.003047774,0.008836881
cadre personnalisé avec prenom,EUR,50,0%,0%,High,100,0.0039772,0.011552787
poster personnalisé texte et photo,EUR,50,-100%,0%,Unknown,,0,0
cadeau gravure photo,EUR,50,0%,0%,High,100,0.003386488,0.007337607
livraison originale fete des meres,EUR,50,0%,0%,Unknown,,0,0
imprimer photo sur taie d oreiller,EUR,50,0%,0%,High,100,0.006389925,0.012186857
cadre photo à offrir,EUR,50,0%,-90%,High,100,0.009106809,0.028221491
badge personnalisé avec photo,EUR,50,0%,0%,High,100,0.003073528,0.008858723
cadeau personnalisé boule de noel,EUR,50,0%,0%,High,100,0.004322434,0.009797277
idee cadeaux photos,EUR,5000,0%,0%,High,100,0.003416806,0.013264613
cadre photo carton personnalisable,EUR,50,0%,0%,High,100,0,0
idée cadeau pour anniversaire maman,EUR,5000,0%,0%,High,100,0.002074338,0.007759777
cube bois personnalisé photo,EUR,50,0%,0%,High,100,0,0
noce de cuir cadeau homme,EUR,50,-100%,-100%,Unknown,,0,0
cadeau noce d étain femme,EUR,50,0%,0%,High,100,0.001255752,0.004268318
ruban anniversaire personnalisé,EUR,50,0%,0%,High,100,0.005542977,0.010655961
objet personnalisé pour noel,EUR,50,0%,0%,High,100,0.002747854,0.011088563
cadre photo customisé,EUR,500,900%,0%,High,98,0.007564503,0.01791272
idee cadeau noce de chypre,EUR,500,0%,0%,High,100,0.00152405,0.005397907
photo personnalisé noel,EUR,50,900%,0%,High,100,0.005153733,0.012807561
box cadeau anniversaire de mariage,EUR,50,0%,0%,High,100,0,0
cadeau anniversaire de mariage parents fait maison,EUR,50,0%,0%,High,100,0,0
cadeau original fete des grand mere,EUR,50,0%,0%,Unknown,,0,0
personnalisé boule de noel,EUR,5000,0%,0%,High,100,0.003552422,0.008950655
cadeau original avec des photos,EUR,50,0%,0%,High,100,0.003640442,0.016636104
tee shirt personnalisé avec plusieurs photos,EUR,50,0%,0%,High,100,0.003725202,0.015364052
idee cadeau arriere grand pere,EUR,50,0%,0%,High,100,0.001270096,0.00327304
photo sur t shirt personnalisé,EUR,5000,0%,0%,High,100,0.006204105,0.014379858
noce de laine,EUR,5000,0%,0%,Low,7,0.002741986,0.005101899
noce de diamant cadeau,EUR,500,0%,0%,High,100,0.00157295,0.005114613
chaussettes personnalisées avec photo,EUR,50,900%,0%,High,100,0.004340364,0.013021091
1 an anniversaire de mariage,EUR,500,0%,0%,Low,27,0.000297312,0.004910537
1 an de mariage cadeau coton,EUR,50,0%,-100%,Unknown,,0,0
1 an de mariage cadeau pour homme,EUR,50,-100%,0%,Unknown,,0,0
1 an de mariage noce,EUR,5000,0%,900%,Low,6,0.000100408,0.00328934
1 an de mariage noce de,EUR,5000,0%,900%,Low,6,0.000100408,0.00328934
1 an de mariage noce de coton,EUR,500,-90%,0%,Medium,35,0,0
1 an de mariage noces de,EUR,5000,0%,900%,Low,6,0.000100408,0.00328934
1 an de mariage quel cadeau,EUR,50,-100%,0%,Unknown,,0,0
1 an de mariage quoi offrir,EUR,50,0%,0%,High,100,0,0
1 an mariage cadeau,EUR,50,0%,?,High,100,0,0
1 an mariage coton,EUR,50,0%,0%,High,100,0,0
1 an mariage noce,EUR,500,0%,900%,Low,2,0,0
1 an mariage noce de coton,EUR,50,0%,0%,Medium,56,0,0
1 an noce de coton,EUR,50,0%,0%,Low,30,0,0
10 1ns de mariage noce de,EUR,50,-100%,-100%,Unknown,,0,0
10 anniversaire de mariage,EUR,50,0%,0%,Low,29,0,0
10 de mariage noce,EUR,50,0%,0%,Low,4,0,0
10 e anniversaire de mariage,EUR,50,?,0%,Low,0,0,0
10 mariage noce,EUR,50,0%,0%,Low,0,0,0
10eme anniversaire mariage,EUR,50,0%,0%,Low,0,0,0
10ème anniversaire de mariage,EUR,50,0%,0%,Low,29,0,0
11 anniversaire de mariage,EUR,50,0%,0%,Low,0,0,0
11e anniversaire de mariage,EUR,50,0%,0%,Low,0,0,0
11ème anniversaire de mariage,EUR,50,0%,0%,Low,0,0,0
12e anniversaire de mariage,EUR,50,0%,?,Low,0,0,0
13e anniversaire de mariage,EUR,50,0%,0%,Low,0,0,0
14e anniversaire de mariage,EUR,50,0%,0%,Low,1,0,0
15 anniversaire de mariage,EUR,50,0%,0%,Low,24,0,0
15e anniversaire de mariage,EUR,50,0%,0%,Medium,36,0,0
15eme anniversaire de mariage,EUR,50,0%,0%,Low,0,0,0
15ème anniversaire de mariage,EUR,50,0%,0%,Low,0,0,0
16e anniversaire de mariage,EUR,50,-100%,-100%,Unknown,,0,0
17ème anniversaire de mariage,EUR,50,0%,-100%,Unknown,,0,0
1an de mariage noce,EUR,5000,0%,900%,Low,6,0.000100408,0.00328934
1er anniversaire de mariage cadeau,EUR,50,0%,0%,High,100,0,0
1er anniversaire de mariage noce de,EUR,50,0%,0%,Low,0,0,0
2 an de mariage noce,EUR,50,0%,0%,Low,0,0,0
20 anniversaire de mariage,EUR,50,0%,0%,Medium,51,0,0
20e anniversaire de mariage,EUR,50,0%,0%,Medium,51,0,0
20eme anniversaire de mariage,EUR,50,0%,0%,Medium,56,0,0
23ème anniversaire de mariage,EUR,50,0%,0%,Low,0,0,0
25 anniversaire de mariage,EUR,50,0%,0%,Low,9,0,0
25 mariage noce,EUR,50,0%,0%,Low,4,0,0
2eme anniversaire de mariage,EUR,50,0%,0%,Low,25,0,0
2eme anniversaire mariage,EUR,50,0%,0%,Low,7,0,0
3 anniversaire de mariage,EUR,50,0%,0%,Low,0,0,0
30 anniversaire de mariage,EUR,50000,0%,0%,Low,7,9.9756E-05,0.003003438
30 e anniversaire de mariage,EUR,50,0%,?,Low,0,0,0
30 mariage noce de,EUR,50,0%,0%,Low,2,0,0
30e anniversaire de mariage,EUR,50,0%,0%,Low,24,0,0
30ème anniversaire de mariage,EUR,50,0%,0%,Low,0,0,0
32e anniversaire de mariage,EUR,50,0%,-100%,Unknown,,0,0
35 de mariage noce de quoi,EUR,50,0%,0%,Low,0,0,0
35e anniversaire de mariage,EUR,50,0%,0%,Low,0,0,0
39e anniversaire de mariage,EUR,50,-100%,-100%,Unknown,,0,0
3eme anniversaire de mariage,EUR,50,0%,0%,Low,0,0,0
40 de mariage noce de,EUR,50,0%,0%,Low,0,0,0
40 de mariage noce de quoi,EUR,500,0%,0%,Low,2,0,0
40 e anniversaire de mariage,EUR,50,0%,0%,Unknown,,0,0
40 mariage noce de quoi,EUR,50,0%,0%,Medium,60,0,0
40ème anniversaire de mariage,EUR,50,0%,0%,High,97,0,0
40ème anniversaire mariage,EUR,50,0%,0%,Medium,63,0,0
45 anniversaire de mariage,EUR,5000,0%,0%,Low,2,9.9104E-05,0.003243048
45 e anniversaire de mariage,EUR,50,-100%,0%,Unknown,,0,0
45 mariage noce de quoi,EUR,50,0%,0%,Low,0,0,0
45e anniversaire de mariage,EUR,50,0%,0%,Low,27,0,0
45ème anniversaire de mariage,EUR,50,0%,0%,Low,0,0,0
5 anniversaire de mariage,EUR,50,0%,0%,Low,29,0,0
5 année de mariage,EUR,5000,0%,0%,Low,16,0.000100408,0.004801001
50 de mariage noce,EUR,50,0%,0%,Low,10,0,0
50 de mariage noce de quoi,EUR,500,0%,0%,Low,3,0,0
50 e anniversaire de mariage,EUR,50,0%,0%,Low,0,0,0
50 mariage noce de,EUR,50,0%,0%,Low,2,0,0
50 noces d or,EUR,50,0%,0%,Low,29,0,0
50ème anniversaire de mariage cadeau,EUR,50,0%,0%,Unknown,,0,0
5e anniversaire de mariage cadeau,EUR,50,0%,0%,Unknown,,0,0
6 anniversaire de mariage,EUR,50,0%,0%,Medium,62,0,0
60 de mariage noce de quoi,EUR,500,0%,900%,Low,3,9.943E-05,0.000199186
6e anniversaire de mariage,EUR,50,0%,0%,Low,0,0,0
6eme anniversaire de mariage,EUR,50,0%,0%,Low,17,0,0
7e anniversaire de mariage,EUR,50,0%,0%,Low,0,0,0
7eme anniversaire de mariage,EUR,50,0%,0%,Low,0,0,0
7ème anniversaire de mariage,EUR,50,?,0%,Low,0,0,0
8e anniversaire de mariage,EUR,50,0%,0%,Low,0,0,0
8eme anniversaire mariage,EUR,50,0%,?,Low,0,0,0
8ème anniversaire de mariage,EUR,50,0%,0%,Low,0,0,0
9 anniversaire de mariage,EUR,50,-100%,-100%,Unknown,,0,0
9e anniversaire de mariage,EUR,50,0%,0%,Low,0,0,0
9eme anniversaire de mariage,EUR,50,0%,0%,Low,0,0,0
abat jour personnalisé avec photo,EUR,50,0%,0%,High,100,0.00438307,0.008853833
accessoires avec photo personnalisée,EUR,50,0%,0%,High,100,0.006292777,0.012524267
andy warhol personnalisé,EUR,50,0%,0%,High,100,0,0
annee de mariage cadeau,EUR,5000,-90%,-90%,High,100,0.001986644,0.007493435
annee mariage cadeau,EUR,50,0%,0%,Medium,40,0,0
anniversaire coton,EUR,50,0%,0%,Low,0,0,0
anniversaire de mariage 1 an cadeau,EUR,50,0%,0%,High,100,0.002657552,0.007081045
anniversaire de mariage 1 an noce,EUR,50,-100%,0%,Unknown,,0,0
anniversaire de mariage 1an,EUR,500,0%,0%,Low,27,0.000297312,0.004910537
anniversaire de mariage 20ans,EUR,500,0%,0%,Medium,40,0.000199512,0.00201468
anniversaire de mariage 25ans,EUR,500,0%,0%,Low,25,0,0
anniversaire de mariage 30ans,EUR,500,0%,0%,Medium,40,0,0
anniversaire de mariage 40ans,EUR,500,0%,0%,Medium,47,0,0
anniversaire de mariage cadeau femme,EUR,50,0%,0%,Unknown,,0,0
anniversaire de mariage cadeau homme,EUR,500,0%,0%,High,100,0.00178648,0.005600679
anniversaire de mariage chypre,EUR,50,0%,0%,Low,0,0,0
anniversaire de mariage coton,EUR,50,0%,0%,Medium,36,0,0
anniversaire de mariage cuir,EUR,50,0%,0%,High,100,0,0
anniversaire de mariage emeraude,EUR,50,0%,0%,Low,0,0,0
anniversaire de mariage faience,EUR,50,0%,0%,Low,24,0,0
anniversaire de mariage idee,EUR,500,-90%,-90%,High,100,0.001764638,0.003945578
anniversaire de mariage idee cadeau,EUR,5000,0%,0%,High,100,0.00152405,0.006206387
anniversaire de mariage idee originale,EUR,50,0%,0%,Unknown,,0,0
anniversaire de mariage noce,EUR,500,0%,0%,Low,13,0.000100734,0.004565955
anniversaire de mariage noce d emeraude,EUR,50,?,0%,Low,0,0,0
anniversaire de mariage noce d or,EUR,50,0%,0%,Medium,46,0,0
anniversaire de mariage noce de coton,EUR,50,0%,0%,Low,0,0,0
anniversaire de mariage noce de diamant,EUR,50,0%,0%,Medium,43,0,0
anniversaire de mariage noce de quoi,EUR,50,0%,0%,Low,2,0,0
anniversaire de mariage noces de,EUR,500,0%,0%,Low,13,0.000100734,0.004565955
anniversaire de mariage original,EUR,50,0%,0%,High,100,0,0
anniversaire de mariage petit budget,EUR,500,-90%,0%,High,91,0.000880526,0.005078101
anniversaire de mariage plomb,EUR,50,0%,0%,Low,0,0,0
anniversaire de mariage quoi offrir,EUR,50,0%,0%,High,100,0,0
anniversaire de mariage saphir,EUR,50,0%,0%,Low,10,0,0
anniversaire de mariage soie,EUR,50,0%,?,Low,9,0,0
anniversaire mariage 1an,EUR,500,0%,0%,Medium,39,0,0
anniversaire mariage 30ans,EUR,500,0%,0%,Medium,45,0,0
anniversaire mariage cadeau,EUR,5000,0%,0%,High,100,0.002073034,0.007570045
anniversaire mariage corail,EUR,50,0%,0%,Low,24,0,0
anniversaire mariage coton,EUR,50,0%,0%,Low,25,0,0
anniversaire mariage cuir,EUR,50,0%,0%,Unknown,,0,0
anniversaire mariage idee,EUR,50,0%,0%,High,100,0,0
anniversaire mariage idee cadeau,EUR,50,0%,0%,High,100,0,0
anniversaire mariage noce,EUR,500,0%,0%,Low,15,9.943E-05,0.00379627
anniversaire mariage original,EUR,50,-100%,-100%,Unknown,,0,0
anniversaire noce de coton,EUR,50,0%,0%,Low,19,0,0
anniversaire noce de mariage,EUR,500,0%,0%,Low,13,0.000100734,0.004565955
anniversaire noces mariage,EUR,500,0%,0%,Low,15,9.943E-05,0.00379627
anniversaires mariages noces,EUR,500,0%,0%,Low,15,9.943E-05,0.00379627
auchan objet personnalisé,EUR,50,0%,0%,High,100,0.003247286,0.005986663
auchan photo personnalisé,EUR,50,0%,0%,High,100,0.003449732,0.008062957
bapteme cadeau grand parent,EUR,50,0%,0%,Medium,33,0,0
body personnalisé noel,EUR,50,0%,0%,High,100,0.003180782,0.012987513
bon cadeau famileo,EUR,50,900%,0%,Low,9,0.002092594,0.014699338
bon cadeau pour la fête des mères,EUR,50,0%,-100%,Unknown,,0,0
bonne fete maman original,EUR,500,0%,0%,High,71,0,0
bonne fête des mères original,EUR,50,?,0%,Low,29,0,0
boule de neige noel personnalisé,EUR,50,0%,0%,High,100,0.003522104,0.009467691
boule de noel blanche personnalisée,EUR,50,0%,0%,High,100,0.003132534,0.008876001
boule de noel personnalisé famille,EUR,50,0%,0%,High,100,0.003310856,0.008180969
boule de noel personnalisée auchan,EUR,50,?,0%,High,100,0,0
boule de noel personnalisée leclerc,EUR,50,0%,0%,High,100,0.002042716,0.008870785
boule de noel personnalisée maitresse,EUR,50,0%,0%,High,100,0.002584528,0.005805733
boule de noel personnalisée mariage,EUR,50,0%,0%,High,100,0.002887382,0.009958321
boule de noel personnalisée mon premier noel,EUR,50,0%,0%,High,100,0.002532368,0.009990921
boule de noel personnalisée nounou,EUR,50,0%,0%,High,100,0.002366108,0.008043071
boule de noël personnalisée fabrication française,EUR,50,0%,0%,High,100,0,0
boule de noël porcelaine personnalisée,EUR,50,0%,0%,High,100,0.003259674,0.009719689
boule de noël rouge personnalisée,EUR,50,0%,0%,High,100,0.002872386,0.008666709
boule de noël transparente à personnaliser,EUR,50,0%,0%,High,100,0.002133344,0.006882837
boule mon premier noel personnalisée en verre,EUR,50,?,0%,High,100,0,0
boule mon premier noël en bois,EUR,50,0%,0%,High,100,0,0
boule premier noel personnalisée,EUR,50,0%,0%,High,100,0.002444674,0.008565649
boule premier noël personnalisé,EUR,50,0%,0%,High,100,0.002444674,0.008565649
boules de noel personnalisées cadeau,EUR,50,?,?,High,100,0,0
box cadeau grand parents,EUR,50,0%,0%,High,100,0.003246634,0.01441637
box mensuelle grand parents,EUR,50,?,0%,High,100,0.004095864,0.006765477
box papy mamy,EUR,50,0%,0%,High,100,0.00327304,0.007172651
box pour grand parents,EUR,50,0%,0%,High,100,0.003371492,0.015376114
box pour les grands parents,EUR,50,?,0%,High,100,0.004297332,0.020185592
boîte photo cadeau,EUR,500,0%,-90%,High,97,0.004228872,0.011206249
cadeau 1 an de mariage coton,EUR,50,-100%,-100%,Unknown,,0,0
cadeau 1 an de mariage femme,EUR,50,0%,0%,High,90,0,0
cadeau 1 an de mariage homme,EUR,500,0%,0%,High,100,0.001776048,0.00421355
cadeau 1 an de mariage noce de coton,EUR,50,0%,0%,High,100,0,0
cadeau 1 an mariage coton,EUR,50,-100%,-100%,Unknown,,0,0
cadeau 1 an mariage homme,EUR,50,0%,0%,High,100,0,0
cadeau 10e anniversaire de mariage,EUR,50,-100%,-100%,Unknown,,0,0
cadeau 1er anniversaire mariage,EUR,50,-100%,-100%,Unknown,,0,0
cadeau 1ere annee de mariage,EUR,50,0%,0%,High,100,0,0
cadeau 25e anniversaire de mariage,EUR,50,0%,0%,Unknown,,0,0
cadeau 30e anniversaire de mariage,EUR,50,0%,0%,Unknown,,0,0
cadeau 40e anniversaire de mariage,EUR,50,-100%,0%,Unknown,,0,0
cadeau 50 anniversaire de mariage,EUR,50,0%,?,High,100,0,0
cadeau 50ème anniversaire de mariage,EUR,50,0%,0%,Unknown,,0,0
cadeau 60e anniversaire de mariage,EUR,50,-100%,0%,Unknown,,0,0
cadeau a faire a ses grands parents,EUR,50,0%,0%,High,100,0.001564148,0.005924071
cadeau a faire avec des photos,EUR,50,0%,0%,High,100,0.004671579,0.012126547
cadeau a offrir a ses grand parents,EUR,50,0%,-90%,High,100,0.001459828,0.005057563
cadeau a offrir a ses grands parents,EUR,50,0%,-90%,High,100,0.001459828,0.005057563
cadeau a offrir grand parent,EUR,50,0%,0%,High,100,0.001296176,0.005132217
cadeau a offrir pour anniversaire de mariage,EUR,50,0%,0%,High,100,0,0
cadeau annee de mariage,EUR,50,0%,0%,High,77,0,0
cadeau annee mariage,EUR,50,0%,0%,High,73,9.943E-05,0.004213876
cadeau anniversaire 1 an de mariage,EUR,50,0%,0%,High,100,0.002657552,0.007081045
cadeau anniversaire de mariage 1 an homme,EUR,50,0%,?,High,100,0,0
cadeau anniversaire de mariage a faire soi meme,EUR,50,0%,?,High,100,0,0
cadeau anniversaire de mariage amazon,EUR,50,0%,0%,High,100,0,0
cadeau anniversaire de mariage amis,EUR,50,-100%,-100%,Unknown,,0,0
cadeau anniversaire de mariage bois,EUR,50,-100%,-100%,Unknown,,0,0
cadeau anniversaire de mariage couple,EUR,50,0%,0%,High,100,0,0
cadeau anniversaire de mariage cuir,EUR,50,0%,?,High,100,0,0
cadeau anniversaire de mariage fait main,EUR,50,0%,0%,High,100,0,0
cadeau anniversaire de mariage original,EUR,500,-90%,-90%,High,100,0.001897646,0.006749503
cadeau anniversaire de mariage pour des amis,EUR,50,0%,0%,High,100,0,0
cadeau anniversaire de mariage pour femme,EUR,50,0%,0%,High,100,0.002678416,0.010572505
cadeau anniversaire de mariage pour ses parents,EUR,50,-100%,-100%,Unknown,,0,0
cadeau anniversaire mariage bois,EUR,50,0%,0%,High,100,0,0
cadeau anniversaire mariage coton,EUR,50,-100%,-100%,Unknown,,0,0
cadeau anniversaire mariage couple,EUR,50,0%,0%,High,100,0,0
cadeau anniversaire mariage cuir,EUR,50,-100%,-100%,Unknown,,0,0
cadeau anniversaire mariage original,EUR,50,0%,0%,High,100,0,0
cadeau anniversaire mariage pour homme,EUR,50,0%,0%,High,100,0,0
cadeau anniversaire noce d or,EUR,50,0%,0%,High,100,0,0
cadeau annonce arriere grand mere,EUR,50,0%,0%,High,100,0.002212888,0.004637349
cadeau arrière grand père,EUR,50,900%,0%,High,100,0.001692918,0.005339879
cadeau bapteme pour grand parents,EUR,500,0%,0%,High,82,0.001739862,0.007856925
cadeau cadeau pour la fête des mères,EUR,50,0%,0%,Unknown,,0,0
cadeau commun grand parent,EUR,50,0%,0%,High,100,0.00179626,0.006822201
cadeau coton anniversaire mariage,EUR,50,0%,0%,Unknown,,0,0
cadeau couple 1 an de mariage,EUR,50,-100%,-100%,Unknown,,0,0
cadeau couple anniversaire mariage,EUR,50,-100%,-100%,Unknown,,0,0
cadeau couple grand parents,EUR,50,0%,-90%,High,100,0.002080532,0.006337439
cadeau d anniversaire de mariage homme,EUR,50,?,0%,High,100,0,0
cadeau d anniversaire de mariage original,EUR,50,0%,0%,High,100,0,0
cadeau d anniversaire de mariage par annee,EUR,50,?,0%,Medium,57,0,0
cadeau d anniversaire de mariage pour mes parents,EUR,50,0%,0%,High,100,0,0
cadeau d anniversaire de mariage pour ses parents,EUR,50,0%,?,High,100,0,0
cadeau d anniversaire personnalisé avec photo,EUR,50,0%,-100%,Unknown,,0,0
cadeau d anniversaire photo,EUR,50,-100%,-100%,Unknown,,0,0
cadeau d une grand mère pour un baptême,EUR,50,0%,?,Medium,33,0,0
cadeau de 1 an de mariage,EUR,5000,0%,0%,High,100,0.002042716,0.007403133
cadeau de anniversaire de mariage,EUR,5000,-90%,-90%,High,100,0.001986644,0.007493435
cadeau de fete des mere original,EUR,50,0%,0%,Unknown,,0,0
cadeau de fête des mères original,EUR,50,-100%,-100%,Unknown,,0,0
cadeau de mariage noce de coton,EUR,50,0%,0%,High,100,0,0
cadeau de naissance de la part des grands parents,EUR,50,0%,0%,High,100,0,0
cadeau de noce,EUR,50,0%,0%,High,100,0.002659834,0.008344621
cadeau de noce de coton,EUR,50,0%,?,High,100,0,0
cadeau de noce de mariage,EUR,50,0%,0%,High,100,0,0
cadeau de noces d or,EUR,50,0%,?,High,100,0,0
cadeau de noel a personnaliser,EUR,50,0%,0%,High,100,0.003067334,0.006821875
cadeau de noel personnalisable,EUR,500,900%,0%,High,100,0.00331216,0.009693609
cadeau de noel personnalisé homme,EUR,50,900%,0%,High,100,0.002661138,0.008945765
cadeau de noel pour des grands parents,EUR,50,0%,0%,High,100,0.001793978,0.006595957
cadeau de noel pour femme personnalisé,EUR,50,0%,-100%,Unknown,,0,0
cadeau de noel pour homme personnalisé,EUR,50,?,0%,High,100,0,0
cadeau de noel pour les grands parents,EUR,50,900%,0%,High,100,0.001671728,0.006717555
cadeau de noel pour ses grand parents,EUR,50,0%,0%,High,100,0.002168878,0.005712171
cadeau de noel pour ses grands parents,EUR,50,0%,0%,High,100,0.002168878,0.005712171
cadeau de noël parent,EUR,500,900%,0%,High,100,0.001908078,0.008994013
cadeau de noël personnalisé homme,EUR,50,900%,0%,High,100,0.002661138,0.008945765
cadeau de noël personnalisée,EUR,50,0%,0%,High,100,0,0
cadeau de noël pour grand parent,EUR,500,900%,0%,High,100,0.001766268,0.006415353
cadeau des grands parents pour un baptême,EUR,50,0%,0%,High,96,0,0
cadeau en bois pour anniversaire de mariage,EUR,50,0%,0%,High,100,0,0
cadeau en coton pour anniversaire de mariage,EUR,50,0%,0%,High,100,0,0
cadeau en cuir pour anniversaire de mariage,EUR,50,0%,0%,High,100,0,0
cadeau en nickel pour anniversaire de mariage,EUR,50,0%,0%,High,100,0,0
cadeau en photo,EUR,5000,900%,0%,High,100,0.006689845,0.019300176
cadeau en plomb pour anniversaire de mariage,EUR,50,0%,0%,High,100,0,0
cadeau en porcelaine pour anniversaire de mariage,EUR,50,0%,?,High,100,0,0
cadeau fait main pour grand parent,EUR,500,0%,0%,High,100,0.000486718,0.003541012
cadeau femme anniversaire de mariage,EUR,50,0%,0%,High,100,0,0
cadeau femme anniversaire mariage,EUR,50,0%,0%,High,100,0.002584854,0.007279253
cadeau femme personnalisé noel,EUR,50,0%,0%,High,100,0.003047774,0.008742015
cadeau fete des grand mere original,EUR,50,-100%,-100%,Unknown,,0,0
cadeau fete des meres insolite,EUR,50,0%,0%,Unknown,,0,0
cadeau fete des meres original et pas cher,EUR,50,0%,-100%,Unknown,,0,0
cadeau fete des pere avec photo,EUR,50,-100%,0%,Unknown,,0,0
cadeau fete des pere photo,EUR,500,0%,0%,High,100,0,0
cadeau fete mere original,EUR,5000,0%,-90%,High,78,0.001648908,0.005991879
cadeau froment mariage,EUR,50,0%,0%,High,100,0,0
cadeau fête des grands mères original,EUR,50,-100%,-100%,Unknown,,0,0
cadeau fête des grands mères photo,EUR,50,0%,0%,Unknown,,0,0
cadeau fête des mères avec photos,EUR,50,0%,-100%,Unknown,,0,0
cadeau fête des mères insolite,EUR,50,0%,0%,Unknown,,0,0
cadeau fête des pères avec photo,EUR,50,0%,0%,Unknown,,0,0
cadeau fête des pères personnalisé photo,EUR,50,0%,0%,Unknown,,0,0
cadeau grand parent bapteme,EUR,500,0%,0%,High,82,0.001739862,0.007856925
cadeau grand parent bebe,EUR,50,0%,0%,High,100,0.002421528,0.005321297
cadeau grand parent naissance,EUR,50,0%,0%,High,100,0.001852006,0.005040937
cadeau grand parent noël,EUR,500,900%,0%,High,100,0.0016137,0.005760745
cadeau grand parent pas cher,EUR,50,0%,0%,High,100,0.0016789,0.006781451
cadeau grand parent photo,EUR,50,0%,0%,High,100,0.005245013,0.011729153
cadeau high tech grand parent,EUR,50,0%,0%,High,96,0.000785008,0.00279382
cadeau homme avec photo,EUR,50,0%,0%,High,100,0.004012734,0.008655951
cadeau homme noce d opale,EUR,50,0%,0%,High,100,0,0
cadeau homme noce de coquelicot,EUR,50,-100%,-100%,Unknown,,0,0
cadeau homme noce de cristal,EUR,50,0%,0%,High,100,0,0
cadeau homme noce de froment,EUR,50,0%,0%,High,100,0,0
cadeau homme noce de saphir,EUR,50,0%,?,High,100,0,0
cadeau homme pour anniversaire de mariage,EUR,500,0%,0%,High,100,0.00178648,0.005600679
cadeau insolite fete des meres,EUR,50,0%,0%,Unknown,,0,0
cadeau laine anniversaire mariage,EUR,50,0%,0%,Unknown,,0,0
cadeau mamie et papy,EUR,50,0%,-90%,High,100,0.002255594,0.006053819
cadeau mamie papy,EUR,50,0%,0%,High,100,0.002624626,0.007995149
cadeau mariage annee,EUR,50,0%,0%,High,91,0,0
cadeau mariage anniversaire,EUR,5000,0%,0%,High,100,0.002073034,0.007570045
cadeau mariage noce d étain,EUR,50,-100%,-100%,Unknown,,0,0
cadeau mariage noce de chypre,EUR,50,-100%,-100%,Unknown,,0,0
cadeau mariage noce de coton,EUR,50,0%,0%,High,100,0,0
cadeau mariage noce de cuir,EUR,50,?,0%,High,100,0,0
cadeau maîtresse avec photo,EUR,50,?,?,High,100,0,0
cadeau maîtresse noël personnalisé,EUR,50,0%,0%,High,100,0.001855266,0.004994971
cadeau mere original,EUR,50,0%,0%,High,100,0.001554694,0.006951623
cadeau naissance grand parent,EUR,50,0%,0%,High,100,0.001939374,0.009314145
cadeau naissance papy mamie,EUR,50,0%,0%,High,100,0.003394312,0.005963843
cadeau naissance pour grand parents,EUR,50,0%,0%,High,100,0.001265858,0.004211594
cadeau noce,EUR,50,0%,0%,High,100,0,0
cadeau noce acajou,EUR,50,0%,0%,High,86,0,0
cadeau noce chypre,EUR,50,0%,0%,High,100,0,0
cadeau noce cire,EUR,50,0%,0%,High,100,0,0
cadeau noce corail,EUR,50,0%,0%,High,100,0.001862438,0.004591709
cadeau noce d acajou,EUR,50,0%,0%,High,100,0,0
cadeau noce d ambre,EUR,50,?,?,High,100,0,0
cadeau noce d emeraude,EUR,50,0%,0%,High,100,0,0
cadeau noce d opale,EUR,50,0%,0%,High,100,0,0
cadeau noce d étain homme,EUR,50,0%,0%,High,100,0.001970996,0.011175279
cadeau noce de beryl,EUR,50,0%,0%,High,100,0,0
cadeau noce de blé,EUR,50,0%,0%,High,100,0,0
cadeau noce de bronze,EUR,50,0%,0%,High,100,0,0
cadeau noce de cachemire,EUR,50,-100%,-100%,Unknown,,0,0
cadeau noce de cedre,EUR,50,0%,0%,High,100,0,0
cadeau noce de chypre homme,EUR,50,0%,0%,High,100,0,0
cadeau noce de cire homme,EUR,50,0%,0%,High,100,0.001808648,0.005641755
cadeau noce de corail homme,EUR,50,0%,0%,High,100,0,0
cadeau noce de coton amis,EUR,50,0%,0%,High,100,0,0
cadeau noce de coton couple,EUR,50,0%,0%,High,100,0.00194296,0.004135636
cadeau noce de crepe,EUR,50,0%,0%,Medium,52,0,0
cadeau noce de cretonne,EUR,50,0%,0%,High,95,0,0
cadeau noce de cuir pour homme,EUR,50,0%,0%,High,100,0.001478736,0.006021871
cadeau noce de cuivre,EUR,500,0%,0%,High,100,0.002466842,0.006942169
cadeau noce de fer,EUR,50,0%,0%,High,100,0,0
cadeau noce de froment femme,EUR,50,0%,0%,High,100,0.00170498,0.009990269
cadeau noce de froment pour lui,EUR,50,0%,?,High,100,0,0
cadeau noce de jade,EUR,50,0%,0%,High,100,0,0
cadeau noce de laine femme,EUR,50,0%,0%,High,100,0.002186482,0.006450235
cadeau noce de mariage,EUR,50,0%,0%,High,100,0,0
cadeau noce de mercure,EUR,50,0%,0%,High,100,0,0
cadeau noce de mousseline,EUR,50,0%,0%,High,100,0,0
cadeau noce de muguet homme,EUR,50,0%,?,High,100,0,0
cadeau noce de nickel,EUR,50,0%,0%,High,100,0,0
cadeau noce de papier,EUR,50,0%,0%,High,100,0,0
cadeau noce de perle femme,EUR,50,0%,0%,High,100,0,0
cadeau noce de perle homme,EUR,50,-100%,-100%,Unknown,,0,0
cadeau noce de perle parents,EUR,50,0%,0%,High,100,0,0
cadeau noce de perle pour homme,EUR,50,0%,?,High,100,0,0
cadeau noce de rubis,EUR,50,0%,0%,High,96,0.001591532,0.004952591
cadeau noce de saphir,EUR,50,0%,0%,High,100,0.002630168,0.007134509
cadeau noce de satin,EUR,50,0%,0%,High,100,0,0
cadeau noce de turquoise,EUR,50,0%,0%,High,100,0,0
cadeau noce de velours,EUR,50,0%,0%,High,100,0.000893566,0.002201152
cadeau noce de vermeil,EUR,50,0%,0%,High,100,0.001064064,0.00270906
cadeau noce diamant,EUR,50,0%,0%,High,100,0,0
cadeau noce emeraude,EUR,50,0%,0%,High,100,0,0
cadeau noce etain,EUR,50,0%,0%,High,100,0.00144418,0.004452508
cadeau noce faience,EUR,50,0%,0%,High,100,0.001553716,0.009452369
cadeau noce froment homme,EUR,50,0%,0%,High,100,0,0
cadeau noce laine,EUR,50,0%,0%,High,100,0,0
cadeau noce muguet,EUR,50,0%,0%,High,100,0,0
cadeau noce opale,EUR,50,?,0%,High,100,0,0
cadeau noce porcelaine,EUR,50,0%,0%,High,100,0,0
cadeau noce vermeil,EUR,50,0%,0%,High,100,0,0
cadeau noces,EUR,50,0%,0%,High,100,0,0
cadeau noces bois,EUR,50,0%,0%,High,100,0,0
cadeau noces cuir,EUR,50,0%,0%,High,100,0,0
cadeau noces de bois homme,EUR,50,0%,0%,High,100,0,0
cadeau noces de bronze,EUR,50,0%,0%,High,100,0,0
cadeau noces de coton amis,EUR,50,-100%,-100%,Unknown,,0,0
cadeau noces de cotons,EUR,500,-90%,-90%,High,100,0.001693244,0.004419908
cadeau noces de faience,EUR,50,0%,0%,High,100,0.002624626,0.007114623
cadeau noces de faïence homme,EUR,50,-100%,-100%,Unknown,,0,0
cadeau noces de froment femme,EUR,50,0%,?,High,100,0,0
cadeau noces de muguet,EUR,500,0%,0%,High,100,0.001220544,0.003988936
cadeau noces de nickel,EUR,50,0%,0%,High,100,0,0
cadeau noces de palissandre,EUR,50,0%,0%,High,100,0,0
cadeau noces de perle,EUR,50,0%,0%,High,100,0,0
cadeau noces de plomb,EUR,50,0%,0%,High,100,0.002021526,0.008381459
cadeau noces de plomb femme,EUR,50,0%,0%,High,100,0,0
cadeau noces de porcelaine,EUR,50,0%,0%,High,100,0,0
cadeau noces de saphir,EUR,50,0%,0%,High,100,0,0
cadeau noces de vermeil,EUR,50,0%,0%,High,100,0.001064064,0.00270906
cadeau noces diamant,EUR,50,0%,0%,High,100,0,0
cadeau noces etain,EUR,50,0%,0%,High,100,0.001447114,0.004285596
cadeau noces froment,EUR,50,0%,0%,High,100,0.002476622,0.005466041
cadeau noel femme personnalisé,EUR,50,0%,-90%,High,97,0.003640442,0.009254161
cadeau noel futur grand parents,EUR,50,0%,0%,High,100,0.001988274,0.005608829
cadeau noel homme personnalisé,EUR,50,900%,0%,High,100,0.002778824,0.008004603
cadeau noel original grand parents,EUR,50,0%,0%,High,100,0.001591532,0.003948186
cadeau noel papi mamie,EUR,50,0%,-90%,High,100,0.001877434,0.005857893
cadeau noel papy et mamie,EUR,50,900%,0%,High,100,0.00177833,0.007145267
cadeau noel personnalisé femme,EUR,50,0%,0%,High,100,0.002302538,0.007554397
cadeau noel pour les grands parents,EUR,50,0%,0%,High,100,0.001727148,0.006612257
cadeau nouveau grand parent,EUR,50,0%,-90%,High,100,0.001780938,0.004992037
cadeau noël grand parents,EUR,500,900%,0%,High,100,0.001707262,0.005691307
cadeau noël original grand mère,EUR,50,0%,0%,High,100,0,0
cadeau noël parent,EUR,500,900%,0%,High,100,0.002108242,0.009592875
cadeau noël personnalisé grand parent,EUR,50,900%,0%,High,100,0.00325185,0.010327679
cadeau noël personnalisé photo,EUR,50,900%,0%,High,100,0.004572149,0.013996156
cadeau original anniversaire mariage,EUR,50,0%,0%,High,100,0,0
cadeau original avec photos,EUR,50,900%,0%,High,100,0.003739872,0.010488071
cadeau original fete des grands meres,EUR,50,0%,0%,Unknown,,0,0
cadeau original fete mere,EUR,5000,0%,-90%,High,78,0.001648908,0.005991879
cadeau original fetes des grands meres,EUR,50,0%,0%,Unknown,,0,0
cadeau original grand parents,EUR,50,900%,0%,High,100,0.00152405,0.006113803
cadeau original noce de bois,EUR,50,?,0%,High,100,0,0
cadeau original noce de froment,EUR,50,-100%,-100%,Unknown,,0,0
cadeau original noce de laine,EUR,50,?,0%,High,100,0,0
cadeau original noces d or,EUR,50,0%,0%,High,100,0,0
cadeau original noces de coton,EUR,50,0%,0%,High,100,0.00129585,0.003787468
cadeau original noces de diamant,EUR,50,0%,0%,Unknown,,0,0
cadeau original papy mamie,EUR,50,0%,0%,High,100,0.00175877,0.004875329
cadeau original personnalisé avec photo,EUR,50,0%,0%,High,100,0.002389254,0.009192547
cadeau original pour anniversaire de mariage,EUR,500,-90%,-90%,High,100,0.001897646,0.006749503
cadeau original pour fete des meres,EUR,5000,0%,-90%,High,78,0.001648908,0.005991879
cadeau original pour fête des mères,EUR,5000,0%,-90%,High,78,0.001648908,0.005991879
cadeau original pour grand parent,EUR,50,900%,0%,High,100,0.00152405,0.006113803
cadeau original pour la fete des grand mere,EUR,50,0%,0%,Unknown,,0,0
cadeau original pour la fete des mere,EUR,5000,0%,-90%,High,78,0.001648908,0.005991879
cadeau original pour la fete des meres,EUR,5000,0%,-90%,High,78,0.001648908,0.005991879
cadeau original pour la fête des grands mères,EUR,50,0%,0%,Unknown,,0,0
cadeau original pour ma maman,EUR,50,0%,0%,High,100,0.002385668,0.008697679
cadeau original pour noce de coton,EUR,50,-100%,0%,Unknown,,0,0
cadeau original pour noces de diamant,EUR,50,-100%,0%,Unknown,,0,0
cadeau original pour papy et mamie,EUR,50,?,0%,High,100,0.00177833,0.005604591
cadeau papi et mami,EUR,50,900%,0%,High,100,0.002031958,0.005926353
cadeau papi et mamie noel,EUR,50,900%,0%,High,100,0.002333508,0.006603781
cadeau papi mamie noel,EUR,50,900%,0%,High,99,0.00197393,0.005683483
cadeau papy mamie naissance,EUR,50,0%,-90%,High,100,0.002151274,0.003812896
cadeau parents anniversaire de mariage,EUR,50,0%,0%,High,100,0.002175398,0.004748841
cadeau personnalisable noel,EUR,500,0%,0%,High,100,0.002632776,0.008883173
cadeau personnalisé auchan,EUR,50,0%,0%,High,100,0.004061634,0.006881859
cadeau personnalisé avec photo pour homme,EUR,50,0%,0%,High,100,0.00277589,0.008380481
cadeau personnalisé femme noel,EUR,50,900%,0%,High,100,0.002501724,0.008959457
cadeau personnalisé homme noel,EUR,50,900%,0%,High,100,0.002778824,0.008004603
cadeau personnalisé noces d or,EUR,50,0%,0%,High,100,0,0
cadeau personnalisé noel homme,EUR,50,0%,0%,High,100,0.003870924,0.008657255
cadeau personnalisé nounou noel,EUR,50,0%,-90%,High,100,0.00307255,0.008850247
cadeau personnalisé papy et mamie,EUR,50,900%,0%,High,100,0.003636856,0.011257105
cadeau personnalisé pas cher pour noel,EUR,50,0%,0%,High,100,0.002624626,0.012701611
cadeau personnalisé photo saint valentin,EUR,50,0%,0%,High,100,0,0
cadeau personnalisé plexiglas,EUR,50,?,0%,High,100,0,0
cadeau personnalisé pour fête des mères,EUR,5000,-90%,-90%,High,100,0.003777036,0.008607051
cadeau personnalisé pour parents,EUR,50,900%,0%,High,100,0.002370346,0.008230847
cadeau photo cube,EUR,50,0%,0%,High,100,0.005545911,0.015580842
cadeau photo femme,EUR,50,0%,0%,High,100,0.005478103,0.01722975
cadeau photo fête des mères,EUR,500,0%,0%,High,100,0,0
cadeau photo fête des pères,EUR,500,0%,0%,High,100,0,0
cadeau plomb noce,EUR,50,?,0%,High,100,0,0
cadeau pour 1 an de mariage amis,EUR,50,0%,?,High,100,0,0
cadeau pour 1er anniversaire de mariage,EUR,50,-100%,-100%,Unknown,,0,0
cadeau pour anniv maman,EUR,5000,0%,0%,High,100,0.002665702,0.008668339
cadeau pour anniversaire de mariage de ses parents,EUR,50,-100%,0%,Unknown,,0,0
cadeau pour anniversaire de mariage parents,EUR,50,-100%,0%,Unknown,,0,0
cadeau pour arriere grand parent,EUR,50,0%,-90%,High,100,0.001704654,0.005068647
cadeau pour belle mère noël,EUR,50,900%,0%,High,100,0.001678248,0.006278759
cadeau pour des noces d or,EUR,50,0%,0%,High,100,0.000931382,0.004139874
cadeau pour faire plaisir a sa maman,EUR,50,0%,0%,High,100,0,0
cadeau pour femme anniversaire de mariage,EUR,50,0%,0%,High,100,0,0
cadeau pour femme maman,EUR,50,0%,0%,High,100,0.003301402,0.008702569
cadeau pour fete de mariage,EUR,50,0%,0%,High,100,0,0
cadeau pour fete des grands meres,EUR,5000,-90%,-90%,High,100,0.001858852,0.007152765
cadeau pour fete des maman,EUR,500,0%,0%,High,100,0.001099598,0.005029201
cadeau pour fete maman,EUR,50,0%,?,High,100,0,0
cadeau pour fetes des grands meres,EUR,5000,-90%,-90%,High,100,0.001858852,0.007152765
cadeau pour futur grand parent,EUR,50,900%,0%,High,100,0.00151916,0.005281525
cadeau pour fête des grand mères,EUR,50,0%,0%,Unknown,,0,0
cadeau pour fête des grands mères,EUR,5000,-90%,-90%,High,100,0.001858852,0.007152765
cadeau pour fête des mamans,EUR,500,0%,0%,High,100,0.001099598,0.005029201
cadeau pour grand parent noel,EUR,50,900%,0%,High,100,0.00170172,0.005503205
cadeau pour grand parent noël,EUR,50,900%,0%,High,100,0.00170172,0.005503205
cadeau pour grand parents à faire soi même,EUR,50,0%,0%,High,91,0,0
cadeau pour homme anniversaire de mariage,EUR,500,0%,0%,High,100,0.00178648,0.005600679
cadeau pour jeunes grand parents,EUR,50,0%,0%,High,100,0.001835706,0.006311359
cadeau pour la fete de sa mere,EUR,50,0%,0%,Unknown,,0,0
cadeau pour la fete des maman,EUR,50,0%,0%,High,71,0,0
cadeau pour la fete des mamie,EUR,5000,0%,-90%,High,100,0.002683632,0.005520809
cadeau pour la fete des mamies,EUR,5000,0%,-90%,High,100,0.002683632,0.005520809
cadeau pour la fete des meres original,EUR,5000,0%,-90%,High,78,0.001648908,0.005991879
cadeau pour la fete des parents,EUR,50,?,0%,High,100,0,0
cadeau pour la fête des grand mères,EUR,50,-100%,-100%,Unknown,,0,0
cadeau pour la fête des mamans,EUR,50,0%,0%,High,71,0,0
cadeau pour la fête des mères à acheter,EUR,50,0%,?,Low,0,0,0
cadeau pour les noces d or,EUR,50,0%,0%,High,100,0.001292264,0.005561885
cadeau pour les noces de bois,EUR,50,-100%,-100%,Unknown,,0,0
cadeau pour maman a faire,EUR,50,0%,0%,High,98,0.001772136,0.007319677
cadeau pour maman difficile,EUR,50,0%,0%,High,100,0.00222821,0.008362225
cadeau pour maman débordée,EUR,50,0%,0%,High,100,0.001330732,0.006954231
cadeau pour maman idee,EUR,50000,900%,0%,High,100,0.001693244,0.007872899
cadeau pour maman pas trop cher,EUR,50,0%,0%,High,100,0,0
cadeau pour mes grands parents,EUR,50,0%,0%,High,100,0.001649886,0.005282177
cadeau pour mon mari anniversaire de mariage,EUR,50,-100%,0%,Unknown,,0,0
cadeau pour noce d etain,EUR,50,0%,0%,High,100,0.000788594,0.00287369
cadeau pour noce de chypre,EUR,500,0%,0%,High,100,0.001504164,0.004830993
cadeau pour noce de cire,EUR,50,0%,0%,High,100,0,0
cadeau pour noce de coquelicot,EUR,500,0%,0%,High,100,0.001642714,0.003750956
cadeau pour noce de cuir,EUR,500,0%,0%,High,100,0.002466842,0.006942169
cadeau pour noce de diamant,EUR,500,0%,0%,High,100,0.00157295,0.005114613
cadeau pour noce de froment,EUR,5000,0%,0%,High,99,0.001962194,0.005445177
cadeau pour noce de laine,EUR,500,0%,0%,High,100,0.001714434,0.005841593
cadeau pour noce de perle,EUR,50,0%,0%,High,100,0,0
cadeau pour noce de porcelaine,EUR,500,-90%,0%,High,100,0.001966106,0.005913965
cadeau pour noces de bois,EUR,500,0%,0%,High,100,0.002116718,0.009112025
cadeau pour noces de cristal,EUR,50,0%,?,High,100,0,0
cadeau pour noces de froment,EUR,5000,0%,0%,High,99,0.001962194,0.005445177
cadeau pour notre maman,EUR,50,0%,0%,High,98,0.002818596,0.006806879
cadeau pour nouveau grand parents,EUR,50,0%,-90%,High,100,0.001780938,0.004992037
cadeau pour noël pour les mamans,EUR,50,0%,0%,High,100,0.001633586,0.006101415
cadeau pour papi mamie,EUR,50,0%,0%,High,100,0.001596748,0.005006055
cadeau pour papy mamie,EUR,50,0%,-90%,High,100,0.001985014,0.005421705
cadeau pour sa maman idee,EUR,50,0%,0%,High,100,0.002751114,0.008958479
cadeau pour super maman,EUR,50,0%,0%,High,100,0.001935136,0.011648957
cadeau pour ta maman,EUR,50,0%,0%,High,100,0,0
cadeau pour un 25e anniversaire de mariage,EUR,50,?,?,High,100,0,0
cadeau pour une premiere fete des meres,EUR,50,0%,0%,Unknown,,0,0
cadeau pour une super maman,EUR,50,0%,0%,High,100,0.001947198,0.006158465
cadeau premier anniversaire mariage,EUR,50,-100%,0%,Unknown,,0,0
cadeau premiere annee de mariage,EUR,50,0%,0%,High,100,0,0
cadeau saint valentin avec photo,EUR,50,0%,-100%,Unknown,,0,0
cadeau saint valentin homme photo,EUR,50,0%,-100%,Unknown,,0,0
cadeau saint valentin plaque spotify,EUR,50,0%,0%,Unknown,,0,0
cadeau utile grand parent,EUR,50,0%,-90%,High,100,0.000894544,0.002271242
cadeau à offrir à ses grands parents,EUR,50,0%,0%,High,100,0.00078729,0.004263754
cadeaux anniversaires mariage,EUR,5000,0%,0%,High,100,0.002073034,0.007570045
cadeaux avec photos perso,EUR,50,0%,-100%,Unknown,,0,0
cadeaux d anniversaire de mariage parents,EUR,50,-100%,-100%,Unknown,,0,0
cadeaux de noces,EUR,50,0%,0%,High,100,0.002659834,0.008344621
cadeaux grands parents noël,EUR,500,900%,0%,High,100,0.0016137,0.005760745
cadeaux noces d étain,EUR,50,0%,0%,High,100,0,0
cadeaux noces de perle,EUR,50,0%,0%,High,100,0,0
cadeaux noel pas cher personnalisé,EUR,50,0%,0%,High,100,0.002638644,0.011760775
cadeaux noel personnalisés,EUR,500,0%,0%,High,100,0.003379642,0.010375275
cadeaux noël parents,EUR,500,900%,0%,High,100,0.002108242,0.009592875
cadeaux originaux grands parents,EUR,50,900%,0%,High,100,0.00152405,0.006113803
cadeaux papi mamie noel,EUR,50,0%,0%,High,100,0,0
cadeaux personnalisés pour noel,EUR,500,0%,0%,High,100,0.002632776,0.008883173
cadeaux pour des grands parents,EUR,5000,900%,0%,High,100,0.00143929,0.005196765
cadeaux pour noce d or,EUR,500,-90%,0%,High,100,0.001974582,0.005125045
cadeaux pour un anniversaire de mariage,EUR,5000,-90%,-90%,High,100,0.001986644,0.007493435
cadre bapteme personnalisé,EUR,50,0%,0%,High,100,0,0
cadre famille personnalisée,EUR,50,0%,0%,High,100,0,0
cadre personnalisable couple,EUR,50,0%,0%,High,100,0.005316733,0.009974621
cadre personnalisé bois,EUR,50,0%,0%,High,100,0.005683809,0.013968446
cadre personnalisé en bois,EUR,50,0%,0%,High,100,0.003429194,0.009205261
cadre personnalisé famille pas cher,EUR,50,0%,0%,High,100,0.004119662,0.009446501
cadre personnalisé famille personnage,EUR,50,0%,0%,High,100,0.003329764,0.011435101
cadre personnalisé noel,EUR,50,0%,0%,High,100,0.003889832,0.014787032
cadre photo avec gravure,EUR,50,0%,0%,High,100,0.006571833,0.024028153
cadre photo avec message,EUR,50,0%,0%,High,100,0.009970709,0.022165716
cadre photo bapteme personnalisé,EUR,50,0%,0%,High,100,0,0
cadre photo bd personnalisable,EUR,50,?,?,High,100,0,0
cadre photo bois gravé,EUR,50,0%,0%,High,100,0.004197902,0.01773994
cadre photo cadeau anniversaire,EUR,50,0%,0%,High,100,0,0
cadre photo de naissance,EUR,50,0%,0%,High,86,0.003115582,0.018488762
cadre photo de naissance personnalisé,EUR,50,0%,?,High,100,0,0
cadre photo gravure,EUR,50,0%,0%,High,100,0.006376885,0.011728501
cadre photo gravé lumineux,EUR,50,0%,0%,High,100,0.002624626,0.007889199
cadre photo gravé mariage,EUR,50,0%,?,High,75,0,0
cadre photo metal personnalisé,EUR,50,0%,0%,High,100,0.004889347,0.027247729
cadre photo original famille,EUR,500,0%,0%,High,100,0.003775406,0.016935372
cadre photo personnalisé amazon,EUR,50,900%,0%,High,99,0.002161706,0.012193703
cadre photo personnalisé en ligne,EUR,50,0%,0%,High,100,0.004987147,0.029550593
cadre photo personnalisé noel,EUR,50,0%,-90%,High,100,0.005863109,0.017743852
cadre photo personnalisé parrain marraine,EUR,50,0%,0%,High,100,0.005631649,0.019519248
cadre photo personnalisé pour anniversaire,EUR,50,0%,0%,High,100,0,0
cadre photo personnalisé pour mariage,EUR,50,0%,0%,High,100,0,0
cadre photo personnalisé super heros,EUR,50,0%,0%,High,100,0.002414356,0.014096238
cadre photo portrait de famille,EUR,50,0%,0%,High,100,0,0
cadre photobooth a personnaliser,EUR,50,0%,0%,High,100,0,0
cadre photobooth personnalisé anniversaire,EUR,50,-100%,-100%,Unknown,,0,0
cadre portrait famille personnalisé,EUR,50,0%,0%,High,100,0.004981279,0.012971213
cadre transparent personnalisé,EUR,50,0%,0%,High,100,0.003217294,0.006151945
calendrier de l avent personnalisé homme idee,EUR,50,0%,0%,High,83,0,0
chaussettes photo personnalisées,EUR,500,900%,900%,High,100,0.00417117,0.012766485
chypre anniversaire de mariage,EUR,50,0%,0%,Low,0,0,0
chypre noce de mariage,EUR,50,0%,0%,Low,6,0,0
coffret grand parents,EUR,50,900%,0%,High,100,0.00248412,0.009935827
coffret pour grand parents,EUR,50,0%,0%,High,100,0.001672054,0.008378199
coque personnalisée photo pas cher,EUR,50,?,?,High,100,0,0
coussin de noel personnalisé,EUR,50,0%,0%,High,100,0,0
coussin de noël personnalisé,EUR,50,0%,0%,High,100,0,0
coussin noel personnalisé,EUR,50,0%,0%,High,100,0.003865382,0.013193871
creation photo personnalisé,EUR,50,0%,0%,High,100,0.007977219,0.023951217
créer son cadre personnalisé,EUR,50,?,0%,High,100,0,0
créer son cadre photo personnalisé,EUR,50,?,?,High,100,0,0
cube cadeau photo,EUR,50,0%,0%,High,100,0.002539866,0.013792406
deco boite anniversaire,EUR,500,-90%,0%,High,93,0,0
deco noel famille personnalisée,EUR,50,-90%,-90%,High,100,0.002707756,0.008615201
deco noel personnalisée famille,EUR,50,0%,0%,High,100,0.00245804,0.008383741
des idées de cadeaux pour la fête des mères,EUR,50,0%,-100%,Unknown,,0,0
faire un cadeau avec des photos,EUR,50,0%,0%,High,100,0.003221532,0.010822547
faire un cadeau photo,EUR,50,0%,0%,High,100,0.005400841,0.014692818
faire un cadeau pour la fete des meres,EUR,50,0%,0%,High,100,0,0
faire un cadeau pour la fête des mères,EUR,50,0%,0%,High,100,0,0
faire un porte clé photo,EUR,50,0%,0%,High,95,0,0
faire un tee shirt avec photo,EUR,50,0%,0%,High,86,0.004971173,0.009143647
fete des grand mere cadeau original,EUR,50,0%,-100%,Unknown,,0,0
fete des grand mere cadeau photo,EUR,50,-100%,-100%,Unknown,,0,0
fete des grand mere idee originale,EUR,50,0%,0%,Unknown,,0,0
fete des grand mere original,EUR,50,0%,0%,Unknown,,0,0
fete des mere original,EUR,50,0%,0%,Unknown,,0,0
fete des meres cadeau photo,EUR,50,0%,0%,Unknown,,0,0
fete des meres idee originale,EUR,50,0%,0%,Unknown,,0,0
fete des meres original,EUR,50,0%,-100%,Unknown,,0,0
fete des peres cadeau photo,EUR,50,0%,0%,Unknown,,0,0
fete des peres photo cadeau,EUR,50,0%,0%,Unknown,,0,0
fête des mères cadeau original,EUR,5000,0%,-90%,High,78,0.001648908,0.005991879
fête des mères idée originale,EUR,50,0%,0%,Unknown,,0,0
fête des mères original,EUR,50,0%,0%,Unknown,,0,0
grand parent cadeau,EUR,50,0%,-90%,High,100,0.001745078,0.004667341
grand parents cadeau,EUR,50,0%,-90%,High,100,0.001745078,0.004667341
gravure cadre photo,EUR,50,900%,0%,High,100,0.005913965,0.0151678
gravure photo personnalisé,EUR,50,0%,0%,High,100,0.005312821,0.011885633
gravure photo sur objet,EUR,50,0%,0%,High,100,0.00278404,0.011463463
idee activité anniversaire homme,EUR,50,-100%,-100%,Unknown,,0,0
idee anniversaire de mariage,EUR,500,-90%,-90%,High,100,0.001764638,0.003945578
idee anniversaire mariage,EUR,500,0%,0%,High,100,0.002746224,0.006750807
idee cadeau 1 an mariage homme,EUR,50,0%,0%,High,100,0,0
idee cadeau 1er anniversaire de mariage,EUR,50,0%,0%,High,100,0,0
idee cadeau 25e anniversaire de mariage,EUR,50,0%,0%,Unknown,,0,0
idee cadeau 50ème anniversaire de mariage,EUR,50,0%,0%,Unknown,,0,0
idee cadeau anniv mariage,EUR,500,0%,0%,High,100,0.001777678,0.007138747
idee cadeau anniversaire mariage 1 an,EUR,50,0%,0%,High,100,0,0
idee cadeau avec une photo,EUR,500,900%,0%,High,100,0.004099124,0.012562083
idee cadeau cadre photo,EUR,50,0%,0%,High,100,0.009124413,0.031785649
idee cadeau couple grand parents,EUR,50,0%,-90%,High,100,0.001347358,0.005870933
idee cadeau d anniversaire de mariage,EUR,50,0%,0%,High,79,0,0
idee cadeau de mariage 1 an,EUR,500,-90%,0%,High,100,0.001692592,0.004331236
idee cadeau de mariage parents,EUR,50,0%,0%,High,100,0.001107748,0.006331571
idee cadeau fete des mere original,EUR,5000,0%,0%,High,100,0.0008965,0.009054323
idee cadeau fete des meres original,EUR,50,0%,0%,Unknown,,0,0
idee cadeau fete des meres originale,EUR,5000,0%,0%,High,100,0.0008965,0.009054323
idee cadeau fete des meres photo,EUR,50,0%,-100%,Unknown,,0,0
idee cadeau fete des peres photo,EUR,50,-100%,-100%,Unknown,,0,0
idee cadeau futur grand parent,EUR,50,0%,-90%,High,100,0.001446136,0.005414207
idee cadeau grand parent personnalisé,EUR,50,0%,?,High,100,0,0
idee cadeau homme noce de bois,EUR,50,0%,0%,High,100,0,0
idee cadeau homme noce de coquelicot,EUR,50,0%,0%,Unknown,,0,0
idee cadeau homme noce de froment,EUR,50,?,0%,High,100,0,0
idee cadeau jeune grand parent,EUR,50,0%,0%,High,100,0.001393976,0.005131565
idee cadeau naissance pour grand parents,EUR,50,0%,0%,High,100,0,0
idee cadeau noce acajou,EUR,50,0%,0%,High,100,0,0
idee cadeau noce bois,EUR,50,0%,?,High,100,0,0
idee cadeau noce cire,EUR,50,0%,0%,High,100,0,0
idee cadeau noce coquelicot,EUR,50,0%,0%,High,100,0,0
idee cadeau noce cristal,EUR,50,0%,0%,High,100,0,0
idee cadeau noce cuir,EUR,50,0%,0%,High,100,0,0
idee cadeau noce d emeraude,EUR,50,0%,0%,High,100,0.001335296,0.003254458
idee cadeau noce de corail,EUR,50,0%,0%,High,100,0,0
idee cadeau noce de coton femme,EUR,50,0%,?,High,100,0,0
idee cadeau noce de cuir homme,EUR,50,0%,0%,High,100,0.00143929,0.006180307
idee cadeau noce de faience,EUR,50,0%,0%,High,100,0.00135453,0.003076788
idee cadeau noce de muguet,EUR,50,0%,0%,High,100,0,0
idee cadeau noce de perle,EUR,50,0%,0%,High,100,0.001353226,0.008625307
idee cadeau noce de plomb,EUR,50,0%,0%,High,100,0,0
idee cadeau noce de porcelaine,EUR,50,0%,0%,High,100,0,0
idee cadeau noce de satin,EUR,50,0%,0%,High,100,0,0
idee cadeau noce de soie,EUR,50,0%,0%,High,100,0,0
idee cadeau noce de turquoise,EUR,50,-100%,0%,Unknown,,0,0
idee cadeau noce emeraude,EUR,50,0%,0%,High,100,0,0
idee cadeau noce etain,EUR,500,0%,0%,High,100,0.001247602,0.003132534
idee cadeau noce faience,EUR,50,0%,0%,High,100,0,0
idee cadeau noce froment,EUR,50,0%,0%,High,100,0.0018093,0.004908255
idee cadeau noce porcelaine,EUR,50,0%,0%,High,100,0,0
idee cadeau noces coton,EUR,50,0%,0%,High,100,0,0
idee cadeau noces de cire,EUR,50,0%,0%,High,100,0.001585012,0.004265058
idee cadeau noces de cristal,EUR,50,0%,0%,High,100,0,0
idee cadeau noces de laine,EUR,50,0%,0%,High,100,0,0
idee cadeau noel papi mamie,EUR,50,0%,0%,High,100,0.00197067,0.007852361
idee cadeau noel papy mamie,EUR,50,900%,0%,High,100,0.00151101,0.005422357
idee cadeau noel personnalisable,EUR,500,0%,0%,High,100,0.002963666,0.009947563
idee cadeau noel pour grand parent,EUR,500,900%,0%,High,100,0.001373112,0.005079731
idee cadeau original fete des grand mere,EUR,50,-100%,-100%,Unknown,,0,0
idee cadeau original fete des mere,EUR,50,0%,0%,Unknown,,0,0
idee cadeau original grand parent,EUR,50,0%,0%,High,100,0.001412232,0.005068321
idee cadeau papi mamie,EUR,500,900%,0%,High,100,0.001426576,0.004921621
idee cadeau papy et mamie,EUR,500,900%,0%,High,100,0.001576536,0.004820235
idee cadeau parents âgées,EUR,50,0%,0%,High,100,0.00059332,0.003834086
idee cadeau personnalisé noel,EUR,50,0%,0%,High,100,0.00341159,0.011082695
idee cadeau photo com,EUR,50,?,0%,High,100,0.007018453,0.023084709
idee cadeau photo fete des peres,EUR,50,-100%,-100%,Unknown,,0,0
idee cadeau photo noel,EUR,50,900%,0%,High,100,0.005132217,0.014332588
idee cadeau photo souvenir,EUR,50,0%,-90%,High,100,0.004647129,0.012722801
idee cadeau pour 1 an de mariage,EUR,500,-90%,0%,High,100,0.001692592,0.004331236
idee cadeau pour anniversaire mariage,EUR,500,0%,0%,High,100,0.001777678,0.007138747
idee cadeau pour fete des mere,EUR,50000,0%,0%,High,99,0.00231623,0.011006737
idee cadeau pour grand parents,EUR,500,900%,0%,High,100,0.001103836,0.00453466
idee cadeau pour la fete des mamie,EUR,50,-100%,0%,Unknown,,0,0
idee cadeau pour la fete des meres,EUR,50,-100%,-100%,Unknown,,0,0
idee cadeau pour noce d etain,EUR,50,0%,0%,Unknown,,0,0
idee cadeau pour noce d or,EUR,50,0%,0%,High,100,0,0
idee cadeau pour noce de bois,EUR,50,-100%,0%,Unknown,,0,0
idee cadeau pour noces de diamant,EUR,50,0%,0%,High,86,0.001088188,0.043770385
idee cadeau pour papi et mamie,EUR,50,0%,0%,High,98,0.001379306,0.00431787
idee cadeau premier anniversaire mariage,EUR,50,0%,0%,High,100,0,0
idee cadeaux noel personnalisé,EUR,500,0%,0%,High,100,0.002963666,0.009947563
idee cadeaux personnalisés noel,EUR,50,0%,0%,High,100,0.00341159,0.011082695
idee calendrier de l avent personnalisé femme,EUR,50,0%,0%,High,98,0,0
idee de cadeau anniversaire de mariage,EUR,5000,0%,0%,High,100,0.00152405,0.006206387
idee de cadeau anniversaire mariage,EUR,5000,0%,0%,High,100,0.00152405,0.006206387
idee de cadeau avec des photos,EUR,50,0%,-90%,High,100,0.004407194,0.012897211
idee de cadeau d anniversaire de mariage pour homme,EUR,50,0%,0%,High,75,0,0
idee de cadeau pour anniversaire de mariage,EUR,5000,0%,0%,High,100,0.00152405,0.006206387
idee de cadeau pour fete des grand mere,EUR,500,0%,0%,High,100,0,0
idee de cadeau pour fete des mere,EUR,5000,0%,-90%,High,81,0,0
idee de cadeau pour fete des meres,EUR,5000,-90%,-90%,High,94,0,0
idee de cadeau pour la fete des grand mere,EUR,50,?,?,High,79,0,0
idee de cadeau pour la fête des mères,EUR,5000,-90%,-90%,High,94,0,0
idee de cadeau pour ma maman,EUR,50,900%,0%,High,98,0.001593162,0.006145751
idee de cadeaux pour fete des meres,EUR,5000,-90%,-90%,High,94,0,0
idee de cadeaux pour grand parents,EUR,500,0%,-90%,High,100,0.00125673,0.004571823
idee de cadeaux pour la fete des meres,EUR,5000,-90%,-90%,High,94,0,0
idee de personnalisation de coque,EUR,50,0%,0%,Medium,34,0,0
idee deco boite anniversaire,EUR,50,0%,0%,Medium,49,0,0
idee fete des meres originale,EUR,50,-100%,0%,Unknown,,0,0
idee grand parents,EUR,50,0%,-90%,High,100,0.001390716,0.004843707
idee noce de bois,EUR,50,0%,0%,High,100,0,0
idee noce de cire,EUR,50,0%,0%,High,100,0.001778004,0.003471248
idee noce de coton,EUR,50,0%,0%,High,100,0.001540676,0.006988787
idee noce de cuir,EUR,50,0%,0%,High,100,0,0
idee noce de froment,EUR,50,0%,?,High,100,0,0
idee noces de bois,EUR,50,0%,0%,High,100,0,0
idee noel parents,EUR,50,0%,0%,High,100,0.001778004,0.008637369
idee original fete des grand mere,EUR,50,0%,0%,Unknown,,0,0
idee original fete des mere,EUR,50,0%,0%,Unknown,,0,0
idee originale anniversaire femme,EUR,50,0%,0%,High,100,0,0
idee pour anniversaire de mariage,EUR,500,-90%,-90%,High,100,0.001764638,0.003945578
idee surprise anniversaire de mariage,EUR,50,0%,0%,High,100,0,0
idee surprise fete des meres,EUR,50,0%,0%,Unknown,,0,0
ideecadeauphoto com,EUR,50,?,0%,High,100,0.008861331,0.026194749
idees cadeaux anniversaire mariage,EUR,500,0%,0%,High,100,0.001777678,0.007138747
idees cadeaux noces d or,EUR,50,0%,?,High,100,0.00143929,0.005827575
idees cadeaux noces de bois,EUR,50,0%,0%,High,100,0,0
idees cadeaux papi mamie,EUR,500,900%,0%,High,100,0.001426576,0.004921621
idees cadeaux pour la fete des meres,EUR,50,-100%,0%,Unknown,,0,0
idees cadeaux pour sa mere,EUR,500,900%,0%,High,100,0.001916554,0.008296373
idees de cadeau pour la fete des meres,EUR,5000,-90%,-90%,High,94,0,0
idée cadeau 25ème anniversaire de mariage,EUR,50,0%,0%,Unknown,,0,0
idée cadeau 30e anniversaire de mariage,EUR,50,0%,0%,Unknown,,0,0
idée cadeau a partir d une photo,EUR,50,0%,0%,High,93,0.003764322,0.008328647
idée cadeau anniversaire de mariage 1 an,EUR,50,0%,0%,High,100,0,0
idée cadeau anniversaire de mariage femme,EUR,50,0%,0%,High,100,0,0
idée cadeau anniversaire de mariage original,EUR,50,0%,0%,High,100,0,0
idée cadeau anniversaire de mariage pour femme,EUR,50,0%,0%,High,100,0,0
idée cadeau anniversaire de mariage pour homme,EUR,50,0%,0%,High,100,0.001180772,0.003875814
idée cadeau anniversaire mariage pour homme,EUR,500,-90%,-90%,High,100,0.00135453,0.004922925
idée cadeau femme anniversaire mariage,EUR,50,0%,0%,High,100,0,0
idée cadeau fête des pères avec photo,EUR,50,0%,0%,Unknown,,0,0
idée cadeau grand parent fait main noel,EUR,50,0%,-90%,High,93,0,0
idée cadeau grands parents noel,EUR,500,900%,0%,High,100,0.00139365,0.005268159
idée cadeau homme 1 an de mariage,EUR,50,0%,-100%,Unknown,,0,0
idée cadeau homme anniversaire de mariage,EUR,50,0%,0%,High,100,0.002509222,0.004772965
idée cadeau homme noce de coton,EUR,50,0%,0%,High,100,0,0
idée cadeau mariage noce de froment,EUR,50,0%,0%,High,100,0,0
idée cadeau noce chypre,EUR,50,0%,?,High,100,0,0
idée cadeau noce corail,EUR,50,-100%,-100%,Unknown,,0,0
idée cadeau noce coton homme,EUR,50,?,?,High,100,0,0
idée cadeau noce de bronze,EUR,50,-100%,-100%,Unknown,,0,0
idée cadeau noce de chypre,EUR,500,0%,0%,High,100,0.00152405,0.005397907
idée cadeau noce de cire homme,EUR,50,0%,?,High,100,0,0
idée cadeau noce de coquelicot homme,EUR,50,0%,0%,High,100,0,0
idée cadeau noce de cristal,EUR,50,0%,0%,High,67,0,0
idée cadeau noce de cristal homme,EUR,50,?,0%,High,100,0,0
idée cadeau noce de cuir femme,EUR,50,0%,0%,High,100,0,0
idée cadeau noce de diamant,EUR,50,0%,0%,High,86,0.001088188,0.043770385
idée cadeau noce de froment homme,EUR,50,0%,0%,High,100,0,0
idée cadeau noce de saphir,EUR,50,0%,0%,Unknown,,0,0
idée cadeau noces de chypre,EUR,50,0%,0%,High,100,0,0
idée cadeau noces de coquelicot,EUR,50,0%,0%,High,100,0,0
idée cadeau noces de diamant,EUR,50,0%,0%,High,100,0,0
idée cadeau noces de faience,EUR,50,0%,0%,High,100,0,0
idée cadeau noces de laine,EUR,50,0%,0%,High,100,0,0
idée cadeau noces de plomb,EUR,50,0%,0%,High,100,0,0
idée cadeau noces de porcelaine,EUR,50,0%,0%,High,100,0,0
idée cadeau noel grand parent,EUR,500,900%,0%,High,100,0.001373112,0.005079731
idée cadeau noel homme personnalisé,EUR,50,0%,0%,High,100,0.002317534,0.005963843
idée cadeau original fête des mères,EUR,50,-100%,-100%,Unknown,,0,0
idée cadeau original noce de coton,EUR,50,0%,0%,Unknown,,0,0
idée cadeau original pour maman,EUR,500,900%,0%,High,100,0.001888518,0.006665721
idée cadeau papy et mamie,EUR,500,900%,0%,High,100,0.001576536,0.004820235
idée cadeau personnalisé grand parents,EUR,50,?,0%,High,100,0.002624626,0.018803026
idée cadeau personnalisé photo,EUR,500,0%,0%,High,100,0.004385026,0.011655151
idée cadeau pour anniversaire de mariage des parents,EUR,50,0%,0%,High,100,0,0
idée cadeau pour des grands parents,EUR,50,900%,900%,High,100,0.001147194,0.004112816
idée cadeau pour futur grand parents,EUR,50,0%,-90%,High,100,0.001446136,0.005414207
idée cadeau pour fête des grand mères,EUR,50,0%,0%,Unknown,,0,0
idée cadeau pour grand parents pas cher,EUR,50,0%,-90%,High,100,0.000755668,0.002455106
idée cadeau pour la fete des grand mere,EUR,50,-100%,-100%,Unknown,,0,0
idée cadeau pour la fete des meres,EUR,50,-100%,-100%,Unknown,,0,0
idée cadeau pour la fête des mamans,EUR,50,0%,-100%,Unknown,,0,0
idée cadeau pour noce de chypre,EUR,50,-100%,-100%,Unknown,,0,0
idée cadeau pour noce de coton,EUR,500,0%,0%,High,100,0.001991208,0.005764331
idée cadeau pour noce de cuir,EUR,500,-90%,0%,High,100,0.002421528,0.009023679
idée cadeau pour noces de bois,EUR,500,-90%,0%,High,100,0.002031958,0.008574777
idée cadeau pour ses grands parents,EUR,50,0%,-90%,High,100,0.000824128,0.004254952
idée cadeau pour un anniversaire de mariage,EUR,50,0%,0%,High,100,0,0
idée de cadeau de noel personnalisé,EUR,50,900%,0%,High,100,0.002770348,0.009917571
idée de cadeau de noel pour grand parent,EUR,500,0%,0%,High,100,0.001403756,0.004892933
idée de cadeau noce de coton,EUR,50,0%,0%,High,100,0,0
idée de cadeau original pour la fête des mères,EUR,50,0%,0%,Unknown,,0,0
idée de cadeau pour 1 an de mariage,EUR,50,-100%,-100%,Unknown,,0,0
idée de cadeau pour anniversaire mariage,EUR,50,0%,?,High,100,0,0
idée de cadeau pour belle maman,EUR,50,0%,0%,High,100,0.001420056,0.006584873
idée de cadeau pour la fête des grands mères,EUR,50,?,0%,Low,0,0,0
idée de cadeau pour la fête des mères facile,EUR,50,0%,0%,Unknown,,0,0
idée de cadeau pour les grands parents,EUR,50,900%,0%,High,100,0.000942466,0.003914282
idée de cadeau pour papi et mamie,EUR,50,0%,0%,High,100,0,0
idée de cadeau pour ses grands parents,EUR,50,0%,-90%,High,100,0.001119158,0.005387801
idée de cadeau pour un anniversaire de mariage,EUR,50,0%,0%,Low,0,0,0
idée de surprise pour anniversaire de mariage,EUR,50,0%,0%,High,100,0,0
idée noël parents,EUR,50,0%,0%,High,75,0,0
idée originale anniversaire de mariage,EUR,50,0%,-100%,Unknown,,0,0
idée originale cadeau fête des mères,EUR,5000,0%,0%,High,100,0.0008965,0.009054323
idée originale fête des mères,EUR,50,0%,0%,Unknown,,0,0
idée originale pour la fête des mères,EUR,50,0%,0%,Unknown,,0,0
idée photo cadeau original,EUR,50,-100%,0%,Unknown,,0,0
idée photo personnalisé,EUR,50,0%,0%,High,100,0.005513963,0.013799904
idée premier anniversaire de mariage,EUR,50,0%,0%,High,100,0,0
idée surprise anniversaire mariage,EUR,50,-100%,-100%,Unknown,,0,0
idéecadeauphoto,EUR,50,0%,0%,High,100,0.007856599,0.016482558
idées cadeau grands parents,EUR,5000,900%,0%,High,100,0.001192834,0.004571823
idées cadeaux cadeau pour maman,EUR,50,0%,0%,High,100,0,0
idées cadeaux noel avec photos,EUR,50,0%,0%,High,100,0.004704831,0.012870805
idées cadeaux photos personnalisées,EUR,500,900%,0%,High,100,0.004817301,0.014016694
idées de cadeau pour la fête des mères,EUR,5000,-90%,-90%,High,94,0,0
idées de cadeaux pour fête des mères,EUR,50,0%,0%,High,100,0,0
idées de cadeaux pour la fête des mamans,EUR,50,0%,0%,High,100,0,0
idées de cadeaux pour les fêtes des mères,EUR,50,0%,0%,Unknown,,0,0
impression de photo sur tee shirt,EUR,50,0%,0%,High,100,0.010744307,0.025059943
impression photo taie d oreiller,EUR,50,?,0%,High,100,0.004830993,0.011711223
jogging personnalisé photo,EUR,50,0%,0%,High,100,0.003919172,0.008868177
joyeux anniversaire noce de coton,EUR,50,0%,0%,Low,5,0,0
le meilleur cadeau pour la fête des mères,EUR,50,0%,0%,High,100,0,0
le meilleur cadeau pour une maman,EUR,50,0%,0%,High,100,0.001952414,0.005232951
les meilleurs cadeaux pour la fête des mères,EUR,50,0%,-100%,Unknown,,0,0
les noces de cuir,EUR,50,0%,0%,Low,2,0,0
les noces de faience,EUR,50,0%,0%,Low,0,0,0
les noces de froment,EUR,50,0%,0%,Low,2,0,0
les noces de laine,EUR,50,0%,0%,Low,3,0,0
livre pere noel personnalisé,EUR,50,0%,0%,High,100,0.005860175,0.018423236
livre personnalisé noel photo,EUR,50,0%,0%,Unknown,,0,0
mamie et papy box,EUR,50,0%,0%,High,100,0,0
mariage 1 an noce de coton,EUR,50,0%,0%,Medium,48,0,0
mariage noce de bois,EUR,50,0%,0%,Low,0,0,0
mariage noce de coton,EUR,500,0%,-90%,Medium,38,0,0
mariage noce de quoi,EUR,500,0%,0%,Low,8,9.943E-05,0.000330564
mariage noces d or,EUR,50,0%,0%,Low,4,0,0
meilleur cadeau pour grand parent,EUR,50,?,0%,High,100,0,0
meilleur cadeau pour la fete des mere,EUR,50,0%,0%,High,100,0,0
meilleure cadeau pour maman,EUR,50,0%,0%,High,100,0.002289824,0.009253835
mon livre de noel personnalisé,EUR,50,-100%,0%,Unknown,,0,0
mon premier noel personnalisé,EUR,50,0%,0%,High,100,0.00435699,0.012491993
noce 1 an cadeau,EUR,50,0%,0%,High,100,0,0
noce 1 an de mariage,EUR,500,0%,0%,Low,6,0.000100408,0.003338566
noce 1 an mariage,EUR,50,0%,0%,Low,4,0,0
noce 15 anniversaire de mariage,EUR,50,0%,?,Low,0,0,0
noce 18 anniversaire de mariage,EUR,50,0%,0%,Low,0,0,0
noce 19 anniversaire de mariage,EUR,50,0%,0%,Low,0,0,0
noce 20 anniversaire de mariage,EUR,50,0%,0%,Low,18,0,0
noce 25 anniversaire de mariage,EUR,50,0%,0%,Low,14,0,0
noce 25 mariage,EUR,50,?,0%,Low,0,0,0
noce 25e anniversaire mariage,EUR,50,0%,-100%,Unknown,,0,0
noce 29 anniversaire de mariage,EUR,50,0%,0%,Low,0,0,0
noce 30 anniversaire de mariage,EUR,5000,0%,0%,Low,6,9.9756E-05,0.002201152
noce 35 anniversaire de mariage,EUR,50,0%,0%,Low,0,0,0
noce 4 anniversaire de mariage,EUR,50,?,0%,Low,0,0,0
noce 40 anniversaire de mariage,EUR,5000,0%,0%,Low,7,9.9756E-05,0.001984036
noce 45 anniversaire de mariage,EUR,500,0%,0%,Low,3,9.9756E-05,0.00051508
noce 50 anniversaire de mariage,EUR,50,0%,0%,Low,0,0,0
noce anniversaire,EUR,500,0%,0%,Low,9,9.9756E-05,0.001074822
noce anniversaire de mariage,EUR,500,0%,0%,Low,13,0.000100734,0.004565955
noce chypre cadeau,EUR,50,0%,0%,High,100,0,0
noce chypre trouver cadeau,EUR,50,0%,0%,Unknown,,0,0
noce coquelicot cadeau,EUR,50,0%,0%,High,100,0.001358768,0.006519021
noce coton idee cadeau,EUR,50,-100%,-100%,Unknown,,0,0
noce cuir cadeau,EUR,50,0%,0%,High,100,0,0
noce d acajou quoi offrir,EUR,50,0%,0%,High,100,0,0
noce d anniversaire de mariage,EUR,50,0%,0%,Low,4,0,0
noce d emeraude cadeau,EUR,50,0%,0%,High,98,0.0010269,0.002088682
noce d opale cadeau,EUR,50,0%,0%,High,100,0,0
noce d or cadeau original,EUR,50,0%,?,High,100,0,0
noce d un an de mariage,EUR,50,0%,0%,Low,5,0,0
noce d émeraude cadeau,EUR,50,0%,0%,High,98,0.0010269,0.002088682
noce d émeraude idée cadeau,EUR,50,?,?,High,100,0,0
noce de 1 an coton,EUR,50,-100%,0%,Unknown,,0,0
noce de 1 an de mariage,EUR,50,0%,0%,Low,10,0,0
noce de beryl cadeau,EUR,50,0%,0%,High,100,0,0
noce de bois idee cadeau,EUR,500,-90%,0%,High,100,0.002031958,0.008574777
noce de bois idée cadeau,EUR,500,-90%,0%,High,100,0.002031958,0.008574777
noce de bois mariage,EUR,500,-90%,0%,Low,31,0.000100408,0.000918994
noce de bronze cadeau,EUR,50,0%,0%,High,92,0,0
noce de bronze quel cadeau,EUR,50,0%,0%,Unknown,,0,0
noce de béryl cadeau,EUR,50,0%,0%,High,100,0,0
noce de chypre cadeau femme,EUR,50,0%,0%,High,100,0,0
noce de chypre quoi offrir,EUR,50,0%,0%,Medium,60,0,0
noce de cire cadeau homme,EUR,50,0%,0%,High,100,0,0
noce de cire idee cadeau,EUR,500,-90%,0%,High,100,0.001862438,0.005287067
noce de cire idée cadeau,EUR,500,-90%,0%,High,100,0.001862438,0.005287067
noce de cire idée cadeau homme,EUR,50,-100%,-100%,Unknown,,0,0
noce de cire quel cadeau,EUR,50,-100%,0%,Unknown,,0,0
noce de cire quoi offrir,EUR,50,0%,0%,High,100,0,0
noce de coquelicot cadeau femme,EUR,50,?,?,High,100,0,0
noce de coquelicot cadeau homme,EUR,50,0%,0%,High,100,0,0
noce de coquelicot idée cadeau,EUR,50,-100%,-100%,Unknown,,0,0
noce de corail idée cadeau,EUR,50,0%,0%,Unknown,,0,0
noce de coton cadeau 1 an de mariage,EUR,50,0%,0%,High,100,0,0
noce de coton idee,EUR,50,-100%,-100%,Unknown,,0,0
noce de coton idee cadeau,EUR,500,0%,0%,High,100,0.001991208,0.005764331
noce de coton mariage,EUR,500,0%,-90%,Medium,38,0,0
noce de coton quel cadeau,EUR,50,-100%,-100%,Unknown,,0,0
noce de coton quoi offrir,EUR,50,0%,0%,High,100,0,0
noce de cretonne idee cadeau,EUR,50,0%,0%,Unknown,,0,0
noce de cretonne quoi offrir,EUR,50,0%,0%,High,90,0,0
noce de cristal cadeau homme,EUR,50,0%,0%,High,100,0,0
noce de cristal idee cadeau,EUR,50,?,0%,High,100,0,0
noce de cuir cadeau femme,EUR,50,0%,0%,High,100,0,0
noce de cuir idee cadeau,EUR,50,0%,0%,High,100,0,0
noce de cuir mariage,EUR,50,0%,0%,Low,18,0,0
noce de cuir quoi offrir,EUR,50,0%,0%,High,100,0,0
noce de faience cadeau,EUR,500,0%,0%,High,100,0.000997234,0.003199364
noce de faience cadeau homme,EUR,50,0%,0%,High,100,0.001552086,0.005079731
noce de faience idée cadeau,EUR,50,0%,0%,High,100,0.00135453,0.003076788
noce de froment idée cadeau,EUR,500,-90%,0%,High,100,0.001617612,0.004051202
noce de froment quel cadeau,EUR,50,-100%,-100%,Unknown,,0,0
noce de froment quoi offrir,EUR,50,0%,0%,High,100,0,0
noce de laine cadeau femme,EUR,50,0%,0%,High,100,0,0
noce de laine cadeau homme,EUR,50,0%,0%,High,100,0,0
noce de laine idee cadeau,EUR,50,0%,0%,High,100,0,0
noce de laine quoi offrir,EUR,50,0%,0%,High,100,0,0
noce de mariage 1 an,EUR,500,0%,0%,Low,2,0,0
noce de mariage cadeau,EUR,50,0%,0%,High,100,0,0
noce de mariage diamant,EUR,50,0%,0%,Low,3,0,0
noce de mercure quoi offrir,EUR,50,0%,0%,High,100,0,0
noce de mousseline quoi offrir,EUR,50,0%,0%,High,81,0,0
noce de muguet cadeau,EUR,50,0%,0%,High,100,0.001693244,0.005001491
noce de muguet cadeau homme,EUR,50,0%,0%,High,100,0.001177186,0.005052347
noce de nickel cadeaux,EUR,50,0%,0%,High,100,0,0
noce de palissandre cadeau,EUR,50,0%,0%,High,100,0,0
noce de papier quoi offrir,EUR,50,0%,0%,High,88,0,0
noce de perle cadeau homme,EUR,50,0%,0%,High,96,0,0
noce de perle idee cadeau,EUR,50,0%,0%,High,100,0,0
noce de plomb cadeau,EUR,500,0%,0%,High,100,0.001350944,0.003960248
noce de plomb idee cadeau,EUR,50,0%,0%,High,100,0,0
noce de porcelaine cadeau,EUR,500,-90%,0%,High,100,0.001966106,0.005913965
noce de porcelaine idee cadeau,EUR,50,0%,0%,High,100,0,0
noce de rose cadeau homme,EUR,50,0%,0%,High,100,0,0
noce de rose mariage,EUR,50,0%,0%,Low,0,0,0
noce de rubis cadeau,EUR,50,0%,0%,High,96,0.001591532,0.004952591
noce de rubis idee cadeau,EUR,50,0%,0%,High,100,0,0
noce de saphir cadeau homme,EUR,50,0%,0%,High,100,0,0
noce de saphir idee cadeau,EUR,50,-100%,-100%,Unknown,,0,0
noce de soie idée cadeau,EUR,50,0%,0%,High,100,0.001366266,0.00305951
noce de soie mariage,EUR,50,0%,0%,Low,18,0,0
noce de turquoise cadeau,EUR,50,0%,0%,High,81,0,0
noce de velours idée cadeau,EUR,50,0%,0%,High,100,0,0
noce de vermeil cadeau,EUR,50,0%,0%,High,100,0.001266184,0.003379316
noce de vermeil quoi offrir,EUR,50,0%,0%,High,100,0,0
noce diamant cadeau,EUR,50,0%,0%,High,100,0,0
noce faience cadeau,EUR,50,0%,0%,High,100,0,0
noce froment,EUR,500,0%,0%,Low,27,0,0
noce froment cadeau,EUR,50,0%,0%,High,100,0.001813864,0.00403425
noce froment idee cadeau,EUR,50,0%,0%,High,100,0,0
noce laine,EUR,50,0%,0%,Low,9,0,0
noce porcelaine cadeau,EUR,50,0%,0%,High,100,0.001912968,0.004568563
noce un an de mariage,EUR,500,0%,0%,Low,6,9.9756E-05,0.001292264
noces 1 an de mariage cadeau,EUR,50,0%,0%,High,100,0,0
noces anniversaire mariage,EUR,50,0%,0%,Low,7,0,0
noces chypre idée cadeau,EUR,50,-100%,-100%,Unknown,,0,0
noces coquelicot idée cadeau,EUR,50,0%,0%,High,100,0,0
noces corail idée cadeau,EUR,50,0%,0%,High,100,0,0
noces coton cadeau,EUR,50,0%,0%,High,100,0.001937092,0.004415018
noces cuir,EUR,500,0%,0%,Low,6,0,0
noces d acajou idée cadeau,EUR,50,-100%,-100%,Unknown,,0,0
noces d etain cadeau,EUR,500,-90%,0%,High,100,0.001298458,0.003614688
noces d or cadeaux,EUR,500,0%,-90%,High,98,0.001301066,0.00426082
noces d or quel cadeau offrir,EUR,50,0%,0%,High,100,0,0
noces d étain idée cadeau,EUR,50,0%,0%,High,82,0.0009943,0.00202935
noces de bois idee cadeau,EUR,50,0%,0%,High,100,0,0
noces de bronze quel cadeau,EUR,50,-100%,-100%,Unknown,,0,0
noces de béryl quel cadeau,EUR,50,0%,-100%,Unknown,,0,0
noces de cire cadeau homme,EUR,50,0%,0%,High,100,0,0
noces de corail cadeau,EUR,50,0%,0%,High,100,0.001947198,0.005760745
noces de corail cadeau homme,EUR,50,0%,?,Medium,50,0,0
noces de corail idée cadeau,EUR,50,0%,0%,High,100,0,0
noces de coton cadeau pour homme,EUR,50,0%,?,High,100,0,0
noces de cretonne cadeau,EUR,50,0%,0%,High,100,0,0
noces de cristal cadeau homme,EUR,50,0%,0%,High,100,0,0
noces de cuivre idées cadeaux,EUR,50,0%,0%,Unknown,,0,0
noces de faience,EUR,5000,-90%,0%,Low,7,9.8778E-05,0.003462772
noces de faience idée cadeau,EUR,50,0%,0%,High,100,0.00135453,0.003076788
noces de faïence cadeau,EUR,500,0%,0%,High,100,0.000997234,0.003199364
noces de laine,EUR,5000,0%,0%,Low,7,0.002741986,0.005101899
noces de laine idée cadeau,EUR,500,0%,0%,High,100,0.001959586,0.007429213
noces de nickel idées cadeaux,EUR,50,0%,0%,Unknown,,0,0
noces de satin cadeaux,EUR,50,0%,0%,High,100,0,0
noces de topaze idées cadeaux,EUR,50,0%,0%,High,100,0,0
noces de vermeil idées cadeaux,EUR,50,0%,0%,Unknown,,0,0
noces faience,EUR,500,0%,0%,Low,20,0,0
noces froment cadeau,EUR,50,0%,0%,High,100,0.001813864,0.00403425
noces mariage anniversaire,EUR,500,0%,0%,Low,15,9.943E-05,0.00379627
noel grand parent,EUR,50,0%,0%,High,78,0,0
noel grand parents,EUR,50,0%,0%,High,100,0.001437986,0.006410463
noel personnalisée,EUR,50,0%,0%,High,100,0.003526994,0.013267873
noël grands parents,EUR,50,0%,0%,High,100,0,0
objet cadeau photo,EUR,50,0%,0%,High,100,0.006160421,0.018099192
objet de noel personnalisée,EUR,50,0%,0%,High,100,0.002879232,0.009339899
objet en plomb pour anniversaire de mariage,EUR,500,0%,0%,High,100,0,0
objet personnalisé auchan,EUR,50,0%,0%,High,100,0.002064232,0.005494403
objet personnalisé cadeau de noel,EUR,50,0%,0%,High,100,0,0
objet photo pas cher,EUR,50,0%,0%,High,100,0.006265393,0.012507315
objet photo personnalisé pas cher,EUR,50,0%,0%,High,100,0,0
objets personnalises avec photo,EUR,50,0%,0%,High,100,0.006188131,0.01607245
objets personnalisés noel,EUR,50,0%,0%,High,100,0.00434069,0.018228288
oreiller photo personnalisé,EUR,500,0%,0%,High,100,0.005711845,0.017292668
original bonne fete des meres a toutes les mamans,EUR,5000,0%,0%,Low,9,0,0
original bonne fete maman,EUR,500,0%,0%,High,100,0,0
original bonne fête des mères,EUR,5000,0%,0%,Medium,48,0,0
papy et mamie cadeau,EUR,50,0%,0%,High,100,0.00270906,0.006073705
papy mamie cadeau,EUR,50,0%,0%,High,100,0.001934484,0.008259535
pare soleil personnalisé avec photo,EUR,50,0%,0%,High,100,0,0
pas de cadeau pour la fete des meres,EUR,50,0%,0%,Unknown,,0,0
pas de cadeau pour la fête des mères,EUR,50,0%,0%,Unknown,,0,0
pas de cadeau pour notre anniversaire de mariage,EUR,50,0%,0%,Low,0,0,0
peignoir avec photo,EUR,50,0%,0%,High,100,0.006120649,0.008660515
peignoir femme personnalisé avec photo,EUR,50,0%,0%,High,100,0,0
peignoir personnalisé homme avec photo,EUR,50,0%,0%,High,100,0.00442708,0.011252215
peignoir photo personnalisé,EUR,50,0%,0%,High,100,0.005697175,0.012909925
pere noel avec photo personnalisé,EUR,50,0%,0%,High,100,0.001176534,0.013562577
personnalisation d objets avec photos,EUR,50,0%,-100%,Unknown,,0,0
personnaliser calecon photo,EUR,50,0%,-100%,Unknown,,0,0
personnaliser coque portable,EUR,500,0%,0%,High,100,0.004204096,0.011592233
personnaliser des coques,EUR,50000,0%,0%,High,100,0.003972962,0.010985547
personnaliser des photos,EUR,50,0%,0%,High,100,0.007975589,0.015790134
personnaliser ses photos,EUR,50,0%,0%,High,100,0.012820927,0.03750923
personnaliser tee shirt photo,EUR,5000,0%,0%,High,100,0.005711193,0.013267221
personnaliser un objet avec une photo,EUR,500,900%,0%,High,100,0.004770683,0.012818971
personnaliser un sweat avec photo,EUR,50,?,?,High,100,0,0
personnaliser un tee shirt avec une photo,EUR,500,0%,0%,High,100,0.005903207,0.014978068
personnaliser une taie d oreiller,EUR,50,0%,0%,High,100,0.005552105,0.014728352
personnalisée photo,EUR,5000,0%,0%,High,100,0.007870291,0.02201217
petit cadeau personnalisé pour noel,EUR,50,0%,0%,High,100,0.002356328,0.009240143
petit cadeau pour la fete des meres,EUR,500,0%,0%,High,67,0,0
petit cadeau pour la fête des mères,EUR,50,-100%,-100%,Unknown,,0,0
petit cadeau pour sa maman,EUR,50,0%,0%,High,100,0.001104488,0.004274186
petit cadeau pour une maman,EUR,50,900%,0%,High,100,0.001676618,0.005736621
photo cadeau original,EUR,500,0%,-90%,High,100,0.003877118,0.012499491
photo cadeaux anniversaire,EUR,500,0%,0%,High,100,0.006623015,0.019058936
photo de tee shirt,EUR,50,0%,0%,High,100,0,0
photo mosaique personnalisée,EUR,50,0%,-90%,High,100,0.005231973,0.018281426
photo noel personnalisée,EUR,50,900%,0%,High,100,0.005153733,0.012807561
photo personnalisé 3d,EUR,50,0%,0%,High,100,0.00413368,0.01558345
photo personnalisé anniversaire,EUR,50,0%,0%,High,100,0.003900264,0.013549211
photo personnalisé fete des meres,EUR,50,-100%,0%,Unknown,,0,0
photo porte clés,EUR,5000,900%,0%,High,100,0.004247454,0.011230373
photo super heros personnalisé,EUR,50,0%,0%,High,100,0.003729114,0.020234166
photo sur carrelage personnalisé,EUR,50,0%,0%,High,100,0.001782568,0.006957165
photo t shirt personnalisé,EUR,50,0%,0%,High,100,0.005524069,0.017355912
photo tee shirt personnalisé,EUR,5000,0%,0%,High,100,0.005711193,0.013267221
photo texte personnalisé,EUR,50,0%,0%,High,100,0.006557815,0.012989143
photo à personnaliser,EUR,5000,0%,0%,High,100,0.007870291,0.02201217
photobox tee shirt personnalisé,EUR,50,0%,0%,High,100,0.004274186,0.015188012
photos personnalisés,EUR,5000,0%,0%,High,100,0.007870291,0.02201217
porphyre cadeau mariage,EUR,50,0%,0%,High,100,0,0
porte cle photo fete des meres,EUR,50,0%,0%,Unknown,,0,0
porte clef pour photo,EUR,500,0%,0%,High,100,0.001270096,0.007086913
porte clé gravé photo et texte,EUR,50,0%,?,High,100,0,0
porte clé mural avec photo,EUR,50,0%,0%,High,100,0,0
porte clé personnalise photo,EUR,5000,0%,0%,High,100,0.004858051,0.011343495
porte clé personnalisé cheerz,EUR,50,0%,0%,High,100,0.005719343,0.009793039
porte clé personnalisé photo et gravure,EUR,50,?,0%,High,100,0,0
porte clé personnalisé photo fete des peres,EUR,50,0%,0%,Unknown,,0,0
porte clé personnalisé photo pas cher,EUR,50,0%,0%,High,100,0,0
porte clé photo bois,EUR,50,0%,0%,High,100,0.003492438,0.007401503
porte clé photo et texte,EUR,50,0%,0%,High,100,0,0
porte clé photo gravé bois,EUR,50,0%,?,High,100,0,0
porte clé photo livraison rapide,EUR,50,0%,0%,High,100,0.002727316,0.011039011
porte clé photo lumineux,EUR,50,0%,0%,Unknown,,0,0
porte clé photo original,EUR,50,0%,0%,High,100,0.001425598,0.007936469
porte clé photo personnalisé amazon,EUR,50,0%,0%,High,94,0.001606202,0.007156677
porte clé photo photobox,EUR,50,0%,0%,High,100,0.003135142,0.011845535
porte clés fête des pères avec photo,EUR,50,0%,0%,Unknown,,0,0
porte manteau personnalisé photo,EUR,50,-100%,-100%,Unknown,,0,0
porte monnaie photo personnalisé,EUR,50,0%,-90%,High,100,0.003500914,0.008575429
porte photo porte clé,EUR,50,900%,0%,High,99,0.00153546,0.009208521
portrait andy warhol personnalisé,EUR,50,?,0%,High,100,0,0
portrait de famille à personnaliser,EUR,50,-100%,-100%,Unknown,,0,0
portrait famille original,EUR,50,0%,0%,High,100,0.004094234,0.014913846
portrait famille personnalise,EUR,50,0%,0%,High,100,0.002547038,0.012909925
portrait original personnalisé,EUR,50,0%,0%,Unknown,,0,0
portrait personnalisé andy warhol,EUR,50,?,0%,High,100,0,0
poster harry potter personnalisé,EUR,50,0%,0%,High,100,0.002460648,0.011291987
poster mural xxl personnalisé,EUR,50,0%,?,High,100,0,0
poster photo pour anniversaire,EUR,50,0%,0%,High,100,0.00447598,0.019753316
produit personnalisé avec photo,EUR,50,0%,0%,High,100,0.006462623,0.01498198
qu offre les grands parents pour un bapteme,EUR,50,0%,0%,High,100,0,0
qu offre les grands parents pour un baptême,EUR,50,0%,0%,High,100,0,0
qu offrir a ses grands parents,EUR,50,0%,0%,High,100,0.000496824,0.003398224
qu offrir pour un anniversaire de mariage,EUR,50,0%,0%,High,100,0,0
qu offrir à ses grands parents pour noel,EUR,50,0%,0%,High,100,0.001357138,0.00287858
que faire comme cadeau pour la fete des meres,EUR,50,-100%,0%,Unknown,,0,0
que faire comme cadeau pour la fête des mères,EUR,50,0%,0%,High,100,0,0
que faire pour les noces de coton,EUR,50,?,0%,Low,0,0,0
que offrir a ses grands parents pour noel,EUR,50,0%,0%,High,100,0.000936598,0.005679897
que peut on offrir pour un anniversaire de mariage,EUR,50,0%,0%,High,100,0,0
quoi faire comme cadeau pour la fête des mères,EUR,50,?,?,Low,0,0,0
quoi offrir 1 an de mariage,EUR,50,0%,0%,High,100,0,0
quoi offrir a sa grand mere pour noel,EUR,50,0%,-90%,High,100,0.001325516,0.005394321
quoi offrir a ses grand parents pour noel,EUR,50,900%,0%,High,98,0.00143929,0.005063105
quoi offrir a ses parents pour leur anniversaire de mariage,EUR,50,0%,0%,High,100,0,0
quoi offrir a un anniversaire de mariage,EUR,50,0%,0%,High,100,0,0
quoi offrir anniversaire de mariage,EUR,500,0%,0%,High,100,0.001177838,0.012747251
quoi offrir anniversaire mariage,EUR,50,0%,0%,High,100,0,0
quoi offrir au grand parent,EUR,50,?,0%,High,100,0.00099919,0.003339218
quoi offrir aux grands parents,EUR,50,0%,-90%,High,100,0.000972132,0.004373616
quoi offrir grand parents,EUR,50,0%,-90%,High,100,0.000695032,0.002670266
quoi offrir noce de chypre,EUR,50,0%,0%,High,100,0,0
quoi offrir noce de froment,EUR,50,0%,0%,High,100,0,0
quoi offrir pour 1 an de mariage,EUR,50,0%,0%,High,100,0,0
quoi offrir pour anniversaire de mariage,EUR,500,0%,0%,High,100,0.001177838,0.012747251
quoi offrir pour des noces d or,EUR,50,0%,0%,High,100,0,0
quoi offrir pour des noces de perle,EUR,50,0%,0%,High,100,0,0
quoi offrir pour les 1 an de mariage,EUR,50,0%,0%,High,100,0,0
quoi offrir pour les noces d or,EUR,50,0%,0%,High,100,0,0
quoi offrir pour les noces de bois,EUR,50,0%,0%,High,100,0,0
quoi offrir pour les noces de chypre,EUR,50,0%,0%,High,100,0,0
quoi offrir pour les noces de froment,EUR,50,0%,0%,High,100,0,0
quoi offrir pour noce de coton,EUR,50,0%,0%,High,100,0,0
quoi offrir à des grands parents,EUR,50,0%,0%,High,100,0.000847926,0.005497011
quoi offrir à sa grand mère pour noel,EUR,50,?,0%,High,100,0,0
quoi offrir à ses grands parents,EUR,50,0%,-90%,High,100,0.000771642,0.008381459
quoi offrir à ses grands parents pour noel,EUR,50,0%,0%,High,100,0.001600986,0.005471257
quoi offrir à son mari pour anniversaire de mariage,EUR,50,0%,0%,High,100,0,0
quoi offrir à un anniversaire de mariage,EUR,50,0%,0%,High,100,0,0
site cadeau photo,EUR,50,0%,0%,High,100,0.006266697,0.013979856
site de photo personnalisé,EUR,50,0%,0%,High,100,0.010561747,0.027853111
site pour personnaliser des coques,EUR,50,0%,0%,High,100,0.002892924,0.008465567
site pour personnaliser des photos,EUR,50,0%,0%,High,100,0.008466219,0.015613768
site pour personnaliser une coque,EUR,50,0%,0%,High,100,0.002892924,0.008465567
smartbox anniversaire mariage,EUR,50,0%,?,High,100,0,0
smartbox grand parents,EUR,50,?,0%,High,100,0.00291281,0.021005156
super cadeau pour maman,EUR,500,900%,0%,High,100,0.002260484,0.008209983
surprise anniversaire de mariage,EUR,50,0%,0%,High,100,0,0
surprise anniversaire mariage,EUR,50,0%,0%,High,100,0,0
surprise pour anniversaire de mariage,EUR,50,0%,0%,High,100,0,0
t shirt personnalisé avec plusieurs photos,EUR,50,0%,0%,High,100,0.007679907,0.019764726
taie d oreiller personnalise,EUR,500,0%,0%,High,100,0.004634089,0.010367125
taie oreiller personnalisable,EUR,500,0%,0%,High,100,0.004183232,0.008974779
taie personnalisée,EUR,50,0%,0%,High,100,0.003749,0.009653837
tee shirt avec photo imprimé,EUR,50,0%,0%,High,100,0,0
tee shirt avec photo personnalisé pas cher,EUR,50,0%,0%,High,100,0,0
tee shirt homme personnalisé avec photo,EUR,50,0%,0%,High,100,0.006177373,0.01808713
tee shirt noël personnalisé,EUR,50,0%,-90%,High,100,0.003671412,0.011479111
tee shirt personnalisé homme photo,EUR,50,0%,0%,High,100,0.007982109,0.01450602
tee shirt personnalisé noel,EUR,50,0%,-90%,High,100,0.004073696,0.010914805
tee shirt personnalisé noël,EUR,50,0%,-90%,High,100,0.004073696,0.010914805
tirelire photo personnalisée,EUR,50,0%,0%,High,100,0.00314427,0.008870459
toblerone personnalisé noel,EUR,50,0%,0%,High,100,0.001778004,0.009820097
toile andy warhol personnalisé,EUR,50,0%,0%,High,100,0,0
toile de naissance personnalisé,EUR,50,0%,0%,High,100,0,0
toile personnalisée naissance,EUR,50,0%,0%,High,100,0,0
toile portrait personnalisé,EUR,50,0%,0%,High,100,0.007972981,0.025094499
un an de mariage noce,EUR,500,0%,0%,Low,6,9.9756E-05,0.001292264
un an de mariage noce de,EUR,500,0%,0%,Low,6,9.9756E-05,0.001292264
un an de mariage noce de coton,EUR,50,0%,0%,Medium,37,0,0
un an mariage noce,EUR,50,0%,0%,Low,7,0,0
un cadeau pour la fête des mamans,EUR,50,?,0%,High,71,0,0
un cadeau pour ma maman,EUR,50,0%,0%,High,98,0.002873038,0.008650083
verre personnalisé noel,EUR,50,900%,0%,High,100,0.002406206,0.008600205
wonderbox grand parents,EUR,50,900%,0%,High,100,0.001935788,0.006819267
wonderbox grands parents en or,EUR,50,0%,0%,High,100,0,0
wonderbox pour des grands parents en or,EUR,50,0%,0%,High,100,0,0
zippo photo gravé,EUR,50,-100%,-100%,Unknown,,0,0
trop de photos téléphone,EUR,, --, --,Unknown,,0,0
numériser cassettes vhs,EUR,500,0%,-90%,High,100,0.003438648,0.010583263
montage vidéo souvenir,EUR,50,0%,0%,High,72,0.005242731,0.015528356
faire un film avec ses photos,EUR,50,?,0%,High,95,0.000707094,0.005238819
montage vidéo prix,EUR,500,-90%,-90%,Medium,49,0.002791538,0.012401365
diaporama anniversaire,EUR,500,0%,0%,Medium,35,0.004569215,0.012181641
montage vidéo mariage,EUR,500,-90%,-90%,Medium,50,0.005211761,0.014223378
montage vidéo photo musique gratuit,EUR,500,0%,0%,Medium,53,0.001778004,0.009361741
numeriser cassette video,EUR,500,0%,0%,High,100,0.003556008,0.009641449
numerisation cassette video,EUR,500,0%,-90%,High,99,0.004118358,0.011720025
montage photo avec musique,EUR,500,0%,0%,Medium,66,0.001927312,0.010159463
numériser vhs,EUR,5000,0%,0%,High,100,0.004177038,0.011163869
numérisation cassette vhs,EUR,500,0%,0%,High,100,0.003983068,0.010834283
prix transfert vhs sur clé usb,EUR,500,0%,0%,High,97,0.00355014,0.009246663
convertir cassette vhs en dvd,EUR,50,-90%,-90%,High,100,0.00374248,0.009445523
numerisation cassette,EUR,500,0%,0%,High,100,0.004100102,0.011500301
numeriser vhs,EUR,500,0%,0%,High,100,0.003277278,0.009768589
transfert vhs sur clé usb,EUR,500,0%,0%,High,100,0.003588934,0.009866389
prix pour transformer une cassette vhs en dvd,EUR,500,0%,0%,Medium,65,0.00339203,0.008948373
numérisation vhs,EUR,5000,0%,0%,High,100,0.004177038,0.011163869
transfert cassette vhs sur dvd,EUR,500,0%,0%,High,100,0.003837672,0.01436095
convertir cassette vhs en numérique,EUR,500,0%,0%,High,100,0.003536448,0.011137789
transfert vhs dvd,EUR,500,0%,0%,High,100,0.004274186,0.011944639
montage photo musique gratuit,EUR,500,0%,0%,Medium,62,0.00199349,0.009312841
transfert cassette vhs sur clé usb,EUR,500,0%,0%,High,99,0.003676954,0.010755065
transfert vhs,EUR,50,0%,0%,High,100,0.004263102,0.011232003
transfert cassette caméscope sur clé usb,EUR,50,0%,-90%,High,100,0.003634248,0.009868345
numérisation cassette vhs tarif,EUR,500,-90%,-90%,High,97,0.003932212,0.009869323
transformer cassette en dvd prix,EUR,50,0%,0%,High,69,0,0
transfert de cassette vhs sur clé usb,EUR,500,-90%,-90%,High,98,0.00362186,0.011243739
transformer cassette en dvd,EUR,500,0%,-90%,High,92,0.004023492,0.010813419
convertir super 8 en numérique,EUR,500,0%,0%,High,100,0.004486738,0.011932577
convertir cassette mini dv en numérique,EUR,500,0%,0%,High,100,0.003578502,0.009067363
cassette vhs sur clé usb,EUR,50,0%,0%,High,100,0.003683474,0.010638683
numeriser cassette,EUR,500,0%,0%,High,100,0.004100102,0.011500301
transfert vhs vers usb,EUR,50,900%,900%,High,100,0.003041906,0.010721813
transfert super 8 sur dvd,EUR,50,0%,0%,High,90,0.00418584,0.011897043
transfert cassette 8mm sur clé usb,EUR,500,0%,900%,High,99,0.003195126,0.010364843
numeriser cassette vhs,EUR,500,0%,-90%,High,100,0.003438648,0.010583263
numérisation mini dv,EUR,500,0%,0%,High,89,0.004486412,0.010068183
montage photo avec musique gratuit,EUR,500,0%,0%,Medium,52,0.001731386,0.009542019
transformer super 8 en numérique,EUR,50,0%,0%,High,100,0.004284292,0.010650093
numériser mini dv,EUR,500,0%,0%,High,100,0.00367565,0.009656445
numériser des cassettes vhs,EUR,500,0%,-90%,High,100,0.003438648,0.010583263
montage photo video avec musique,EUR,500,-90%,-90%,Medium,64,0.003047774,0.010201843
numeriser cassette video 8,EUR,50,0%,0%,High,100,0.003307922,0.010298013
convertir cassette vhs en clé usb,EUR,50,0%,0%,High,100,0.002492922,0.010457753
montage photo musique,EUR,500,0%,0%,Medium,52,0.001947198,0.009312841
transformer cassette vhs en cle usb,EUR,50,0%,0%,High,100,0.00108069,0.008979017
transformer cassette en numérique,EUR,50,0%,0%,High,98,0.002860976,0.008738755
numeriser des cassettes video,EUR,50,0%,0%,High,100,0.003280212,0.010743329
tarif montage video,EUR,50,0%,0%,Low,26,0.002090964,0.009840309
transfert k7 video sur usb,EUR,50,0%,0%,High,100,0.004291138,0.012306499
numériser cassette hi8,EUR,500,900%,0%,High,100,0.003569048,0.012049937
numériser cassette camescope,EUR,500,0%,0%,High,100,0.003673042,0.012227607
transferer film super 8 sur cle usb,EUR,500,0%,0%,High,97,0.004287878,0.011925079
prix montage video,EUR,500,-90%,-90%,Medium,49,0.002791538,0.012401365
transferer super 8 en numerique,EUR,50,900%,900%,High,100,0.004489672,0.013553775
transfert vhs en numérique,EUR,500,900%,0%,High,100,0.003942644,0.012419295
transfert super 8 sur clé usb,EUR,50,0%,0%,High,100,0.003589912,0.007885287
convertir vhs en numérique prix,EUR,50,0%,0%,High,97,0.00415487,0.011827931
convertir cassette hi8 en numérique,EUR,50,0%,0%,High,98,0.002983552,0.010193041
tarif montage vidéo,EUR,50,0%,0%,Low,29,0.005444851,0.013827614
cassette hi8,EUR,500,0%,0%,High,83,0.001112638,0.007536141
mettre cassette video sur cle usb,EUR,50,0%,-90%,High,100,0.002890316,0.008929465
numériser une cassette vhs,EUR,500,0%,-90%,High,100,0.003438648,0.010583263
numérisation hi8,EUR,500,-90%,0%,High,87,0.004694725,0.010120017
numérisation cassette mini dv,EUR,50,0%,0%,High,100,0.003787142,0.011228091
convertir cassette en numérique,EUR,50,-90%,0%,High,100,0.003276952,0.009166467
transferer cassette video sur cle usb,EUR,50,0%,900%,High,100,0.003477116,0.008945765
numérisation cassette,EUR,500,0%,0%,High,100,0.005155037,0.014806918
convertir des cassettes vhs en numérique,EUR,500,0%,0%,High,100,0.003536448,0.011137789
transformer des cassettes vhs en numérique,EUR,500,0%,-90%,High,100,0.003454948,0.013467711
numérisation cassette camescope,EUR,500,0%,0%,High,100,0.003673042,0.012227607
transformer une cassette vhs en dvd,EUR,50,0%,0%,High,99,0.003388444,0.008876979
numérisation de cassettes vhs,EUR,50,0%,0%,High,99,0.003791054,0.010039169
copie cassette vhs sur dvd,EUR,50,0%,-90%,High,100,0.003684778,0.008884151
prix montage vidéo particulier,EUR,50,0%,?,Low,0,0,0
cassette video sur cle usb,EUR,50,0%,0%,High,97,0.00408967,0.009666225
convertir k7 vhs en numérique,EUR,50,0%,0%,High,100,0.00403099,0.008922619
appareil pour numériser cassette vhs,EUR,500,0%,0%,High,99,0.000591364,0.005254467
numériser vhs sans magnétoscope,EUR,50,0%,-90%,High,100,0.00163489,0.008494255
tarif montage vidéo freelance,EUR,50,0%,0%,Low,30,0.002465864,0.011632657
transfert mini dv sur clé usb,EUR,50,0%,0%,High,100,0.00414672,0.011726871
devis montage vidéo,EUR,50,0%,0%,Medium,36,0.01646039,0.091569804
transformer cassette vhs en numerique,EUR,500,0%,-90%,High,100,0.003454948,0.013467711
convertir cassette camescope en numérique,EUR,500,900%,0%,High,99,0.003976874,0.01396486
numériser cassette mini dv,EUR,500,0%,0%,High,99,0.00446131,0.011082369
convertir cassette 8mm en numérique,EUR,50,0%,0%,High,99,0.004256256,0.014587194
copier vhs sur usb,EUR,50,0%,0%,High,100,0.00242707,0.008448941
mettre cassette vhs sur cle usb,EUR,50,0%,0%,High,100,0.004329932,0.010224337
digitaliser cassette vhs,EUR,50,0%,0%,High,100,0.003059184,0.009735337
numeriser mini dv,EUR,50,0%,0%,High,100,0.004775247,0.010013415
transfert video vhs en numerique,EUR,50,0%,0%,High,100,0.004172148,0.010056447
transferer cassette vhs sur cd,EUR,50,0%,0%,High,100,0.004715589,0.011826953
transformer cassette vhs en dvd,EUR,50,0%,0%,High,100,0.003745414,0.010845041
numerisation cassette video 8,EUR,50,0%,0%,High,99,0.004540854,0.012541871
numérisation cassette 8mm,EUR,50,0%,0%,High,91,0.003948512,0.011766969
montage photo et musique,EUR,500,0%,0%,Medium,52,0.001947198,0.009312841
vhs numerisation,EUR,5000,0%,0%,High,100,0.004177038,0.011163869
montage video prix,EUR,500,-90%,-90%,Medium,49,0.002791538,0.012401365
transfert cassette vhs sur dvd fnac,EUR,50,0%,0%,High,80,0.004200836,0.010306163
transfert mini dv,EUR,50,0%,0%,High,100,0.003731722,0.010682693
convertir vhs c en numerique,EUR,50,0%,0%,High,100,0.002279066,0.008971519
transfert cassette audio sur clé usb,EUR,50,0%,0%,High,95,0.00394623,0.009668507
cassette super 8,EUR,500,0%,0%,Low,15,0.001283788,0.012475693
numerisation hi8,EUR,50,0%,0%,High,100,0.005550801,0.012426467
transformer cassette video sur cle usb,EUR,50,0%,0%,High,100,0.00335128,0.011531923
mettre vhs sur usb,EUR,50,0%,0%,High,100,0,0
prix montage vidéo,EUR,500,-90%,-90%,Medium,49,0.002791538,0.012401365
convertir super 8 en dvd,EUR,50,0%,0%,High,100,0.005793345,0.015158346
copie cassette vhs sur usb,EUR,50,0%,0%,High,100,0.004953243,0.013634623
transformer super 8 en dvd,EUR,50,0%,0%,High,100,0.004862941,0.011439013
transfert cassette vhs sur clé usb leclerc,EUR,50,-90%,-90%,High,93,0.00315405,0.012563387
transfert cassette hi8 sur disque dur,EUR,50,0%,0%,High,98,0.003386488,0.010763541
vhs sur clé usb,EUR,50,0%,0%,High,100,0.003745414,0.011450749
numériser des vhs,EUR,5000,0%,0%,High,100,0.004177038,0.011163869
numeriser des cassettes,EUR,50,0%,0%,High,96,0.00359252,0.012188813
transférer vhs sur dvd,EUR,500,0%,0%,High,100,0.004274186,0.011944639
diaporama anniversaire gratuit,EUR,500,-90%,0%,Medium,38,0.003471248,0.011513993
transfert hi8 en numérique,EUR,50,0%,0%,High,100,0.0034882,0.011597449
convertir cassette camescope en usb,EUR,50,0%,0%,High,100,0.004753079,0.019711914
numerisation k7 video,EUR,50,0%,0%,High,98,0.003790402,0.014741066
fnac numérisation cassette,EUR,50,900%,900%,Low,20,0.003745414,0.013029241
prix numerisation cassette vhs,EUR,50,0%,0%,High,88,0.003389748,0.008427099
convertir une cassette vhs en dvd,EUR,50,-90%,-90%,High,100,0.00374248,0.009445523
numerisation de cassette video,EUR,50,0%,0%,High,100,0.004397088,0.013178875
numérisation cassette vidéo,EUR,500,0%,0%,High,100,0.003990566,0.010834283
diaporama photo anniversaire,EUR,500,-90%,0%,Medium,45,0.004825777,0.012819297
convertir k7 video en numerique,EUR,50,0%,0%,High,100,0.003383228,0.010111867
cassette vhs en usb,EUR,50,0%,0%,High,100,0.003687386,0.012338447
numériser cassette 8mm,EUR,50,0%,0%,High,98,0.003671086,0.008929465
montage photo et musique gratuit,EUR,500,0%,0%,Medium,62,0.00199349,0.009312841
numérisation video 8,EUR,50,0%,0%,High,100,0.006903701,0.014114494
copier une cassette vhs sur clé usb,EUR,50,0%,0%,High,99,0.003438648,0.008904037
transfert de cassettes vidéo 8mm hi8 s vhs sur dvd,EUR,50,0%,0%,High,94,0.005551127,0.013553775
transfert de film super 8 sur dvd,EUR,50,0%,0%,High,100,0.005864739,0.013394035
vhs c vers numerique,EUR,50,0%,0%,High,100,0.00295845,0.008922619
copie vhs en numerique,EUR,50,0%,0%,High,100,0.003589586,0.011941053
exemple devis montage vidéo,EUR,50,0%,0%,Low,7,0,0
copier cassette video sur dvd,EUR,50,0%,0%,High,93,0.004484782,0.006976399
transformer cassette en clé usb,EUR,50,0%,0%,High,100,0.003790402,0.008931747
faire numériser cassette vhs,EUR,50,0%,0%,High,100,0.003672064,0.009956039
copie vhs sur cle usb,EUR,50,0%,0%,High,100,0.00321925,0.010268021
numérisation de cassettes,EUR,50,0%,0%,High,100,0.00453629,0.011927687
cassette vhs transformer en numerique,EUR,50,0%,0%,High,96,0.003930908,0.011036403
montage photo video avec musique gratuit,EUR,50,0%,0%,Medium,65,0.001524702,0.009820749
convertir une cassette vhs en numérique,EUR,500,0%,0%,High,100,0.003536448,0.011137789
montage video tarif,EUR,50,0%,0%,Low,0,0,0
convertir video 8mm en numérique,EUR,50,0%,0%,High,100,0.004633763,0.011350015
transfert super 8 sur usb,EUR,50,0%,0%,High,100,0.004434578,0.009269483
convertir cassette camescope,EUR,50,0%,0%,High,100,0.004188122,0.013458257
numeriser k7 video,EUR,50,0%,0%,High,100,0.003342152,0.009471603
numeriser video 8,EUR,50,0%,0%,High,100,0.003886898,0.010263783
numeriser des vhs,EUR,50,0%,0%,High,100,0.003689342,0.010489049
convertir cassettes video en numerique,EUR,50,0%,-90%,High,100,0.00395275,0.012842443
transférer vhs sur usb,EUR,50,900%,900%,High,100,0.003041906,0.010721813
numériser cassette hi8 sur pc,EUR,50,0%,0%,High,100,0.001671728,0.013617997
numeriser hi8,EUR,50,0%,0%,High,100,0.005105159,0.01478475
transfert cassette mini dv sur pc,EUR,50,0%,0%,High,100,0.00288673,0.009550169
transferer cassette vhs en numerique,EUR,50,0%,0%,High,100,0.00417117,0.011142353
transfert de vhs sur clé usb,EUR,50,0%,0%,High,98,0.004362206,0.011216681
cassette vhs en clé usb,EUR,50,0%,0%,High,100,0.003686734,0.010566637
mettre des cassettes de camescope sur dvd,EUR,50,0%,0%,High,91,0.002856086,0.012955891
copier cassette vhs sur clé usb,EUR,50,0%,0%,High,95,0.003668152,0.008971519
transférer vhs en numérique,EUR,500,900%,0%,High,100,0.003942644,0.012419295
numérisation k7 vhs,EUR,50,0%,0%,High,100,0.003552096,0.01365679
transfert de cassette vhs sur dvd,EUR,50,0%,0%,High,100,0.004340364,0.014901784
numérisation cassette vhs leclerc,EUR,50,0%,0%,Medium,50,0.004208008,0.009443567
copier cassette video sur cle usb,EUR,50,0%,0%,High,100,0.002959754,0.007376075
copie de film super 8 sur dvd,EUR,50,0%,0%,High,100,0,0
tarif numerisation cassette vhs,EUR,50,0%,0%,High,83,0.00313123,0.008923271
vhs c numeriser,EUR,50,0%,0%,High,100,0.002959428,0.013510091
transformer une cassette en dvd,EUR,500,0%,-90%,High,92,0.004023492,0.010813419
numeriser cassette video camescope,EUR,50,0%,0%,High,100,0.004017298,0.011168759
convertir cassette vhs,EUR,50,0%,0%,High,100,0.003146878,0.009082685
prix transfert cassette video sur dvd,EUR,50,0%,0%,High,76,0.002692108,0.005373783
digitaliser cassette video,EUR,50,0%,0%,High,100,0.005286741,0.011840971
numérisation de cassettes vidéos,EUR,50,0%,0%,High,100,0.004397088,0.013178875
montage photo et video avec musique gratuit,EUR,50,0%,0%,Medium,65,0.001524702,0.009820749
numerisation vhs c,EUR,50,0%,0%,High,100,0.003940688,0.008791241
convertir cassette vhs c en numerique,EUR,50,0%,0%,High,100,0.003787142,0.013311557
transférer une cassette vhs sur un dvd,EUR,500,0%,0%,High,100,0.003837672,0.01436095
prix d un montage video,EUR,500,-90%,-90%,Medium,49,0.002791538,0.012401365
cassette video en cle usb,EUR,50,0%,0%,High,100,0.004968565,0.019868068
numerisation k7,EUR,50,0%,0%,High,93,0.005643059,0.019266272
convertir cassette video 8 en dvd,EUR,50,0%,0%,High,93,0,0
montage vidéo avec photo et musique,EUR,500,-90%,-90%,Medium,64,0.003047774,0.010201843
numerisation de cassette vhs,EUR,50,0%,0%,High,100,0.004832297,0.011630701
transfert de vhs sur dvd,EUR,50,0%,0%,High,100,0.004362206,0.012491993
numériser une vhs,EUR,5000,0%,0%,High,100,0.004177038,0.011163869
montage video pour mariage,EUR,500,-90%,-90%,Medium,50,0.005211761,0.014223378
numerisation video,EUR,50,0%,0%,Medium,55,0.005716735,0.013988006
cassette camescope sur usb,EUR,50,-100%,-100%,Unknown,,0,0
conversion cassette camescope,EUR,50,0%,0%,High,100,0.004188122,0.013458257
numeriser une vhs,EUR,5000,0%,0%,High,100,0.004177038,0.011163869
transformer des vhs en numérique,EUR,500,0%,900%,High,100,0.003449732,0.009416835
montage photo en musique,EUR,500,0%,0%,Medium,52,0.001947198,0.009312841
numeriser video camescope,EUR,50,0%,0%,High,100,0.002497486,0.009361415
transformer des cassettes vhs en dvd,EUR,50,0%,0%,High,99,0.003388444,0.008876979
transferer cassette sur usb,EUR,50,?,0%,High,100,0.002892598,0.007595799
convertir cassette vhs en fichier numérique,EUR,50,0%,0%,High,100,0.002890316,0.010806573
faire numeriser des vhs,EUR,50,0%,0%,High,100,0.003652178,0.010267695
transférer cassette sur clé usb,EUR,50,0%,0%,Medium,61,0.003499284,0.010151639
monteur video prix,EUR,500,-90%,-90%,Medium,49,0.002791538,0.012401365
prix monteur vidéo,EUR,50,0%,0%,Medium,42,0.002258528,0.012331275
numérisation cassette leclerc,EUR,50,0%,0%,Medium,38,0.00444175,0.023462869
convertir video cassette en numerique,EUR,50,0%,-90%,High,100,0.00395275,0.012842443
transfert film vhs sur cle usb,EUR,50,0%,0%,High,92,0.004063916,0.012419295
numerisation video 8,EUR,50,0%,0%,High,95,0.004677773,0.011985389
mettre vhs sur cle usb,EUR,50,0%,0%,High,100,0.003586978,0.008936963
transfert cassette mini dv,EUR,50,0%,0%,High,100,0.003472552,0.008004277
transfert k7 vhs sur dvd,EUR,50,0%,0%,High,100,0.00451836,0.012563387
prix d un monteur vidéo,EUR,50,0%,0%,Medium,59,0.002584202,0.008746905
combien coute un montage video,EUR,50,0%,0%,Low,33,0,0
convertir 8mm en numérique,EUR,50,0%,0%,High,100,0.003986328,0.008880565
cassette camescope sur cle usb,EUR,50,900%,900%,High,100,0.003081352,0.010078941
mettre une cassette sur cle usb,EUR,50,0%,0%,High,96,0.003589586,0.008922619
numériser les cassettes vhs,EUR,500,0%,-90%,High,100,0.003438648,0.010583263
tarif monteur vidéo,EUR,50,0%,0%,Low,27,0.00237817,0.009736967
copier k7 video sur dvd,EUR,50,0%,0%,High,100,0.003493416,0.008385697
numériser k7 vhs,EUR,50,0%,0%,High,100,0.003552096,0.01365679
numeriser vhs en dvd,EUR,50,?,0%,High,100,0,0
transfert cassette sur dvd,EUR,50,0%,0%,Medium,48,0.004689183,0.013721664
convertir des cassettes vhs en dvd,EUR,50,-90%,-90%,High,100,0.00374248,0.009445523
transferer cassette vhs en dvd,EUR,500,0%,0%,High,100,0.003837672,0.01436095
transfert cassette hi8 sur dvd,EUR,50,0%,0%,Low,25,0,0
cassette vhs en numérique,EUR,50,900%,900%,High,100,0.003950794,0.010224663
copie cassette hi8 sur dvd,EUR,50,0%,0%,High,98,0.004828385,0.012588489
numeriser une cassette vhs,EUR,500,0%,-90%,High,100,0.003438648,0.010583263
transfert vhs en dvd,EUR,500,0%,0%,High,100,0.004274186,0.011944639
transfert cassette vhs,EUR,50,0%,0%,High,100,0.005651209,0.012578709
transformer les cassettes vhs en dvd,EUR,50,0%,0%,High,99,0.003388444,0.008876979
transfert cassette vhs sur dvd prix,EUR,50,0%,0%,High,91,0.004330584,0.008877957
montage vidéo mariage professionnel,EUR,50,0%,0%,High,76,0,0
numerisation cassette vhs c,EUR,50,0%,0%,High,100,0.004826429,0.016041154
numérisation cassettes hi8,EUR,500,900%,0%,High,100,0.003569048,0.012049937
transferer cassette video sur cd,EUR,50,0%,0%,High,100,0.003546228,0.011020755
numerisation de cassette,EUR,50,0%,0%,High,100,0.00453629,0.011927687
numériser film camescope,EUR,50,0%,0%,High,99,0.0036675,0.010632489
photo avec musique montage,EUR,50,0%,?,Medium,52,0,0
diaporama pour anniversaire,EUR,500,0%,0%,Medium,35,0.004569215,0.012181641
passer vhs en numérique,EUR,50,0%,0%,High,100,0.003874184,0.007456923
numériser vhs sur pc,EUR,50,0%,0%,High,100,0.00128118,0.010061011
transferer k7 video sur dvd,EUR,50,0%,0%,High,100,0.003443864,0.008336471
copie de cassette vhs sur dvd,EUR,50,0%,0%,High,100,0.00392341,0.015489888
convertir les cassettes vhs en numérique,EUR,500,0%,0%,High,100,0.003536448,0.011137789
restauration cassette vhs,EUR,50,0%,0%,Medium,45,0.003697492,0.008942179
montage de photos avec musique,EUR,50,0%,0%,High,83,0.001778004,0.010582937
numeriser cassette dv,EUR,50,0%,0%,High,100,0.001866024,0.011138441
montage vidéo souvenir gratuit,EUR,50,0%,0%,Medium,46,0.001608484,0.008466219
transfert cassette sur cd,EUR,50,0%,0%,High,100,0.006712665,0.012623697
enregistrer vhs sur clé usb,EUR,50,0%,0%,High,100,0.004262776,0.010546425
transfert vhs numérique,EUR,500,900%,0%,High,100,0.003942644,0.012419295
grille tarifaire montage vidéo,EUR,50,0%,0%,Low,8,0,0
numérisation hi8 fnac,EUR,50,0%,0%,High,67,0,0
cassette hi8 en numérique,EUR,50,0%,0%,High,100,0.002562686,0.008977387
digitalisation cassettes vhs,EUR,50,0%,0%,High,100,0.003377686,0.009326207
convertir video hi8 en numerique,EUR,50,0%,0%,High,100,0.003634574,0.014126882
transférer cassette vhs sur dvd,EUR,500,0%,0%,High,100,0.003837672,0.01436095
numérisation de cassettes vidéo,EUR,50,0%,0%,High,100,0.004397088,0.013178875
transfert k7 sur dvd,EUR,50,0%,0%,High,100,0,0
cassette 8mm numeriser,EUR,50,0%,0%,High,100,0.003386488,0.009848459
montage photo iphone avec musique gratuit,EUR,50,0%,0%,Medium,64,0.001174252,0.008927835
numérisation vhs leclerc,EUR,50,0%,0%,Medium,45,0.00328119,0.010085787
numériser cassette vhs sur pc,EUR,50,0%,0%,High,75,0,0
prix monteur vidéo youtube,EUR,50,0%,0%,Low,19,0,0
convertir film vhs en numerique,EUR,50,0%,0%,High,86,0,0
transfert cassette,EUR,50,0%,0%,High,100,0.005338901,0.010808203
mettre cassette sur cle usb,EUR,50,0%,0%,High,100,0.003943296,0.011721655
transfert cassettes video sur disque dur,EUR,50,0%,0%,High,100,0.00330727,0.011897043
numérisation k7,EUR,50,0%,0%,High,100,0.006481857,0.011433471
transfert cassette video 8 sur dvd,EUR,50,0%,0%,High,67,0.005513963,0.012888735
transformer film vhs en numerique,EUR,50,0%,0%,High,100,0.005247947,0.014042774
numeriser cassette mini dv,EUR,50,0%,0%,High,100,0.004163998,0.011004781
convertir une cassette en dvd,EUR,50,0%,0%,High,95,0.00335128,0.009346093
transfert video hi8 vers pc,EUR,50,0%,0%,High,100,0.003968072,0.011138441
convertir cassette dv en numérique,EUR,50,0%,0%,High,100,0.004373616,0.009172987
numeriser des cassettes video 8,EUR,50,0%,0%,High,96,0.002784692,0.011275687
montage photo et vidéo avec musique,EUR,500,-90%,-90%,Medium,64,0.003047774,0.010201843
convertir cassette vhs en usb,EUR,50,0%,0%,High,100,0.004883479,0.008420579
numériser mini dv sur pc,EUR,50,0%,0%,High,95,0.005581119,0.011706659
numerisation de vhs,EUR,50,0%,0%,High,100,0.003689342,0.010489049
transformer cassettes vhs en numérique,EUR,50,0%,0%,High,100,0.00338225,0.012201527
transfert mini cassette sur dvd,EUR,50,0%,0%,High,100,0.004615181,0.014746934
transfert cassette 8mm sur dvd,EUR,50,0%,0%,High,86,0.00358926,0.010141533
numeriser vhs c,EUR,50,0%,0%,High,100,0.00315568,0.010574787
transfert video 8mm vers pc,EUR,50,0%,0%,High,100,0.00432113,0.010755065
prix transfert vhs sur dvd,EUR,50,0%,0%,Medium,57,0,0
transfert super 8 en dvd,EUR,50,0%,0%,High,90,0.00418584,0.011897043
mettre cassette video sur dvd,EUR,50,0%,0%,High,96,0.003055598,0.008922619
numeriser cassette camescope sur pc,EUR,50,0%,0%,High,100,0,0
numérisation de vhs,EUR,50,0%,0%,High,100,0.004858051,0.013936824
numériser des cassettes mini dv,EUR,50,0%,0%,High,100,0.003645332,0.008970867
transfert vhs cle usb,EUR,50,0%,0%,High,100,0.001610766,0.007980805
numérisation cassette audio fnac,EUR,50,0%,0%,High,84,0.005139389,0.014948402
prix numérisation vhs,EUR,50,0%,0%,High,79,0.003184042,0.008191727
transformer cassette camescope en dvd,EUR,50,0%,0%,High,94,0.003450058,0.015870656
convertir cassette super 8 en dvd,EUR,50,0%,0%,High,100,0.005677289,0.012649125
numérisation vhs c,EUR,50,0%,0%,High,100,0.005239145,0.019490886
transfert cassette camescope sur dvd,EUR,50,0%,0%,High,96,0.003477768,0.007536141
numériser des cassettes vidéo,EUR,500,0%,0%,High,100,0.003990566,0.010834283
transformer cassette video en cd,EUR,50,0%,0%,High,96,0.002682328,0.010933713
transferer des cassettes video sur dvd,EUR,50,0%,0%,High,96,0.00392993,0.009001185
transformer cassette vidéo en dvd,EUR,50,0%,0%,High,98,0.004821865,0.013010659
prix montage vidéo freelance,EUR,50,0%,0%,Low,2,0,0
cassette video sur usb,EUR,50,0%,0%,High,100,0.007423345,0.019622264
transformation vhs en numerique,EUR,50,0%,0%,High,100,0.004593339,0.014847016
cassette video vers usb,EUR,50,0%,0%,High,67,0,0
diaporama photos avec musique,EUR,500,0%,0%,Medium,63,0.00296334,0.012374959
transfert video super 8,EUR,50,0%,0%,High,94,0.004228546,0.007534837
copie de vhs sur dvd,EUR,50,0%,0%,High,100,0,0
transformer cassette en usb,EUR,50,0%,0%,High,100,0,0
montage photo en musique gratuit,EUR,500,0%,0%,Medium,62,0.00199349,0.009312841
montage photo avec musique youtube,EUR,50,0%,0%,Low,27,0.001686398,0.006772975
transfert cassette vhs sur ordinateur,EUR,50,0%,0%,High,100,0,0
montage vidéo et photo avec musique,EUR,500,-90%,-90%,Medium,64,0.003047774,0.010201843
numeriser cassette hi8,EUR,50,0%,0%,High,100,0.003252502,0.008577059
faire une video pour un mariage,EUR,50,0%,0%,Low,25,0,0
diaporama video anniversaire,EUR,50,0%,0%,High,71,0.004063916,0.009861499
numérisation vhs prix,EUR,50,0%,0%,High,79,0.003184042,0.008191727
transfert vhs vers cd,EUR,50,0%,0%,High,100,0.003715748,0.009784889
numériser cassettes vhs sur ordinateur,EUR,50,0%,0%,High,100,0.00094377,0.010854821
copier cassette vhs sur ordinateur,EUR,50,0%,0%,High,100,0,0
transferer cassette video 8mm sur pc,EUR,50,0%,0%,High,100,0.005463433,0.010748219
transformer une vhs en numerique,EUR,50,0%,0%,High,100,0.002890316,0.008870785
transfert mini dv sur dvd,EUR,50,0%,0%,High,100,0.003974266,0.011415541
cassette super 8 sur dvd,EUR,50,0%,0%,Medium,57,0,0
transferer cassette vhs sur usb,EUR,50,0%,-90%,High,100,0.004875981,0.0204653
numériser cassette video hi8,EUR,50,0%,0%,High,100,0.00400817,0.010142837
numériser ses cassettes vhs,EUR,50,0%,0%,High,100,0.004575083,0.008944787
cassette video en dvd,EUR,50,0%,0%,Medium,38,0.003389422,0.011820759
convertir cassette video en usb,EUR,50,0%,0%,High,97,0.004063916,0.009191569
numériser vhs soi même,EUR,50,0%,0%,High,100,0,0
leclerc numérisation vhs,EUR,50,0%,0%,Low,28,0.004077282,0.008784069
anniversaire diaporama,EUR,500,0%,0%,Medium,35,0.004569215,0.012181641
appareil numeriser vhs,EUR,50,0%,0%,High,100,0,0
appareil pour numeriser cassette 8mm,EUR,50,0%,0%,High,100,0,0
appareil pour numeriser cassette video,EUR,50,0%,0%,High,100,0,0
appareil pour numeriser les cassettes vhs,EUR,500,0%,0%,High,99,0.000591364,0.005254467
appareil pour numériser des cassettes vhs,EUR,50,0%,0%,High,100,0.001341816,0.007980805
appareil pour numériser vhs,EUR,50,0%,0%,High,100,0.001185336,0.00335617
carrefour numerisation cassette,EUR,50,0%,0%,Low,19,0.004776877,0.011439665
carrefour numérisation vhs,EUR,50,0%,0%,Unknown,,0,0
cassette 8mm sur disque dur,EUR,50,?,?,High,100,0,0
cassette film super 8,EUR,50,0%,0%,Low,1,0,0
cassette hi8 vers pc,EUR,50,0%,0%,High,100,0.001026248,0.009678939
cassette s vhs c,EUR,50,0%,0%,High,100,0,0
cassette vhs 8mm,EUR,50,0%,0%,Medium,63,0,0
cassette vhs c sur dvd,EUR,50,0%,0%,Unknown,,0,0
cassette vhs hi8,EUR,50,0%,0%,High,100,0,0
cassette vhs mini dv,EUR,50,0%,0%,High,83,0,0
cassette vhs numériser,EUR,500,0%,-90%,High,100,0.003438648,0.010583263
cassette vhs pour mini dv,EUR,50,0%,0%,High,100,0,0
cassette vhs sur disque dur,EUR,50,0%,0%,High,90,0.00377997,0.010750175
cassette vhs transformer en dvd,EUR,50,0%,?,High,100,0.003679236,0.006068815
cassette video en numerique,EUR,50,0%,0%,High,100,0.003189258,0.009435743
cassette video en usb,EUR,50,0%,0%,High,99,0.00367565,0.008911861
cassette video hi8,EUR,50,0%,0%,High,98,0,0
cassette video super 8,EUR,50,0%,0%,Low,18,0,0
cassette video transfert sur dvd,EUR,50,0%,0%,High,96,0.00392993,0.009001185
cassette vidéo 8,EUR,50,0%,0%,High,93,0,0
cassettes vhs c,EUR,500,0%,0%,High,100,0.001098294,0.005686417
cassettes video 8,EUR,500,0%,0%,High,70,0.001278898,0.010825807
cle de numerisation video usb,EUR,50,0%,0%,High,100,0.002540518,0.006839479
combien coute un monteur video,EUR,50,0%,0%,Medium,47,0.002539866,0.011982781
conversion cassette camescope dvd,EUR,50,0%,0%,High,100,0.005260987,0.010788317
conversion cassette vhs,EUR,50,0%,0%,High,100,0.001010926,0.007574283
conversion cassettes vhs en dvd,EUR,50,-90%,-90%,High,100,0.00374248,0.009445523
conversion hi8 numérique,EUR,50,0%,0%,High,97,0.003790402,0.008477303
convertir cassette camescope en dvd,EUR,50,0%,0%,High,100,0.005260987,0.010788317
convertir cassette camescope sur pc,EUR,50,0%,0%,High,100,0.004156826,0.013017505
convertir cassette caméscope en usb,EUR,50,0%,0%,Unknown,,0,0
convertir cassette en cle usb,EUR,50,0%,0%,High,100,0.001684116,0.008976083
convertir cassette en dvd prix,EUR,50,0%,0%,Low,29,0,0
convertir cassette vhs sur dvd,EUR,50,-90%,-90%,High,100,0.00374248,0.009445523
convertir cassette video,EUR,50,-100%,-100%,Unknown,,0,0
convertir cassette video sur clé usb,EUR,50,0%,0%,Medium,43,0,0
convertir cassettes en dvd,EUR,50,0%,0%,Medium,57,0,0
convertir des cassettes en dvd,EUR,50,0%,0%,High,95,0.00335128,0.009346093
convertir des films super 8 en dvd,EUR,50,0%,0%,High,100,0.00413531,0.011827931
convertir film hi8 en numérique,EUR,50,0%,0%,High,100,0.00389081,0.010607713
convertir une cassette de camescope en dvd,EUR,50,-100%,0%,Unknown,,0,0
convertir une cassette video en cd,EUR,50,?,0%,High,100,0,0
convertir une cassette video en dvd,EUR,50,?,0%,High,100,0,0
convertir vhs en numérique fnac,EUR,50,0%,0%,Low,31,0,0
convertir vhs sur cle usb,EUR,50,0%,0%,High,100,0.004464896,0.010435585
copie cassette 8mm sur dvd,EUR,50,0%,0%,High,86,0,0
copie cassette camescope sur dvd,EUR,50,0%,0%,High,100,0.003953076,0.008256275
copie cassette sur dvd,EUR,50,0%,0%,High,84,0.004263102,0.008875349
copie cassette vhs,EUR,50,0%,0%,High,100,0.00428038,0.008964347
copie de cassette camescope sur dvd,EUR,50,?,?,High,100,0,0
copie de cassettes video sur dvd,EUR,50,0%,0%,High,90,0.004270926,0.013454345
copie vhs,EUR,50,0%,0%,High,100,0.004470438,0.008858071
copier cassette 8mm sur dvd,EUR,50,0%,0%,High,86,0,0
copier cassette camescope sur dvd,EUR,50,0%,0%,High,100,0.003953076,0.008256275
copier cassette hi8 sur dvd,EUR,50,0%,0%,High,100,0,0
copier cassette mini dv sur pc,EUR,50,0%,0%,High,85,0.00155665,0.008544785
copier cassette sur cd,EUR,50,-100%,-100%,Unknown,,0,0
copier cassette vhs,EUR,50,0%,0%,High,100,0,0
copier cassette vhs sur cd,EUR,50,0%,0%,High,100,0.002593982,0.006012417
copier cassette vhs sur disque dur,EUR,50,0%,0%,High,100,0,0
copier cassette video 8 sur pc,EUR,50,0%,0%,High,100,0.000997234,0.007603297
copier cassette video sur cd,EUR,50,0%,-100%,Unknown,,0,0
copier hi8 sur pc,EUR,50,0%,0%,Unknown,,0,0
copier k7 vhs sur dvd,EUR,50,-100%,0%,Unknown,,0,0
copier vhs sur disque dur,EUR,50,0%,0%,High,100,0.002478578,0.007287729
creation d une vidéo avec photos musique,EUR,50,0%,0%,High,80,0.003388444,0.011006085
creation video avec photo et musique,EUR,50,-100%,0%,Unknown,,0,0
creation video mariage,EUR,50,0%,0%,High,86,0,0
creer un diaporama anniversaire,EUR,50,0%,0%,Medium,59,0.003725202,0.010159463
création diaporama anniversaire,EUR,50,0%,0%,High,71,0.001827556,0.009312841
diapo anniversaire original,EUR,50,0%,0%,Low,12,0,0
diapo d anniversaire,EUR,50,0%,0%,Low,27,0.002941172,0.008466219
diaporama anniversaire de mariage,EUR,50,-100%,-100%,Unknown,,0,0
diaporama anniversaire en ligne,EUR,50,-100%,-100%,Unknown,,0,0
diaporama anniversaire humoristique,EUR,50,0%,0%,Low,4,0,0
diaporama anniversaire mariage,EUR,50,0%,0%,Unknown,,0,0
diaporama gratuit anniversaire,EUR,500,-90%,0%,Medium,38,0.003471248,0.011513993
diaporama gratuit pour anniversaire,EUR,500,-90%,0%,Medium,38,0.003471248,0.011513993
diaporama humour anniversaire,EUR,50,0%,0%,Low,0,0,0
diaporama joyeux anniversaire,EUR,50,0%,0%,Medium,43,0,0
diaporama joyeux anniversaire gratuit,EUR,50,0%,-100%,Unknown,,0,0
diaporama original anniversaire,EUR,50,0%,0%,Low,12,0,0
diaporama photo et video avec musique,EUR,50,0%,?,Medium,57,0,0
diaporama photo et video avec musique gratuit,EUR,50,0%,0%,High,78,0.002429026,0.011090845
diaporama photo pour anniversaire,EUR,500,-90%,0%,Medium,45,0.004825777,0.012819297
diaporama photo video musique gratuit,EUR,50,0%,0%,Medium,59,0.003471248,0.008804933
diaporama photos anniversaire,EUR,500,-90%,0%,Medium,45,0.004825777,0.012819297
diaporama pour un anniversaire,EUR,500,0%,0%,Medium,35,0.004569215,0.012181641
diaporama surprise anniversaire,EUR,50,?,0%,Low,0,0,0
diaporama video photo musique,EUR,50,-100%,0%,Unknown,,0,0
enregistrer cassette hi8 sur pc,EUR,50,0%,0%,High,100,0,0
enregistrer cassette sur cle usb,EUR,50,0%,0%,High,100,0.004179972,0.010858081
enregistrer cassette vhs sur cle usb,EUR,50,0%,0%,High,100,0.004677121,0.012052871
enregistrer cassette video sur cle usb,EUR,50,0%,0%,High,100,0.003676302,0.007679907
faire diaporama anniversaire,EUR,50,0%,0%,Medium,60,0.004994971,0.010159463
faire numériser des cassettes vhs,EUR,50,0%,0%,High,95,0,0
faire un diapo anniversaire,EUR,50,0%,0%,High,70,0.00431787,0.010752131
faire un diapo photo anniversaire,EUR,50,0%,0%,Low,29,0,0
faire un diaporama d anniversaire,EUR,50,0%,0%,Medium,61,0,0
faire un diaporama photo pour anniversaire,EUR,50,0%,0%,Medium,64,0,0
faire un diaporama pour anniversaire,EUR,50,0%,0%,Medium,55,0.003301728,0.01379534
faire un diaporama pour un anniversaire,EUR,50,0%,0%,Medium,60,0.003582088,0.011006085
faire une video mariage,EUR,50,-100%,0%,Unknown,,0,0
faire une video surprise pour un mariage,EUR,50,0%,-100%,Unknown,,0,0
faire une vidéo pour les mariés,EUR,50,0%,0%,Low,32,0,0
faire une vidéo pour un mariage,EUR,50,0%,0%,Low,25,0,0
faire video mariage,EUR,50,0%,0%,Low,25,0,0
faire video pour mariage,EUR,50,0%,0%,Low,25,0,0
film avec photos et musique,EUR,50,0%,0%,Medium,33,0,0
fnac convertir cassette vhs en dvd,EUR,50,0%,0%,Low,7,0,0
fnac numerisation vhs,EUR,50,900%,0%,Medium,34,0.004550959,0.015079128
fnac numérisation cassette vidéo,EUR,50,0%,0%,Low,16,0.004473046,0.016301302
fnac transfert vhs,EUR,50,0%,0%,Medium,43,0.002458366,0.009658727
hi8 numeriser,EUR,50,0%,0%,High,100,0.003090806,0.006682673
hi8 sur clé usb,EUR,50,0%,0%,Unknown,,0,0
hi8 vers numerique,EUR,50,0%,-100%,Unknown,,0,0
hi8 vers vhs,EUR,50,0%,0%,Medium,38,0,0
idee de diaporama anniversaire,EUR,50,0%,0%,Low,11,0,0
idee diapo anniversaire,EUR,500,-90%,-90%,Low,11,0.001308238,0.015293962
idee presentation photo pour anniversaire,EUR,50,0%,0%,High,100,0,0
idée diapo photo anniversaire,EUR,50,-100%,-100%,Unknown,,0,0
mariage montage video,EUR,500,-90%,-90%,Medium,50,0.005211761,0.014223378
materiel pour numeriser cassette vhs,EUR,50,0%,-100%,Unknown,,0,0
mettre cassette vhs sur dvd,EUR,50,0%,0%,High,96,0.00368543,0.008969563
mettre des cassettes vhs sur dvd,EUR,50,0%,0%,High,97,0.002292106,0.011862161
mettre vhs en numerique,EUR,50,0%,0%,High,100,0.002791212,0.009048455
mini dv numeriser,EUR,50,0%,0%,High,100,0.003089502,0.010057425
montage de photo avec musique,EUR,50,0%,0%,High,83,0.001778004,0.010582937
montage de photo avec musique gratuit,EUR,50,0%,0%,Unknown,,0,0
montage des photos avec musique,EUR,500,0%,0%,Medium,66,0.001927312,0.010159463
montage diaporama anniversaire,EUR,50,-100%,-100%,Unknown,,0,0
montage diaporama photo musique gratuit,EUR,50,0%,0%,High,79,0,0
montage film mariage,EUR,50,0%,0%,Medium,48,0.009129303,0.018710442
montage mariage video,EUR,500,-90%,-90%,Medium,50,0.005211761,0.014223378
montage musique et photo gratuit,EUR,500,0%,0%,Medium,62,0.00199349,0.009312841
montage musique photo gratuit,EUR,500,0%,0%,Medium,62,0.00199349,0.009312841
montage photo animé avec musique,EUR,50,0%,0%,Medium,57,0,0
montage photo audio,EUR,50,0%,0%,Medium,61,0.003450058,0.010965661
montage photo audio en ligne,EUR,50,0%,0%,Low,0,0,0
montage photo audio gratuit,EUR,50,0%,0%,High,86,0,0
montage photo avec musique iphone,EUR,50,0%,0%,Low,29,0,0
montage photo en diaporama avec musique gratuit,EUR,50,0%,0%,Unknown,,0,0
montage photo en video avec musique gratuit en ligne,EUR,50,0%,0%,Medium,60,0.002539866,0.008466219
montage photo en vidéo avec musique,EUR,500,-90%,-90%,Medium,64,0.003047774,0.010201843
montage photo et audio,EUR,50,0%,0%,High,86,0,0
montage photo gratuit avec musique de fond,EUR,50,0%,0%,Medium,57,0,0
montage photo gratuit musique,EUR,50,0%,0%,High,100,0,0
montage photo plus musique,EUR,50,0%,0%,Medium,57,0.001883628,0.006772975
montage photo sur musique,EUR,500,0%,0%,Medium,52,0.001947198,0.009312841
montage photo video en musique gratuit,EUR,50,0%,0%,Unknown,,0,0
montage photo video mariage,EUR,50,0%,0%,High,100,0,0
montage photo video musique gratuit,EUR,500,0%,0%,Medium,53,0.001778004,0.009361741
montage photo video pour mariage,EUR,50,0%,0%,High,100,0,0
montage video anniversaire de mariage,EUR,50,-100%,-100%,Unknown,,0,0
montage video avec musique et photo,EUR,500,-90%,-90%,Medium,64,0.003047774,0.010201843
montage video avec photo et musique,EUR,500,-90%,-90%,Medium,64,0.003047774,0.010201843
montage video avec photo musique et texte,EUR,50,-100%,-100%,Unknown,,0,0
montage video boulette mariage,EUR,50,0%,0%,Low,0,0,0
montage video de mariage,EUR,50,0%,0%,Medium,43,0,0
montage video de photo avec musique,EUR,50,0%,0%,High,100,0,0
montage video mariage temoin,EUR,50,-100%,0%,Unknown,,0,0
montage video photo avec musique,EUR,50,?,0%,Medium,33,0,0
montage video photo avec musique gratuit,EUR,50,0%,0%,Medium,43,0,0
montage video photo mariage,EUR,50,0%,0%,High,100,0,0
montage video pour un mariage,EUR,500,-90%,-90%,Medium,50,0.005211761,0.014223378
montage video surprise mariage,EUR,50,?,0%,Low,0,0,0
montage video surprise pour mariage,EUR,50,?,?,Low,0,0,0
montage video temoin mariage,EUR,50,0%,0%,High,93,0,0
montage vidéo avec photo et musique apk,EUR,50,0%,0%,Unknown,,0,0
montage vidéo avec photo et musique gratuit,EUR,50,0%,0%,Medium,65,0.001524702,0.009820749
montage vidéo avec photo et musique gratuit en ligne,EUR,50,0%,0%,High,77,0.004825777,0.009651555
montage vidéo mariage original,EUR,50,0%,0%,Low,29,0.005223823,0.010061011
montage vidéo tarif,EUR,50,0%,0%,Low,29,0.005444851,0.013827614
monteur video tarif,EUR,50,0%,0%,Medium,57,0,0
monteur video youtube prix,EUR,50,0%,0%,Medium,36,0,0
monteur vidéo youtube prix,EUR,50,0%,0%,Medium,36,0,0
numerisation cassette fnac,EUR,50,0%,0%,Low,22,0.004126508,0.01788338
numerisation cassette leclerc,EUR,50,0%,0%,Medium,38,0.00444175,0.023462869
numerisation cassette video fnac,EUR,50,0%,0%,Low,16,0.004473046,0.016301302
numerisation de cassette video vhs,EUR,50,0%,0%,High,100,0,0
numerisation dvd,EUR,50,0%,0%,Low,27,0.005480059,0.012257599
numerisation film vhs,EUR,50,0%,0%,High,86,0,0
numerisation mini dv fnac,EUR,50,-100%,-100%,Unknown,,0,0
numerisation vhs dvd,EUR,50,-100%,-100%,Unknown,,0,0
numerisation vhs fnac,EUR,50,900%,0%,Medium,34,0.004550959,0.015079128
numerisation vhs sur dvd,EUR,50,0%,0%,Medium,39,0,0
numerisation video 8mm,EUR,50,0%,0%,High,100,0.005170359,0.012136327
numerisation video analogique,EUR,50,?,0%,High,100,0,0
numerisation video vhs,EUR,50,0%,0%,High,79,0.002890316,0.011828257
numeriser camescope,EUR,50,0%,0%,High,100,0.001793,0.010638683
numeriser cassette 8mm,EUR,50,0%,0%,High,100,0.004831971,0.024344047
numeriser cassette camescope mini dv,EUR,50,0%,0%,High,100,0.003347042,0.010057425
numeriser cassette magnetoscope,EUR,50,0%,0%,High,100,0,0
numeriser cassette vhs en dvd,EUR,50,?,0%,High,100,0,0
numeriser cassette vhs secam,EUR,50,0%,?,High,100,0.000688838,0.005867021
numeriser cassette video 8mm,EUR,50,0%,0%,High,100,0.005480059,0.012424837
numeriser du vhs,EUR,50,0%,0%,High,100,0,0
numeriser film vhs,EUR,50,0%,0%,High,100,0,0
numeriser hi8 mac,EUR,50,0%,0%,Unknown,,0,0
numeriser hi8 sur pc,EUR,50,0%,0%,High,96,0.00126814,0.008922619
numeriser k7,EUR,50,0%,0%,High,100,0.004335474,0.009542345
numeriser k7 camescope,EUR,50,?,?,Low,0,0,0
numeriser k7 vhs,EUR,50,0%,0%,High,100,0,0
numeriser les vhs,EUR,50,0%,0%,High,100,0.001452004,0.008575103
numeriser mini cassette video,EUR,50,0%,0%,High,100,0.003578176,0.011173323
numeriser mini dv mac,EUR,50,0%,0%,High,86,0,0
numeriser une cassette,EUR,50,0%,0%,High,96,0.00359252,0.012188813
numeriser une cassette video,EUR,500,0%,0%,High,100,0.003990566,0.010834283
numeriser vhs fnac,EUR,50,0%,0%,Low,20,0,0
numeriser vhs mac,EUR,50,0%,0%,High,97,0,0
numeriser vhs soi meme,EUR,50,0%,0%,High,100,0,0
numeriser vhs sur mac,EUR,50,0%,0%,High,100,0,0
numeriser video,EUR,50,0%,0%,Medium,55,0.005716735,0.013988006
numeriser video cassette,EUR,50,0%,0%,High,100,0,0
numeriser video hi8,EUR,50,0%,0%,High,100,0.003548184,0.011232003
numeriser video mini dv,EUR,50,0%,0%,High,100,0.004263102,0.008724411
numeriser video vhs,EUR,50,0%,0%,High,100,0.002591048,0.006782429
numérisation camescope,EUR,50,0%,0%,High,100,0,0
numérisation cassette vhs c,EUR,50,0%,0%,High,100,0.004826429,0.016041154
numérisation cassette vhs carrefour,EUR,50,0%,0%,High,90,0,0
numérisation cassette vhs fnac,EUR,50,0%,0%,Medium,50,0.007382595,0.018841168
numérisation de cassettes vidéo sur dvd,EUR,50,0%,0%,High,100,0,0
numérisation dvd,EUR,50,0%,0%,Low,27,0.005480059,0.012257599
numérisation k7 video,EUR,50,0%,0%,High,98,0.003790402,0.014741066
numérisation vhs carrefour,EUR,50,0%,0%,Medium,63,0,0
numérisation vhs fnac,EUR,50,900%,0%,Medium,34,0.004550959,0.015079128
numérisation vhs sur clé usb,EUR,50,?,0%,High,100,0,0
numérisation vhs sur dvd,EUR,50,0%,0%,Medium,39,0,0
numérisation video,EUR,50,0%,0%,High,100,0.010522627,0.014604798
numérisation vidéo,EUR,50,0%,0%,High,100,0.010522627,0.014604798
numériser cassette dv,EUR,50,0%,0%,High,100,0.004273534,0.010842759
numériser cassette vhs c sur clé usb,EUR,50,0%,0%,Unknown,,0,0
numériser cassette vhs fnac,EUR,50,0%,0%,Low,0,0,0
numériser cassette vhs sur dvd,EUR,50,0%,-100%,Unknown,,0,0
numériser cassette vhs sur mac,EUR,50,0%,?,High,100,0,0
numériser des cassettes camescope,EUR,500,0%,0%,High,100,0.003673042,0.012227607
numériser des cassettes hi8,EUR,500,900%,0%,High,100,0.003569048,0.012049937
numériser hi8 sur clé usb,EUR,50,0%,0%,High,93,0,0
numériser hi8 sur dvd,EUR,50,0%,0%,Unknown,,0,0
numériser ses cassettes hi8,EUR,50,-100%,-100%,Unknown,,0,0
numériser une cassette,EUR,500,0%,0%,High,100,0.005155037,0.014806918
numériser une cassette vidéo,EUR,500,0%,0%,High,100,0.003990566,0.010834283
numériser vhs boulanger,EUR,50,0%,0%,High,91,0,0
numériser vhs en numérique,EUR,50,-100%,-100%,Unknown,,0,0
numériser vhs mac,EUR,50,0%,0%,High,100,0,0
numériser vhs prix,EUR,50,0%,0%,High,96,0.003287058,0.009745443
numériser vhs sur clé usb,EUR,50,0%,0%,High,100,0,0
numériser vhs sur dvd,EUR,50,0%,0%,Medium,39,0,0
numériser vhs sur mac,EUR,50,0%,0%,High,100,0,0
numériser video 8,EUR,50,0%,0%,High,95,0.004677773,0.011985389
numériseur cassettes vhs,EUR,50,0%,0%,High,89,0,0
numériseur de cassettes vhs,EUR,50,0%,0%,High,100,0,0
photo et musique montage gratuit,EUR,50,0%,0%,Medium,40,0.001794304,0.009905509
photo montage avec musique gratuit,EUR,500,0%,0%,Medium,52,0.001731386,0.009542019
photo musique montage,EUR,500,0%,0%,Medium,52,0.001947198,0.009312841
presentation photo pour anniversaire,EUR,50,0%,0%,High,100,0,0
prix montage video freelance,EUR,50,0%,0%,Low,2,0,0
prix montage video mariage,EUR,50,0%,0%,Medium,57,0,0
prix montage video particulier,EUR,50,0%,?,Low,0,0,0
prix montage video youtube,EUR,50,0%,0%,Low,19,0.002862932,0.014114494
prix montage vidéo youtube,EUR,50,0%,0%,Low,19,0.002862932,0.014114494
prix monteur video youtube,EUR,50,0%,0%,Low,19,0,0
restaurer cassette vhs,EUR,50,0%,0%,Medium,45,0.003697492,0.008942179
restaurer une cassette vhs,EUR,50,0%,?,Medium,33,0,0
site diaporama anniversaire,EUR,50,0%,0%,Low,0,0,0
tarif horaire montage video,EUR,50,0%,0%,Low,4,0,0
tarif montage video freelance,EUR,50,0%,0%,Low,30,0.002465864,0.011632657
tarif montage video mariage,EUR,50,-100%,-100%,Unknown,,0,0
tarif montage video youtube,EUR,50,0%,0%,Low,24,0,0
tarif montage vidéo youtube,EUR,50,0%,0%,Low,21,0,0
tarif monteur video freelance,EUR,50,0%,0%,Medium,37,0.001965128,0.009179507
transferer cassette 8mm sur pc,EUR,50,0%,0%,High,100,0.004979323,0.010747893
transferer cassette camescope sur cd,EUR,50,0%,0%,High,90,0,0
transferer cassette hi8 sur pc,EUR,50,?,0%,High,100,0.004572801,0.009557667
transferer cassette vhs sur disque dur,EUR,50,0%,0%,Medium,35,0,0
transferer cassette video sur dvd,EUR,50,0%,0%,High,78,0.004326672,0.010390271
transferer cassette video sur pc,EUR,50,0%,0%,High,97,0.00227059,0.007271103
transferer cassettes vhs sur pc,EUR,50,0%,0%,High,100,0.001892104,0.010808203
transferer film hi8 sur pc,EUR,0,0%,0%,Unknown,,0,0
transferer film vhs sur dvd,EUR,50,0%,?,High,100,0,0
transferer mini cassette video sur pc,EUR,50,0%,0%,High,100,0.002614846,0.009931263
transferer une vhs sur dvd,EUR,500,0%,0%,High,100,0.004274186,0.011944639
transferer vhs sur disque dur,EUR,50,0%,0%,High,99,0.003479072,0.011223527
transferer vhs sur usb,EUR,50,900%,900%,High,100,0.003041906,0.010721813
transferer video 8mm sur ordi,EUR,50,0%,0%,High,100,0.003737264,0.010799401
transferer video cassette sur dvd,EUR,50,0%,0%,High,96,0.00392993,0.009001185
transfert 8mm vers numérique,EUR,50,?,0%,High,100,0.003140684,0.014450274
transfert cassette 8mm,EUR,50,0%,0%,High,100,0.00288836,0.007347387
transfert cassette 8mm sur cle usb,EUR,500,0%,900%,High,99,0.003195126,0.010364843
transfert cassette camescope sur pc,EUR,50,0%,0%,High,100,0.003775732,0.007976241
transfert cassette dvd,EUR,50,0%,0%,Medium,48,0.004689183,0.013721664
transfert cassette en dvd,EUR,50,0%,0%,Medium,48,0.004689183,0.013721664
transfert cassette hi8,EUR,50,0%,0%,Low,29,0,0
transfert cassette minidv,EUR,50,0%,0%,High,100,0.003472552,0.008004277
transfert cassette sur usb,EUR,50,?,0%,High,100,0.002892598,0.007595799
transfert cassette vhs c,EUR,50,0%,0%,High,100,0,0
transfert cassette vhs c sur dvd,EUR,50,0%,0%,Unknown,,0,0
transfert cassette vhs sur cd,EUR,50,0%,0%,High,100,0.004715589,0.011826953
transfert cassette vhs sur pc,EUR,50,0%,0%,High,100,0.001892104,0.010808203
transfert cassette video,EUR,50,0%,0%,High,76,0,0
transfert cassette video 8mm sur dvd,EUR,50,0%,0%,Unknown,,0,0
transfert cassette video camescope sur pc,EUR,50,0%,0%,High,100,0.00337899,0.008945765
transfert cassette video sur cd,EUR,50,0%,0%,High,100,0.003546228,0.011020755
transfert cassette video vhs sur dvd,EUR,50,0%,0%,High,100,0,0
transfert cassette video vhs sur pc,EUR,50,?,?,High,100,0,0
transfert cassettes video,EUR,50,0%,0%,High,76,0,0
transfert de cassette,EUR,50,0%,0%,High,98,0.004271904,0.012415383
transfert de cassette camescope sur cd,EUR,50,?,0%,High,100,0,0
transfert de cassette sur cle usb,EUR,50,0%,?,High,100,0,0
transfert de cassette sur dvd,EUR,50,-100%,-100%,Unknown,,0,0
transfert de cassette video sur dvd,EUR,50,0%,0%,High,96,0,0
transfert de vhs en numerique,EUR,50,?,0%,High,100,0,0
transfert de video cassette sur dvd,EUR,50,0%,0%,High,96,0,0
transfert film 8mm sur dvd fnac,EUR,50,0%,0%,Unknown,,0,0
transfert film cassette sur dvd,EUR,50,0%,0%,High,88,0.003947208,0.014926234
transfert hi8 sur dvd,EUR,50,0%,0%,High,90,0.010138599,0.013518241
transfert hi8 sur pc,EUR,50,0%,0%,High,100,0.006012743,0.011760123
transfert hi8 vers numérique,EUR,50,0%,0%,High,100,0.005066039,0.011401197
transfert k7 vhs,EUR,50,0%,-100%,Unknown,,0,0
transfert k7 video sur cd,EUR,50,0%,0%,High,100,0.005182421,0.043314311
transfert mini dv sur disque dur,EUR,50,0%,0%,High,100,0.005069299,0.024193761
transfert mini dv sur dvd fnac,EUR,50,0%,-100%,Unknown,,0,0
transfert super 8 dvd,EUR,50,0%,0%,High,90,0.00418584,0.011897043
transfert vhs a dvd,EUR,50,0%,0%,Medium,43,0,0
transfert vhs c,EUR,50,0%,0%,High,100,0,0
transfert vhs c sur dvd,EUR,50,0%,-100%,Unknown,,0,0
transfert vhs dvd fnac,EUR,50,0%,0%,High,82,0.002485098,0.010364843
transfert vhs dvd prix,EUR,50,0%,0%,Medium,57,0,0
transfert vhs pc,EUR,500,900%,0%,High,100,0.001596096,0.009366305
transfert vhs sur cd,EUR,50,0%,0%,High,100,0.003715748,0.009784889
transfert vhs usb,EUR,50,900%,900%,High,100,0.003041906,0.010721813
transfert video 8mm sur dvd,EUR,50,0%,0%,Unknown,,0,0
transfert video vhs,EUR,50,0%,0%,High,100,0,0
transfert vidéo sur dvd,EUR,50,0%,0%,Medium,43,0,0
transformation cassette camescope en dvd,EUR,50,0%,0%,Unknown,,0,0
transformation cassette en usb,EUR,50,0%,0%,High,99,0.003896026,0.008973801
transformation cassette video en dvd,EUR,50,0%,?,High,71,0,0
transformation de cassette vhs en dvd,EUR,50,0%,?,High,100,0,0
transformer cassette 8mm en dvd,EUR,50,0%,0%,High,100,0,0
transformer cassette hi8 en dvd,EUR,50,?,?,High,100,0,0
transformer cassette vhs,EUR,50,-100%,-100%,Unknown,,0,0
transformer cassette vhs en cd,EUR,50,0%,0%,High,76,0,0
transformer cassette vhs en usb,EUR,50,0%,0%,High,100,0.003387792,0.009381627
transformer cassette video 8 en dvd,EUR,50,0%,?,High,100,0,0
transformer cassette video en dvd,EUR,50,0%,0%,High,83,0,0
transformer cassette video en numerique,EUR,50,0%,900%,High,100,0.003449732,0.010048949
transformer cassettes en dvd,EUR,50,0%,0%,High,75,0,0
transformer cassettes vhs en dvd,EUR,50,0%,?,High,100,0,0
transformer des cassettes en dvd,EUR,500,0%,-90%,High,92,0.004023492,0.010813419
transformer des cassettes video en dvd,EUR,50,0%,0%,High,98,0.004821865,0.013010659
transformer des super 8 en dvd,EUR,50,0%,0%,High,100,0.004862941,0.011439013
transformer des vhs en dvd,EUR,500,0%,0%,High,100,0.003474508,0.009035741
transformer hi8 en numerique,EUR,50,0%,0%,High,100,0.004540854,0.014807244
transformer k7 video en dvd,EUR,50,0%,0%,High,100,0.003438974,0.014937644
transformer les cassettes de camescope en dvd,EUR,50,0%,?,High,100,0.00309211,0.011826301
transformer les cassettes en dvd,EUR,500,0%,-90%,High,92,0.004023492,0.010813419
transformer mini dv en numerique,EUR,50,0%,0%,Unknown,,0,0
transformer ses cassettes vhs en dvd,EUR,50,0%,0%,High,100,0.002153882,0.006970531
transformer ses vhs en dvd,EUR,50,0%,0%,High,100,0,0
transformer une cassette vhs en cd,EUR,50,0%,0%,High,100,0,0
transformer une cassette video en cd,EUR,50,0%,0%,High,100,0.002584202,0.005680549
transformer une cassette video en dvd,EUR,50,0%,0%,High,98,0.004821865,0.013010659
transformer une cassette video vhs en dvd,EUR,50,0%,0%,High,68,0,0
transformer vhs en clé usb,EUR,50,0%,0%,High,100,0.00295682,0.016208066
transformer video vhs en numerique,EUR,50,0%,0%,High,100,0,0
transférer des cassettes camescope en dvd,EUR,50,0%,0%,Unknown,,0,0
transférer vhs sur clé usb,EUR,500,0%,0%,High,100,0.003588934,0.009866389
télécharger montage vidéo avec photo et musique,EUR,50,0%,0%,Unknown,,0,0
télécharger montage vidéo avec photo et musique gratuit,EUR,50,0%,0%,Unknown,,0,0
télécharger montage vidéo avec photo et musique pour pc,EUR,50,0%,-100%,Unknown,,0,0
vhs numeriser,EUR,50,0%,0%,High,100,0.004187144,0.009164185
vhs sur disque dur,EUR,50,0%,0%,High,96,0.002792842,0.010415699
vhs transfert dvd,EUR,500,0%,0%,High,100,0.004274186,0.011944639
vhs transfert pc,EUR,0,0%,0%,Unknown,,0,0
video avec photo et musique gratuit,EUR,50,0%,0%,Unknown,,0,0
video avec photo pour anniversaire,EUR,50,0%,0%,Medium,43,0.001150454,0.007237199
video avec photos et musique,EUR,50,0%,0%,Medium,52,0.001404408,0.009312841
video de photo avec musique gratuit,EUR,50,0%,0%,Unknown,,0,0
video diaporama anniversaire,EUR,50,0%,0%,Low,29,0,0
video montage mariage,EUR,500,-90%,-90%,Medium,50,0.005211761,0.014223378
video montage mariage original,EUR,50,?,0%,Low,0,0,0
video montage photo anniversaire,EUR,50,0%,0%,Medium,51,0.00423963,0.011937467
video montage photo mariage,EUR,50,0%,0%,Medium,57,0,0
video montage pour mariage,EUR,500,-90%,-90%,Medium,50,0.005211761,0.014223378
video surprise pour mariage,EUR,50,0%,0%,Low,11,0,0
vidéo mariage montage,EUR,50,0%,0%,Medium,36,0,0
vidéo montage mariage,EUR,500,-90%,-90%,Medium,50,0.005211761,0.014223378
vidéo surprise invités mariage,EUR,50,0%,?,Low,0,0,0
vidéo surprise mariage original,EUR,50,-100%,-100%,Unknown,,0,0
youtube diaporama anniversaire,EUR,50,0%,?,Low,0,0,0
film souvenir personnalisé,EUR,, --, --,Unknown,,0,0
montage vidéo avec photos et musique,EUR,, --, --,Unknown,,0,0
cadeau retraite,EUR,5000,0%,0%,High,100,0.00122413,0.004936943
cadeau retraite homme,EUR,5000,0%,0%,High,100,0.001100576,0.004406542
cadeau retraite femme,EUR,5000,0%,0%,High,100,0.001239126,0.006248441
cadeau depart retraite,EUR,5000,0%,0%,High,100,0.001367896,0.005676637
idée cadeau retraite homme,EUR,500,900%,0%,High,100,0.000896826,0.004794155
idée cadeau retraite femme,EUR,500,0%,0%,High,100,0.001193812,0.005601657
cadeau de retraite,EUR,500,0%,0%,High,100,0.001397236,0.005896687
idée cadeau retraite,EUR,5000,900%,0%,High,100,0.00135453,0.005421053
idée cadeau retraite original,EUR,500,0%,0%,High,100,0.000926818,0.004377854
idee cadeau depart a la retraite,EUR,500,0%,0%,High,100,0.001191204,0.004825777
cadeau de départ,EUR,500,0%,0%,High,91,0.001270096,0.003979156
cadeau pour retraite,EUR,5000,0%,0%,High,100,0.00122413,0.004936943
box retraite,EUR,50,900%,0%,High,100,0.003699448,0.020749246
cadeau retraite personnalisé,EUR,500,0%,0%,High,100,0.001862438,0.005503205
cadeau de retraite original,EUR,50,0%,0%,High,97,0,0
idée cadeau retraite collègue,EUR,50,0%,-90%,High,100,0.00109373,0.008869807
cadeau de retraite femme,EUR,500,0%,0%,High,100,0.0014833,0.006675827
cadeau départ retraite femme,EUR,500,0%,0%,High,100,0.001255752,0.006941517
cadeau depart,EUR,500,0%,0%,High,100,0.001226738,0.004723739
cadeau homme retraite,EUR,5000,0%,0%,High,100,0.001100576,0.004406542
cadeau départ en retraite,EUR,500,0%,0%,High,100,0.001336274,0.005164491
cadeau départ retraite homme,EUR,500,0%,0%,High,100,0.001293568,0.005109397
cadeau pour retraité homme,EUR,5000,0%,0%,High,100,0.001100576,0.004406542
coffret cadeau retraite femme,EUR,500,-90%,-90%,High,100,0.001506446,0.010873077
cadeau pour retraite femme,EUR,5000,0%,0%,High,100,0.001239126,0.006248441
cadeau pour la retraite,EUR,5000,0%,0%,High,100,0.00122413,0.004936943
cadeau de départ personnalisé,EUR,50,0%,0%,High,97,0.001871566,0.008064913
idee cadeau depart,EUR,500,0%,-90%,High,100,0.00110188,0.004676143
cadeau de retraite pour homme,EUR,500,0%,0%,High,100,0.0010432,0.004063916
cadeau retraite femme original,EUR,500,0%,0%,High,100,0.000926492,0.004662125
idée cadeau départ retraite,EUR,500,0%,0%,High,100,0.001403104,0.006857735
cadeau départ entreprise,EUR,50,0%,0%,High,100,0.002093246,0.010949361
carte cadeau retraite,EUR,500,0%,0%,High,100,0.004545418,0.015108468
cadeau femme retraite,EUR,5000,0%,0%,High,100,0.001239126,0.006248441
cadeau de retraite pour femme,EUR,500,0%,0%,High,100,0.0014833,0.006675827
idée cadeau de départ,EUR,500,0%,-90%,High,100,0.001073192,0.004878589
cadeau retraite maman,EUR,50,0%,0%,High,97,0.001360398,0.006766781
coffret cadeau retraite homme,EUR,50,0%,-90%,High,100,0.001678248,0.008743319
cadeau pour depart retraite,EUR,5000,0%,0%,High,100,0.001367896,0.005676637
cadeau départ à la retraite,EUR,5000,0%,0%,High,100,0.001367896,0.005676637
retraite cadeau,EUR,5000,0%,0%,High,100,0.00122413,0.004936943
idée cadeau départ retraite femme,EUR,500,0%,0%,High,100,0.001153388,0.005703695
smartbox retraite,EUR,50,900%,900%,High,100,0.002191372,0.014856144
wonderbox retraite,EUR,500,900%,0%,High,100,0.0021027,0.007492457
cadeau de retraite homme,EUR,500,0%,0%,High,100,0.0010432,0.004063916
idée cadeau départ retraite collègue femme,EUR,500,0%,0%,High,100,0.001069606,0.008072411
cadeau personnalisé retraite homme,EUR,50,0%,0%,High,100,0.002156164,0.006871101
idée cadeau départ en retraite,EUR,500,0%,0%,High,100,0.00143929,0.006409811
cadeau personnalisé retraite femme,EUR,50,0%,0%,High,100,0.002005552,0.006032303
cadeau personnalisé retraite,EUR,500,0%,0%,High,100,0.001862438,0.005503205
box cadeau retraite,EUR,50,900%,900%,High,100,0.003756172,0.011838689
cadeau pour une retraite,EUR,5000,0%,0%,High,100,0.00122413,0.004936943
cadeau retraite homme humour,EUR,50,0%,-90%,High,100,0.00108232,0.00356807
idee cadeau depart retraite,EUR,500,0%,0%,High,100,0.00143929,0.006409811
cadeau retraite maitresse,EUR,50,0%,0%,High,100,0.00152405,0.003301728
cadeau original pour retraite homme,EUR,500,0%,0%,High,99,0.001185336,0.004581929
cadeau maîtresse retraite,EUR,50,0%,0%,High,100,0.001496014,0.005497663
cadeau depart a la retraite,EUR,500,0%,0%,High,100,0.001537742,0.004868157
cadeau pour un retraité,EUR,5000,0%,0%,High,100,0.00122413,0.004936943
cadeau pour un retraité homme,EUR,50,0%,-90%,High,100,0.000696336,0.005207523
idée cadeau départ retraite homme,EUR,50,900%,0%,High,100,0.001069606,0.005347703
idée cadeau homme retraite,EUR,500,900%,0%,High,100,0.000896826,0.004794155
cadeau de départ entreprise,EUR,50,0%,0%,High,100,0,0
cadeau départ en retraite homme,EUR,50,0%,-90%,High,100,0.001366592,0.004141504
idée cadeau pour retraite femme,EUR,500,0%,0%,High,100,0.001193812,0.005601657
cadeau pour un depart a la retraite,EUR,500,0%,0%,High,100,0.001537742,0.004868157
cadeau départ en retraite femme,EUR,500,900%,900%,High,100,0.001578492,0.007256759
idée cadeau femme retraite,EUR,50,900%,0%,High,100,0.001183706,0.006300601
cadeau pour la retraite homme,EUR,5000,0%,0%,High,100,0.001100576,0.004406542
cadeau jeune retraité,EUR,50,900%,0%,High,100,0.001384522,0.005830835
box retraite femme,EUR,50,0%,0%,High,100,0.002420224,0.010143163
idee cadeau couple retraite,EUR,50,900%,0%,High,100,0.00143929,0.006641271
cadeau original retraite,EUR,500,0%,0%,High,100,0.00147841,0.004910537
cadeau pour une retraite femme,EUR,5000,0%,0%,High,100,0.001239126,0.006248441
coffret cadeau retraite,EUR,50,0%,0%,High,100,0.002461626,0.010938929
idée cadeau départ entreprise,EUR,50,0%,0%,High,100,0.001167406,0.010551967
idée cadeau pour couple retraité,EUR,50,900%,0%,High,100,0.00143929,0.006641271
cadeau retraite humour,EUR,500,900%,0%,High,100,0.001413862,0.003894396
cadeau pension,EUR,50,-100%,0%,Unknown,,0,0
cadeau pour la retraite femme,EUR,5000,0%,0%,High,100,0.001239126,0.006248441
cadeau de depart retraite,EUR,500,-90%,-90%,High,100,0.001352248,0.007856599
cadeau pour départ en retraite,EUR,5000,0%,0%,High,100,0.001367896,0.005676637
cadeau pour jeune retraité,EUR,50,900%,0%,High,100,0.001384522,0.005830835
idée cadeau pour retraite homme,EUR,500,900%,0%,High,100,0.000896826,0.004794155
cadeau retraite nounou,EUR,50,0%,0%,High,100,0.001972952,0.004487716
cadeau pour depart a la retraite,EUR,500,0%,0%,High,100,0.001537742,0.004868157
cadeau de départ en retraite,EUR,500,-90%,-90%,High,100,0.001352248,0.007856599
cadeau bonne retraite,EUR,50,0%,0%,High,100,0.001849398,0.006211603
depart retraite cadeau,EUR,50,0%,0%,High,100,0.00156806,0.006413723
cadeau original retraite homme,EUR,500,0%,0%,High,99,0.001185336,0.004581929
quoi offrir pour un depart a la retraite,EUR,50,0%,0%,High,100,0,0
cadeau rigolo retraite,EUR,50,0%,0%,High,100,0.001146216,0.003963834
cadeau couple retraité,EUR,50,900%,0%,High,100,0.00164304,0.006960751
cadeau depart a la retraite homme,EUR,50,0%,0%,High,100,0.00119805,0.004385678
cadeau original retraite femme,EUR,50,0%,0%,High,100,0.000931382,0.009756853
idee cadeau pour retraite,EUR,5000,900%,0%,High,100,0.00135453,0.005421053
idée cadeau pour une retraite femme,EUR,50,0%,0%,High,100,0.001608484,0.007788791
cadeau atsem retraite,EUR,50,0%,0%,High,100,0.00138224,0.005164491
cadeau pour couple retraité,EUR,50,0%,-90%,High,100,0.001274334,0.005304345
idee cadeau pour depart en retraite,EUR,500,0%,0%,High,100,0.001403104,0.006857735
cadeau départ employé,EUR,50,0%,0%,High,100,0,0
cadeau original depart retraite,EUR,50,0%,0%,High,100,0,0
retraite cadeau original,EUR,500,0%,0%,High,100,0.00147841,0.004910537
cadeau retraite couple,EUR,50,0%,0%,High,100,0.002181266,0.008511207
cadeau patron départ,EUR,50,-100%,-100%,Unknown,,0,0
cadeau retraite collegue,EUR,50,0%,0%,High,100,0.001151758,0.003703034
depart en retraite cadeau,EUR,50,0%,0%,High,100,0.00139528,0.004153566
quoi offrir pour une retraite,EUR,50,0%,0%,High,100,0,0
amazon cadeau retraite,EUR,50,0%,0%,High,89,0,0
boite cadeau retraite,EUR,50,0%,0%,High,97,0,0
bon cadeau retraite,EUR,50,0%,0%,High,100,0,0
bonne retraite cadeau,EUR,50,0%,0%,High,95,0.001588272,0.003047774
box pour retraité,EUR,50,0%,0%,High,100,0.00302691,0.010322463
box retraite homme,EUR,50,0%,0%,High,100,0.002017614,0.008354075
cadeau collegue retraite,EUR,50,0%,0%,High,100,0.00094703,0.004813389
cadeau de depart a la retraite,EUR,50,0%,0%,High,100,0.000985498,0.0042543
cadeau de depart en retraite homme,EUR,50,0%,0%,High,100,0.000867812,0.009116589
cadeau de depart homme,EUR,50,0%,0%,High,100,0.001477432,0.003772146
cadeau de depart original,EUR,50,0%,0%,High,100,0,0
cadeau de départ en retraite femme,EUR,50,0%,0%,High,100,0,0
cadeau de départ en retraite pour femme,EUR,50,?,0%,High,100,0,0
cadeau de départ en retraite pour homme,EUR,50,0%,0%,High,100,0.000867812,0.009116589
cadeau de départ pour un collègue,EUR,500,0%,0%,High,100,0.001245972,0.003959596
cadeau de départ à la retraite,EUR,500,-90%,-90%,High,100,0.001352248,0.007856599
cadeau de noel pour retraité,EUR,50,0%,0%,High,100,0.000996256,0.004910537
cadeau de retraite maman,EUR,50,0%,0%,High,100,0,0
cadeau de retraite papa,EUR,50,0%,0%,High,100,0,0
cadeau de retraite pour un homme,EUR,50,0%,0%,High,100,0,0
cadeau depart a la retraite femme,EUR,50,0%,0%,High,100,0.001576862,0.003548184
cadeau depart en retraite original,EUR,50,0%,-100%,Unknown,,0,0
cadeau depart homme,EUR,50,0%,0%,High,100,0,0
cadeau depart retraite collegue,EUR,50,900%,900%,High,100,0.001198376,0.003814526
cadeau depart retraite homme humoristique,EUR,50,?,?,High,100,0.001048742,0.002376866
cadeau depart retraite humour,EUR,50,0%,0%,High,100,0,0
cadeau depart retraite institutrice,EUR,50,0%,0%,High,100,0,0
cadeau depart retraite maitresse,EUR,50,0%,0%,High,100,0.00176366,0.00310189
cadeau depart retraite medecin,EUR,50,0%,0%,High,99,0.00029503,0.003577198
cadeau depart retraite nounou,EUR,50,0%,0%,High,100,0,0
cadeau depart retraite patron,EUR,50,0%,0%,High,100,0,0
cadeau drole retraite,EUR,50,0%,0%,High,100,0.001406364,0.003662936
cadeau départ en retraite collègue,EUR,50,0%,0%,High,100,0,0
cadeau départ en retraite maitresse,EUR,50,0%,0%,High,100,0,0
cadeau départ retraite atsem,EUR,50,0%,0%,High,100,0.003132534,0.007667519
cadeau départ retraite d une collègue,EUR,50,0%,-100%,Unknown,,0,0
cadeau départ retraite enseignant,EUR,50,?,0%,High,100,0,0
cadeau départ retraite médecin généraliste,EUR,50,0%,0%,High,100,0.0010269,0.004910537
cadeau départ salarié,EUR,50,0%,0%,High,96,0.007656435,0.05120351
cadeau départ à la retraite femme,EUR,500,0%,0%,High,100,0.001255752,0.006941517
cadeau départ à la retraite homme,EUR,500,0%,0%,High,100,0.001293568,0.005109397
cadeau ehpad,EUR,50,0%,0%,High,100,0.001687376,0.003586
cadeau femme depart retraite,EUR,50,0%,0%,High,100,0.001572298,0.006434261
cadeau femme retraitee,EUR,5000,0%,0%,High,100,0.001239126,0.006248441
cadeau fete des meres ehpad,EUR,50,0%,0%,Unknown,,0,0
cadeau futur retraité,EUR,50,900%,0%,High,100,0.001169688,0.004065872
cadeau homme a la retraite,EUR,50,0%,0%,High,100,0.00048737,0.001906448
cadeau homme depart retraite,EUR,500,0%,0%,High,100,0.001293568,0.005109397
cadeau humoristique retraite,EUR,50,0%,0%,High,100,0.001183706,0.00270906
cadeau humoristique retraite homme,EUR,50,0%,0%,High,100,0.00143929,0.002682654
cadeau humour retraite,EUR,500,900%,0%,High,100,0.001413862,0.003894396
cadeau humour retraite homme,EUR,50,0%,0%,High,100,0,0
cadeau insolite retraite,EUR,50,0%,0%,High,100,0,0
cadeau maison de retraite,EUR,50,0%,0%,High,100,0.000783704,0.00270906
cadeau maitresse depart en retraite,EUR,50,-100%,-100%,Unknown,,0,0
cadeau maitresse depart retraite,EUR,50,0%,0%,High,100,0,0
cadeau médecin généraliste retraite,EUR,50,0%,0%,High,90,0,0
cadeau médecin retraite,EUR,50,0%,-90%,High,99,0.001015816,0.00385332
cadeau noel ehpad,EUR,50,0%,0%,High,82,0,0
cadeau noel maison de retraite,EUR,50,0%,0%,High,100,0,0
cadeau noel pour retraité,EUR,50,0%,0%,High,100,0.000688186,0.003303684
cadeau noel residents ehpad,EUR,50,0%,0%,High,91,0,0
cadeau noel retraite,EUR,50,900%,0%,High,99,0.00086879,0.005092445
cadeau nounou retraite,EUR,50,0%,0%,High,100,0.002050214,0.003979156
cadeau nouveau retraité,EUR,50,0%,0%,High,100,0.001672054,0.008028075
cadeau original depart en retraite,EUR,50,0%,0%,High,100,0,0
cadeau original départ en retraite femme,EUR,50,0%,0%,High,100,0,0
cadeau original départ retraite femme,EUR,50,0%,0%,High,100,0,0
cadeau original départ retraite homme,EUR,50,0%,0%,High,100,0.001187292,0.004179646
cadeau original pour depart en retraite,EUR,50,0%,0%,High,100,0,0
cadeau original pour depart retraite femme,EUR,50,0%,0%,High,100,0,0
cadeau original pour départ retraite femme,EUR,50,0%,0%,High,100,0,0
cadeau original pour retraite,EUR,500,0%,0%,High,100,0.00147841,0.004910537
cadeau papa retraite,EUR,50,0%,0%,High,100,0.001843204,0.006746569
cadeau pension femme,EUR,50,-100%,0%,Unknown,,0,0
cadeau pension homme,EUR,50,-100%,-100%,Unknown,,0,0
cadeau personnalisé départ retraite,EUR,50,-100%,-100%,Unknown,,0,0
cadeau personnel ehpad,EUR,50,0%,0%,High,96,0,0
cadeau pot de départ retraite,EUR,50,0%,0%,High,100,0,0
cadeau pour depart,EUR,500,0%,0%,High,100,0.001226738,0.004723739
cadeau pour depart a la retraite femme,EUR,50,0%,0%,High,100,0.001843856,0.007948205
cadeau pour depart a la retraite homme,EUR,50,0%,0%,High,100,0,0
cadeau pour depart en retraite femme,EUR,500,0%,0%,High,100,0.001255752,0.006941517
cadeau pour depart en retraite homme,EUR,500,0%,0%,High,100,0.001293568,0.005109397
cadeau pour depart retraite femme,EUR,500,0%,0%,High,100,0.001255752,0.006941517
cadeau pour depart retraite homme,EUR,50,0%,0%,High,100,0.002067818,0.004196924
cadeau pour départ à la retraite,EUR,5000,0%,0%,High,100,0.001367896,0.005676637
cadeau pour départ à la retraite homme,EUR,50,0%,0%,High,100,0,0
cadeau pour femme retraitée,EUR,50,0%,0%,High,100,0.00118175,0.004810781
cadeau pour futur retraité,EUR,50,0%,0%,High,100,0.001084276,0.00400328
cadeau pour grand mere en maison de retraite,EUR,50,0%,0%,High,100,0.0010106,0.002828376
cadeau pour homme retraite,EUR,5000,0%,0%,High,100,0.001100576,0.004406542
cadeau pour mamie en maison de retraite,EUR,50,0%,0%,High,100,0.001159908,0.002975402
cadeau pour medecin a la retraite,EUR,50,0%,0%,High,100,0.001015816,0.008284311
cadeau pour nouveau retraité,EUR,50,0%,0%,High,100,0.003935798,0.012098511
cadeau pour personne en maison de retraite,EUR,50,0%,0%,High,100,0.00075306,0.002707756
cadeau pour personnel maison de retraite,EUR,50,0%,0%,High,69,0,0
cadeau pour retraite docteur,EUR,50,-100%,0%,Unknown,,0,0
cadeau pour retraite papa,EUR,50,0%,0%,High,95,0,0
cadeau pour retraité femme,EUR,5000,0%,0%,High,100,0.001239126,0.006248441
cadeau pour un depart,EUR,500,0%,0%,High,100,0.001226738,0.004723739
cadeau pour un depart en retraite,EUR,5000,0%,0%,High,100,0.001367896,0.005676637
cadeau pour un départ en retraite femme,EUR,500,0%,0%,High,100,0.001255752,0.006941517
cadeau pour un départ à la retraite,EUR,5000,0%,0%,High,100,0.001367896,0.005676637
cadeau pour un jeune retraité,EUR,50,0%,0%,High,100,0.00074654,0.003357474
cadeau pour un medecin qui part en retraite,EUR,50,0%,0%,High,100,0.00128607,0.003386488
cadeau pour une maitresse qui part en retraite,EUR,50,0%,0%,High,100,0,0
cadeau pour une retraite homme,EUR,50,0%,0%,High,100,0,0
cadeau préretraite,EUR,50,0%,0%,High,100,0.001101228,0.003849734
cadeau resident ehpad,EUR,50,0%,0%,Low,13,0,0
cadeau retraite atsem,EUR,50,0%,0%,High,100,0.00138224,0.005164491
cadeau retraite collègue,EUR,50,0%,0%,High,100,0.001151758,0.003703034
cadeau retraite diy,EUR,50,0%,0%,High,100,0,0
cadeau retraite femme amazon,EUR,50,0%,0%,High,99,0.000765774,0.003154702
cadeau retraite homme amazon,EUR,50,0%,0%,High,100,0.000761862,0.002581594
cadeau retraite homme original,EUR,500,0%,0%,High,99,0.001185336,0.004581929
cadeau retraite homme sportif,EUR,50,0%,0%,High,100,0.000498128,0.003112974
cadeau retraite humoristique,EUR,50,0%,0%,High,100,0,0
cadeau retraite institutrice,EUR,50,-100%,0%,Unknown,,0,0
cadeau retraite medecin,EUR,50,0%,-90%,High,99,0.001015816,0.00385332
cadeau retraite original,EUR,500,0%,0%,High,100,0.00147841,0.004910537
cadeau retraite papa,EUR,50,0%,0%,High,100,0.001555672,0.004531074
cadeau retraite parents,EUR,50,0%,0%,High,100,0,0
cadeau retraite patron,EUR,50,0%,0%,High,100,0,0
cadeau retraite rigolo,EUR,50,0%,0%,High,100,0.001146216,0.003963834
cadeau retraite voyage,EUR,50,0%,0%,High,100,0,0
cadeau retraites,EUR,5000,0%,0%,High,100,0.00122413,0.004936943
cadeau rigolo pour depart en retraite,EUR,50,0%,0%,High,100,0,0
cadeau rigolo pour retraite,EUR,50,0%,0%,High,100,0.001146216,0.003963834
cadeau senior ehpad,EUR,50,0%,0%,High,100,0.001100576,0.003703686
cadeaux de retraite pour homme,EUR,500,0%,0%,High,100,0.0010432,0.004063916
cadeaux personnes agées maison retraite,EUR,50,0%,0%,High,100,0.00111492,0.004487064
cadeaux pour une retraite,EUR,5000,0%,0%,High,100,0.00122413,0.004936943
cadeaux résidents ehpad,EUR,50,0%,0%,Low,18,0,0
cadeaux seniors maison de retraite,EUR,50,0%,0%,High,100,0.001276616,0.011203641
cheque cadeau retraite,EUR,50,0%,0%,High,94,0.005785195,0.033087366
coffret cadeau depart retraite,EUR,50,0%,0%,High,99,0.00154035,0.010645529
coffret cadeau ehpad,EUR,50,0%,0%,High,100,0.001973278,0.014721832
coffret cadeau homme retraite,EUR,50,0%,0%,High,100,0,0
coffret retraite,EUR,50,0%,0%,High,100,0.001585012,0.006804597
depart a la retraite cadeau,EUR,500,0%,0%,High,100,0.001537742,0.004868157
depart en retraite idee,EUR,50,-100%,-100%,Unknown,,0,0
départ en retraite original,EUR,50,0%,0%,High,100,0,0
départ à la retraite cadeau,EUR,5000,0%,0%,High,100,0.001367896,0.005676637
idee cadeau de retraite,EUR,50,0%,0%,High,100,0.000993322,0.003403114
idee cadeau de résident ehpad,EUR,50,0%,0%,Unknown,,0,0
idee cadeau depart a la retraite homme,EUR,50,0%,0%,High,100,0,0
idee cadeau depart en retraite,EUR,500,0%,0%,High,100,0.001403104,0.006857735
idee cadeau depart en retraite homme,EUR,50,0%,0%,High,100,0,0
idee cadeau depart retraite atsem,EUR,50,0%,0%,High,100,0,0
idee cadeau depart retraite collegue homme,EUR,50,0%,0%,High,100,0,0
idee cadeau depart retraite femme,EUR,50,0%,0%,High,100,0.001122418,0.005971015
idee cadeau depart retraite homme,EUR,50,0%,0%,High,100,0.001385826,0.0044988
idee cadeau départ,EUR,500,0%,-90%,High,100,0.00110188,0.004676143
idee cadeau départ à la retraite,EUR,500,0%,0%,High,100,0.001403104,0.006857735
idee cadeau femme depart retraite,EUR,500,0%,0%,High,100,0.001153388,0.005703695
idee cadeau homme a la retraite,EUR,50,0%,0%,High,100,0.001093404,0.0028525
idee cadeau homme depart retraite,EUR,50,900%,0%,High,100,0.001069606,0.005347703
idee cadeau jeune retraité,EUR,50,900%,0%,High,100,0.001473194,0.005744445
idee cadeau maitresse depart retraite,EUR,50,0%,0%,High,100,0,0
idee cadeau maitresse retraite,EUR,50,0%,0%,High,100,0,0
idee cadeau noel couple retraite,EUR,50,0%,0%,High,100,0.001929594,0.005249251
idee cadeau noel retraité,EUR,50,0%,-90%,High,100,0.001185662,0.004876959
idee cadeau papa retraite,EUR,50,0%,0%,High,100,0.001050046,0.006929781
idee cadeau parents retraites,EUR,50,0%,0%,High,100,0.001836684,0.007386833
idee cadeau pour depart a la retraite homme,EUR,50,0%,0%,High,100,0,0
idee cadeau pour depart en retraite homme,EUR,50,0%,0%,High,100,0,0
idee cadeau pour depart retraite,EUR,500,0%,0%,High,100,0.001403104,0.006857735
idee cadeau pour depart retraite homme,EUR,50,900%,0%,High,100,0.001069606,0.005347703
idee cadeau pour jeune retraite,EUR,50,0%,0%,High,100,0.001058522,0.003697166
idee cadeau pour un depart,EUR,50,0%,0%,High,100,0.001259012,0.00289977
idee cadeau pour un depart en retraite,EUR,500,0%,0%,High,100,0.001403104,0.006857735
idee cadeau resident ehpad,EUR,50,0%,0%,Medium,45,0,0
idee cadeau retraite couple,EUR,50,0%,0%,High,100,0.00296334,0.010004939
idee cadeau retraite humour,EUR,50,0%,0%,High,100,0.001490146,0.003306944
idee cadeau retraite maitresse,EUR,50,0%,0%,High,100,0,0
idee cadeau retraite prof,EUR,50,0%,-100%,Unknown,,0,0
idee de cadeau de depart,EUR,500,0%,-90%,High,100,0.001073192,0.004878589
idee de cadeau depart en retraite,EUR,50,0%,0%,High,100,0.001619894,0.007924733
idee de cadeau depart retraite,EUR,50,0%,0%,High,100,0.001619894,0.007924733
idee de cadeau pour depart en retraite,EUR,50,0%,0%,High,100,0.001619894,0.007924733
idee de cadeau pour un depart,EUR,500,0%,-90%,High,100,0.001073192,0.004878589
idee de cadeau pour un depart en retraite,EUR,50,0%,0%,High,100,0.001619894,0.007924733
idee depart en retraite,EUR,50,0%,0%,High,100,0,0
idee depart retraite,EUR,50,0%,0%,High,97,0.001291612,0.004571823
idee originale depart retraite,EUR,50,0%,0%,High,100,0,0
idee retraite,EUR,50,0%,0%,High,100,0,0
idee retraite collegue,EUR,50,0%,0%,High,100,0,0
idee surprise depart retraite,EUR,50,0%,0%,High,86,0,0
idees cadeaux depart en retraite femme,EUR,50,0%,0%,High,100,0,0
idees cadeaux pour depart retraite femme,EUR,500,0%,0%,High,100,0.001153388,0.005703695
idees depart retraite,EUR,50,0%,0%,High,100,0,0
idée cadeau couple retraite,EUR,50,900%,0%,High,100,0.00143929,0.006641271
idée cadeau de retraite femme,EUR,50,0%,0%,High,100,0,0
idée cadeau de retraite homme,EUR,50,0%,0%,High,100,0,0
idée cadeau départ,EUR,50,0%,0%,High,100,0.001259012,0.00289977
idée cadeau départ en retraite collègue,EUR,50,0%,0%,High,100,0,0
idée cadeau départ en retraite femme,EUR,50,0%,0%,High,100,0.001122418,0.005971015
idée cadeau départ en retraite homme,EUR,50,0%,0%,High,100,0.001385826,0.0044988
idée cadeau départ retraite collègue,EUR,50,0%,0%,High,100,0,0
idée cadeau départ retraite institutrice,EUR,50,-100%,-100%,Unknown,,0,0
idée cadeau départ retraite maitresse,EUR,50,0%,0%,Unknown,,0,0
idée cadeau départ à la retraite,EUR,500,0%,0%,High,100,0.001403104,0.006857735
idée cadeau départ à la retraite femme,EUR,50,0%,0%,High,98,0.000666018,0.006480227
idée cadeau femme pour la retraite,EUR,50,0%,0%,High,93,0.00057539,0.001999684
idée cadeau femme retraitée,EUR,50,900%,0%,High,100,0.001183706,0.006300601
idée cadeau fête des pères retraite,EUR,50,0%,0%,Unknown,,0,0
idée cadeau grand mère maison de retraite,EUR,50,0%,0%,High,100,0,0
idée cadeau jeune retraité,EUR,50,900%,0%,High,100,0.001473194,0.005744445
idée cadeau maison de retraite,EUR,50,0%,0%,High,100,0,0
idée cadeau original départ en retraite,EUR,50,0%,0%,Unknown,,0,0
idée cadeau pot de départ retraite,EUR,50,0%,0%,High,100,0,0
idée cadeau pour couple de retraité,EUR,50,0%,0%,Unknown,,0,0
idée cadeau pour départ en retraite femme,EUR,500,0%,0%,High,100,0.001153388,0.005703695
idée cadeau pour départ à la retraite,EUR,50,0%,0%,High,100,0,0
idée cadeau pour femme retraitée,EUR,500,0%,0%,High,100,0.001193812,0.005601657
idée cadeau pour futur retraité,EUR,50,0%,0%,High,100,0,0
idée cadeau pour homme retraité,EUR,50,0%,0%,High,100,0,0
idée cadeau pour la retraite,EUR,5000,900%,0%,High,100,0.00135453,0.005421053
idée cadeau pour personne âgée en maison de retraite,EUR,50,900%,0%,High,100,0.001141326,0.004675817
idée cadeau pour résident maison de retraite,EUR,50,0%,0%,High,67,0,0
idée cadeau pour un départ,EUR,50,0%,0%,High,100,0.001259012,0.00289977
idée cadeau pour un départ à la retraite femme,EUR,50,0%,0%,High,100,0,0
idée cadeau pour un retraité,EUR,5000,900%,0%,High,100,0.00135453,0.005421053
idée cadeau retraite enseignant,EUR,50,0%,0%,High,100,0,0
idée cadeau retraite maman,EUR,50,0%,0%,High,100,0,0
idée cadeau retraite papa,EUR,50,0%,0%,High,100,0,0
idée cadeau retraité homme,EUR,500,900%,0%,High,100,0.000896826,0.004794155
idée de cadeau pour départ en retraite homme,EUR,50,0%,0%,High,100,0,0
idée de cadeau pour retraite femme,EUR,50,0%,0%,High,100,0,0
idée de cadeau pour retraite homme,EUR,50,0%,0%,High,100,0.000282642,0.008410147
idée de cadeau retraite,EUR,50,0%,0%,High,100,0.000993322,0.003403114
idée de cadeau retraite femme,EUR,50,0%,0%,High,100,0,0
idée départ retraite collègue,EUR,50,0%,0%,High,99,0,0
idée surprise retraite,EUR,50,0%,0%,High,91,0,0
idées cadeau retraite,EUR,50,0%,-90%,High,100,0.001152084,0.004358946
pot de depart a la retraite original,EUR,50,0%,?,Low,29,0,0
pot de depart en retraite original,EUR,50,0%,0%,Low,18,0,0
pot de départ retraite original,EUR,50,0%,0%,Low,5,0,0
que offrir pour un départ en retraite,EUR,50,0%,?,High,100,0,0
quoi offrir depart en retraite,EUR,50,0%,0%,High,100,0.001377676,0.005401167
quoi offrir depart retraite,EUR,50,0%,0%,High,100,0,0
quoi offrir pour depart retraite,EUR,50,0%,0%,High,98,0,0
quoi offrir pour un depart en retraite,EUR,50,0%,0%,High,100,0.001377676,0.005401167
quoi offrir à un retraité,EUR,50,0%,0%,High,100,0.000779466,0.003563506
retraite cadeau femme,EUR,50,0%,0%,High,100,0.00135453,0.008828731
retraite cadeau humoristique,EUR,50,0%,0%,High,100,0.001183706,0.00270906
souvenir départ retraite,EUR,50,-100%,-100%,Unknown,,0,0
surprise pour depart retraite,EUR,50,0%,0%,High,100,0,0
vidéo hommage décès,EUR,, --, --,Unknown,,0,0
film souvenir voyage,EUR,, --, --,Unknown,,0,0
réunion famille vidéo,EUR,, --, --,Unknown,,0,0
hommage animal décédé,EUR,, --, --,Unknown,,0,0
film souvenir famille,EUR,, --, --,Unknown,,0,0
